temperature_c,humidity,wind_speed_kmh,precipitation,battery_percentage,vehicle_speed_kmh,hvac_usage,terrain_type,battery_age_years,battery_capacity_kwh,epa_range_km,vehicle_weight_kg,range_degradation_pct
-3.8,44,58.4,none,37,114.7,True,flat,8.2,92.6,570.7,1539,37.92
36.6,40,14.8,none,19,79.5,True,hilly,1.5,94.4,571.7,1609,20.07
21.2,26,27.7,snow,21,49.5,False,flat,9.5,62.7,357.5,1932,15.44
11.9,65,53.1,none,26,103.7,True,flat,8.4,53.9,322.7,2446,28.88
-19.1,53,38.6,none,28,71.9,True,flat,9.2,51.5,295.1,1575,60.35
-19.1,88,59.1,rain,32,89.5,True,hilly,2.9,92.9,586.9,2221,63.01
-25.9,13,76.9,rain,33,40.7,True,mountainous,3.4,53.9,359.3,2007,65.0
30.6,68,9.3,none,51,93.2,True,hilly,4.7,71.9,472.3,1776,31.51
12.1,79,56.8,none,56,67.4,True,hilly,2.2,59.9,340.3,1817,28.31
19.6,78,18.4,none,38,63.4,False,hilly,4.7,69.9,420.9,1523,10.4
-28.6,90,33.2,none,92,128.0,True,flat,0.1,60.7,305.0,2200,65.0
37.9,76,2.6,rain,60,73.2,True,hilly,8.8,57.6,388.1,1600,27.13
28.3,94,10.9,snow,81,97.8,False,flat,1.6,65.6,360.4,1535,14.53
-15.1,40,25.6,rain,93,92.8,True,flat,5.0,60.0,352.8,1968,57.82
-17.3,55,27.4,none,25,40.4,True,hilly,9.3,90.4,479.5,1977,58.18
-17.2,11,72.0,rain,49,104.8,True,flat,8.2,74.8,475.7,2155,65.0
-8.7,11,59.3,none,49,62.3,True,flat,7.8,50.6,308.0,2206,46.61
6.7,32,77.8,none,42,109.9,False,hilly,6.1,54.2,310.3,2009,25.96
0.2,19,47.9,none,11,90.8,True,flat,4.4,43.2,262.3,2208,40.38
-9.6,33,19.3,none,83,61.7,True,hilly,4.5,58.0,309.5,1750,37.88
12.8,26,26.2,snow,20,65.6,False,flat,0.9,80.2,525.2,1644,14.27
-20.2,13,25.6,none,100,103.2,True,flat,0.6,51.0,282.0,2431,62.09
-9.5,92,26.1,none,80,85.0,True,flat,8.4,46.0,286.3,1873,46.57
-4.4,11,53.8,none,62,96.8,True,flat,4.1,59.3,402.9,1590,34.15
1.9,76,42.5,rain,24,45.8,True,flat,0.5,76.8,389.7,2327,22.22
25.0,24,30.8,none,56,108.7,False,flat,6.6,68.4,394.8,2113,10.98
-16.0,92,11.9,none,33,62.0,True,flat,6.8,59.9,315.8,2092,49.77
6.0,90,1.8,rain,33,92.0,True,flat,2.3,93.0,633.9,1633,32.16
11.5,69,17.5,none,85,41.5,True,flat,4.1,68.1,389.6,2257,17.19
-26.7,71,8.6,none,44,62.1,True,flat,5.7,67.3,365.2,1704,65.0
12.5,10,62.8,none,51,94.9,True,hilly,6.0,41.9,266.2,1542,31.99
-18.1,99,9.0,none,86,57.4,True,flat,5.1,78.4,476.9,1661,55.8
-25.4,89,57.9,snow,18,118.0,True,hilly,3.6,67.6,448.2,2201,65.0
36.4,91,30.9,none,64,96.1,True,flat,0.7,48.7,316.9,2291,20.66
37.6,69,5.9,snow,62,117.0,True,mountainous,0.2,54.6,379.6,1747,41.7
26.6,41,65.0,none,48,69.5,False,flat,4.6,52.1,270.2,1815,8.11
-8.7,90,46.4,snow,85,33.4,True,hilly,2.0,47.3,244.2,1663,55.54
-23.2,36,18.9,none,95,87.6,True,flat,9.4,66.1,450.7,1953,65.0
17.9,61,71.6,none,52,63.9,False,mountainous,6.4,61.8,427.1,1720,28.24
0.8,19,3.6,none,51,74.8,True,hilly,5.9,61.6,358.1,2484,37.51
-21.5,93,16.1,none,55,98.1,True,flat,4.1,55.1,325.7,2267,65.0
4.7,23,60.2,none,75,100.1,True,flat,3.3,66.2,379.7,2097,25.44
-27.6,30,56.8,none,70,32.8,True,flat,1.8,72.9,477.6,2221,65.0
33.7,60,23.1,none,30,106.9,True,flat,0.6,76.7,501.7,1667,14.64
-11.9,79,5.0,none,16,79.4,True,flat,6.3,53.2,289.4,2244,51.8
16.4,66,68.6,none,95,85.7,False,flat,7.8,83.7,482.6,1846,17.64
-8.2,31,25.1,none,33,59.8,True,flat,8.6,41.6,225.8,1970,41.84
6.4,10,15.7,rain,67,72.1,True,flat,7.2,85.0,433.1,2385,25.29
8.3,78,41.3,none,85,101.0,True,hilly,9.0,57.0,291.3,2444,34.84
-17.1,99,72.8,snow,37,107.7,True,flat,9.8,62.2,329.3,2269,65.0
37.9,83,3.5,none,67,68.7,True,flat,9.6,74.8,378.7,2268,17.23
24.3,51,61.3,snow,20,99.1,False,flat,5.9,76.6,448.0,2245,19.73
35.8,91,45.8,none,97,55.8,True,flat,2.2,65.3,334.7,2126,9.2
32.6,47,34.0,snow,15,113.2,True,flat,1.1,96.3,644.5,1696,29.63
11.9,57,59.5,none,49,91.0,True,flat,9.9,91.5,587.8,2088,27.56
34.5,53,77.3,rain,58,107.5,True,flat,3.1,53.5,351.4,1557,24.59
-23.8,50,18.3,rain,81,77.7,True,flat,0.3,75.3,469.7,1531,65.0
-16.3,80,11.5,none,21,52.9,True,hilly,3.9,83.3,526.8,2338,61.21
-26.8,57,73.0,none,50,72.9,True,mountainous,7.5,53.0,277.1,2041,65.0
-7.2,39,53.5,rain,37,68.1,True,hilly,8.9,41.1,210.3,1516,44.94
-2.8,33,35.0,none,38,63.3,True,flat,4.8,98.5,687.6,1773,39.29
-11.0,13,45.9,none,80,51.2,True,flat,2.9,97.5,560.2,2183,41.37
28.0,62,59.6,none,10,105.9,False,hilly,7.8,59.2,302.2,2439,19.76
-5.0,31,61.8,none,77,38.6,True,mountainous,5.0,54.3,289.1,2344,52.96
-10.3,23,73.6,rain,83,118.8,True,flat,0.9,49.3,332.5,1945,48.23
8.0,69,34.1,none,91,47.5,True,hilly,8.9,81.2,439.6,1786,29.51
-20.1,71,23.5,none,66,128.0,True,hilly,6.6,85.3,506.3,1810,65.0
26.2,78,51.2,none,40,128.8,False,mountainous,0.4,65.2,413.2,2234,24.82
-24.8,55,33.3,none,48,69.8,True,flat,0.1,54.6,378.3,2304,65.0
39.1,90,47.6,snow,97,128.8,False,flat,0.9,66.9,336.5,1865,18.85
24.1,94,33.6,none,89,116.9,False,flat,8.2,71.0,424.1,2123,16.95
-16.1,83,12.2,none,52,38.2,True,hilly,4.8,72.6,507.7,2246,62.71
-29.6,67,37.6,none,95,124.7,True,hilly,3.4,66.6,349.2,2346,65.0
27.1,37,55.3,rain,84,34.3,False,mountainous,2.5,40.2,211.1,2141,24.54
19.5,98,63.9,none,91,48.2,False,hilly,5.1,68.3,353.4,2364,12.82
21.0,35,39.5,none,71,88.5,False,flat,0.8,60.8,366.0,1782,8.8
24.0,28,13.2,none,87,38.1,False,flat,6.2,73.4,418.1,2199,3.2
-24.8,50,33.2,none,90,46.2,True,flat,3.8,44.2,284.1,1902,65.0
-4.9,15,62.9,none,18,125.3,True,mountainous,8.6,92.8,569.7,2429,58.31
-21.9,98,33.0,none,97,129.5,True,flat,7.5,92.5,570.1,1719,65.0
30.4,63,55.7,rain,40,109.8,True,hilly,0.2,73.8,444.7,2287,26.89
13.6,60,40.6,snow,50,81.5,True,flat,1.7,84.2,588.3,2432,23.87
-6.8,69,19.3,rain,81,120.0,True,hilly,4.7,66.3,402.8,2182,45.88
-25.6,55,63.7,none,70,41.2,True,flat,6.6,75.4,388.0,2289,65.0
-8.2,13,6.7,none,90,124.3,False,hilly,7.2,77.1,435.0,2386,43.67
-7.2,65,42.0,none,46,65.2,True,hilly,8.2,61.2,401.8,1810,39.81
21.1,74,16.7,rain,44,116.1,False,flat,0.5,97.7,611.0,1625,8.73
14.6,48,5.4,none,13,96.8,True,flat,0.2,76.2,485.0,2437,21.98
32.1,78,40.2,snow,52,126.0,True,mountainous,6.0,99.4,680.5,1538,48.74
3.1,30,40.0,none,75,116.5,True,flat,7.2,65.9,388.2,1985,36.31
-21.6,30,56.6,rain,37,118.8,True,flat,7.9,41.9,211.3,1822,65.0
19.9,25,59.6,none,52,93.2,False,flat,1.6,58.1,405.9,2055,10.38
23.3,43,58.2,none,30,113.3,False,hilly,9.7,79.0,467.1,2489,23.11
9.3,86,32.8,none,80,105.7,True,flat,2.3,94.6,491.6,1546,21.31
24.0,85,50.5,snow,15,46.2,True,flat,2.5,76.9,468.9,2270,19.73
4.6,44,46.2,snow,73,94.9,True,flat,1.5,68.3,422.2,1525,29.12
6.6,63,33.7,rain,44,44.8,True,mountainous,0.4,44.8,274.8,1761,37.59
-0.1,75,47.8,none,14,116.9,True,flat,8.1,48.7,337.4,2206,33.57
-28.2,32,75.8,rain,87,36.6,True,flat,0.1,43.2,243.7,1775,65.0
-22.4,25,15.4,none,54,128.7,False,flat,4.6,82.7,419.1,2111,58.9
-27.8,97,72.5,none,64,70.1,True,flat,0.9,89.9,614.6,2467,65.0
14.5,66,4.3,none,76,47.1,True,flat,0.4,49.9,268.4,2375,11.21
-8.0,98,24.7,none,69,123.6,True,hilly,9.3,59.5,386.8,2336,45.21
5.6,40,23.1,none,76,34.5,True,hilly,8.3,68.7,371.8,1694,27.28
33.5,73,50.1,rain,79,77.0,True,flat,3.9,48.6,323.4,1772,22.84
-12.5,30,10.5,none,63,107.0,False,flat,4.6,65.0,442.6,2288,40.02
-1.3,34,70.6,none,43,61.7,True,flat,8.7,98.0,510.7,2230,40.55
22.9,56,66.3,none,32,82.9,False,flat,8.0,83.1,440.2,1791,12.72
-14.0,39,52.2,none,91,100.0,True,hilly,6.9,50.0,342.6,1929,61.98
-24.6,25,36.7,none,97,125.2,True,flat,5.4,45.9,300.4,2149,65.0
-9.7,34,74.6,none,42,40.3,True,flat,6.1,66.7,338.7,2026,37.29
-18.7,13,66.5,none,20,45.7,True,flat,3.9,99.3,532.6,1956,56.13
35.1,73,39.9,none,30,80.9,True,flat,5.3,87.6,510.2,1600,19.42
26.6,54,56.1,none,70,71.8,False,flat,5.4,57.6,387.5,1935,4.68
14.3,18,45.4,none,26,71.1,False,flat,8.6,41.6,220.4,2492,12.69
31.0,25,47.0,none,80,59.7,True,hilly,2.2,64.7,417.1,1842,18.85
26.3,19,26.5,none,93,86.1,True,flat,2.5,49.6,256.5,2194,15.58
-16.9,65,37.0,none,97,118.3,True,hilly,2.1,50.8,301.6,2006,65.0
32.5,18,6.2,none,11,46.1,True,flat,5.8,49.7,321.2,2295,16.96
7.8,78,28.6,none,96,51.5,False,hilly,7.0,83.2,426.6,2248,20.31
26.5,12,55.7,none,77,97.1,False,flat,2.4,42.2,228.0,2444,8.36
32.7,32,76.3,none,18,35.6,True,flat,6.8,73.9,486.4,2151,15.14
-7.7,90,77.0,rain,47,97.4,True,flat,6.3,85.2,453.6,2448,50.05
-22.3,75,44.5,none,73,61.4,True,flat,3.2,49.4,312.9,1542,60.08
-14.0,17,48.5,rain,96,65.8,True,flat,2.3,93.6,588.1,1907,47.26
-0.1,84,14.9,rain,25,70.6,True,flat,8.8,44.7,270.0,2175,38.5
27.3,54,55.6,rain,21,65.0,False,flat,5.7,81.0,437.5,1980,12.11
30.3,86,5.7,none,53,114.1,False,hilly,7.0,50.3,293.5,2432,17.84
-29.5,64,22.8,rain,97,124.6,True,flat,9.3,88.4,551.7,1641,65.0
5.8,71,53.5,none,97,84.8,True,flat,2.1,74.3,502.4,1980,27.93
-0.8,99,24.8,none,31,88.2,True,flat,3.5,75.4,497.0,2356,34.85
-14.5,31,4.0,none,39,37.0,True,flat,4.3,60.8,377.6,2257,41.23
-21.6,66,66.5,snow,92,101.3,True,mountainous,2.3,57.0,311.0,2291,65.0
-6.4,51,24.8,none,76,88.4,True,flat,8.4,67.8,368.4,1962,45.85
36.0,14,5.0,snow,98,35.0,True,flat,0.8,85.5,566.4,1838,18.22
-7.4,11,6.0,none,90,49.8,True,flat,2.4,50.1,317.0,2006,31.7
6.3,21,20.1,snow,29,50.2,True,hilly,1.9,89.0,508.6,1701,29.71
19.2,68,14.2,snow,78,47.1,False,flat,9.5,68.8,477.6,2141,17.61
-4.5,61,61.9,snow,14,95.9,True,hilly,6.3,67.1,455.1,2286,49.97
38.0,60,25.7,none,84,122.8,False,mountainous,7.2,41.0,260.0,1572,26.52
37.4,13,64.4,rain,64,106.3,True,hilly,1.1,47.5,272.3,2099,21.59
-12.4,52,13.9,snow,96,77.7,True,hilly,1.9,65.9,370.3,2075,56.97
4.8,93,39.4,none,96,70.4,True,hilly,8.1,98.9,680.2,1764,30.67
-8.9,46,55.0,none,15,68.6,True,flat,5.7,55.0,323.8,2495,41.38
-10.1,66,52.2,rain,24,90.1,False,flat,0.5,40.6,268.1,2000,34.35
-27.4,80,48.1,none,54,65.9,True,hilly,5.7,66.2,455.1,2388,65.0
12.7,81,74.0,rain,89,52.6,True,flat,4.8,41.0,245.1,1690,25.92
5.2,57,18.3,none,83,90.3,True,hilly,1.5,60.2,379.5,2249,31.43
-26.4,87,39.5,none,97,69.1,True,flat,5.9,61.2,316.8,1579,65.0
-10.5,45,70.7,none,66,31.4,True,flat,1.7,40.1,253.1,1568,35.52
33.6,90,6.2,none,33,32.2,True,hilly,8.1,86.8,471.2,1692,20.47
-13.2,32,4.5,none,12,57.4,True,flat,6.2,94.8,600.9,2237,41.28
-19.9,35,18.7,rain,30,81.2,True,hilly,8.7,99.9,519.8,2497,65.0
4.3,15,50.6,none,71,65.4,True,mountainous,4.2,70.5,422.5,2311,37.44
39.0,82,20.8,rain,93,32.4,True,hilly,5.1,58.4,352.8,1925,13.97
-13.1,48,15.2,rain,39,52.3,True,flat,7.6,83.0,495.6,2144,53.82
17.0,31,36.7,none,89,39.6,False,hilly,5.5,84.2,548.4,1975,9.05
23.3,31,49.1,none,46,124.9,False,flat,5.7,62.8,408.5,1747,12.07
-13.4,91,19.9,none,38,61.3,True,flat,5.5,73.9,474.1,2116,50.55
21.0,85,24.1,none,56,31.5,False,flat,4.9,89.3,559.3,2030,7.61
-4.3,60,49.1,none,50,96.1,True,flat,8.1,51.4,349.6,2038,45.06
14.3,65,75.7,none,92,53.2,False,flat,4.9,41.2,253.6,1563,9.75
14.3,53,54.0,snow,52,86.7,True,flat,9.0,72.4,412.3,1621,33.98
7.5,45,62.6,none,35,45.1,True,mountainous,8.1,79.9,408.8,2000,39.21
-23.7,92,29.3,none,86,128.4,True,hilly,6.9,74.5,452.3,1859,65.0
28.5,21,21.8,snow,100,127.0,False,hilly,9.0,75.8,413.4,1925,30.14
-7.5,48,36.3,rain,68,95.6,True,flat,5.4,63.6,367.1,1890,46.63
-16.9,41,64.6,rain,33,100.7,False,flat,8.2,79.1,403.3,2211,53.83
-27.1,55,36.5,rain,31,72.6,True,flat,2.4,42.6,267.4,1679,65.0
11.4,51,67.7,none,15,126.2,True,hilly,0.7,49.1,332.4,2442,32.59
17.4,57,79.1,rain,17,72.4,False,mountainous,6.9,66.7,376.8,1970,29.67
-28.8,23,5.8,snow,92,53.9,True,hilly,3.0,96.6,638.4,1840,65.0
5.8,56,3.6,none,19,41.5,True,hilly,6.3,78.7,413.2,1521,32.48
-14.1,32,12.0,none,54,50.8,True,flat,0.8,61.3,395.3,1855,45.69
15.2,27,30.7,none,73,87.2,False,flat,9.6,67.5,348.2,2126,12.94
-17.8,16,10.5,none,87,54.5,True,flat,5.2,90.7,500.6,2297,49.43
18.4,79,69.7,none,25,95.4,False,flat,0.1,72.5,415.0,2232,4.35
-2.9,48,1.9,none,49,68.2,True,hilly,4.8,42.9,227.8,2073,33.01
35.6,66,25.3,none,33,118.7,True,mountainous,7.9,65.0,349.0,1936,36.86
-20.4,75,14.8,none,33,85.8,True,flat,8.7,63.3,404.9,2025,65.0
-6.1,71,74.5,none,37,92.3,True,hilly,4.6,94.0,488.0,2462,48.58
-22.1,52,53.6,rain,63,85.7,True,flat,1.3,58.3,400.6,2466,64.71
34.7,45,73.0,none,11,118.6,False,hilly,9.1,43.9,286.8,2303,22.57
31.4,44,77.8,none,47,36.3,True,flat,9.8,61.3,350.2,1667,17.33
-11.9,68,39.8,none,27,36.7,True,flat,0.6,42.6,266.8,2434,40.67
16.2,55,18.7,none,97,100.2,False,hilly,0.8,89.9,579.1,2148,16.47
27.2,86,15.5,none,62,106.8,False,flat,5.7,75.4,466.7,1978,12.46
8.9,89,17.8,none,88,73.4,False,flat,5.3,68.2,425.1,2061,13.75
7.1,25,56.7,rain,28,65.2,True,hilly,5.9,61.6,420.8,1976,40.41
-13.1,22,3.2,none,83,57.8,True,flat,3.2,65.1,439.9,1978,44.6
-23.5,67,4.1,none,47,53.4,True,hilly,0.5,87.3,595.8,1931,65.0
32.8,37,48.7,none,26,121.2,True,hilly,5.8,50.8,343.9,2396,29.32
33.0,12,51.4,none,79,59.5,True,flat,1.5,44.3,282.1,1956,13.75
14.3,90,53.2,rain,79,94.8,True,flat,3.4,73.7,441.0,1720,28.85
-6.3,30,29.8,none,100,108.7,True,flat,5.8,91.5,546.9,1729,45.23
-5.6,94,64.5,rain,80,32.2,True,flat,2.1,73.7,482.5,1632,36.15
20.8,75,42.7,none,23,33.4,False,flat,5.4,87.8,601.0,2054,8.54
32.8,79,8.4,rain,39,63.3,True,flat,7.1,93.6,484.3,1825,21.48
32.1,28,63.8,rain,51,99.6,True,hilly,0.7,44.6,301.3,2077,28.29
24.6,31,76.2,rain,21,56.1,False,flat,6.2,75.4,504.8,2431,14.16
14.9,57,4.8,snow,81,30.1,True,flat,5.1,90.0,465.6,2456,27.15
-24.1,25,31.3,none,57,58.8,True,hilly,1.0,78.6,496.3,1806,65.0
-18.7,37,39.0,snow,95,39.0,True,hilly,7.1,75.5,524.2,1720,65.0
32.9,39,11.7,none,63,51.9,True,mountainous,3.1,87.3,585.1,1555,27.68
12.5,24,69.4,rain,57,63.3,True,hilly,1.8,82.4,422.5,1773,25.56
-29.4,28,22.7,none,16,42.8,True,flat,2.8,70.1,480.2,2006,65.0
-22.9,81,62.6,none,23,100.6,True,mountainous,5.5,42.6,228.0,2103,65.0
16.4,25,53.7,rain,86,55.6,True,flat,5.8,76.8,395.1,1598,16.25
-29.6,13,47.8,none,99,96.1,True,hilly,1.7,52.8,288.0,1745,65.0
-18.7,67,15.4,none,47,89.9,True,flat,9.4,55.2,329.6,1542,59.36
8.4,98,17.7,rain,83,119.8,True,flat,3.3,80.8,535.6,2276,28.15
18.4,40,3.8,none,66,38.8,False,hilly,2.7,67.2,371.8,1770,8.71
15.6,21,19.3,none,96,51.5,False,flat,1.9,83.0,479.8,2069,6.45
-14.3,61,27.6,none,31,116.5,False,flat,1.2,63.6,335.7,1960,36.47
19.9,92,66.7,none,59,112.2,False,hilly,9.8,92.2,514.8,1977,22.1
-13.4,81,29.3,none,47,49.2,True,flat,6.7,65.6,446.5,2166,46.79
-7.2,66,60.4,none,59,40.8,True,flat,7.9,69.6,443.0,1910,42.89
22.3,38,35.2,none,34,115.6,True,flat,4.0,47.6,302.0,1750,20.25
15.5,59,62.8,none,55,47.8,False,hilly,4.1,70.2,386.2,1910,10.99
29.4,18,78.1,none,66,117.1,False,flat,9.9,54.4,287.8,2324,17.91
16.0,71,19.2,rain,17,126.1,False,flat,2.0,85.8,581.1,2062,8.59
9.8,75,69.0,none,77,52.1,True,flat,3.3,82.8,570.6,2477,27.51
-23.4,97,49.7,rain,74,114.0,False,flat,2.0,41.0,209.1,2285,64.12
-4.3,33,65.4,none,89,72.4,True,flat,2.8,69.6,422.0,2326,35.57
-11.4,12,52.1,none,48,108.9,True,hilly,6.6,42.7,251.2,2283,52.13
-12.9,59,33.9,none,16,70.7,True,flat,3.1,74.2,480.3,1942,44.69
38.1,74,18.2,rain,52,37.0,True,flat,8.8,94.1,527.3,2304,25.34
-2.5,81,5.6,rain,22,101.3,True,flat,0.5,92.0,574.4,2131,39.95
32.4,27,42.8,rain,68,45.1,True,hilly,3.5,54.6,282.2,1726,24.96
14.2,34,79.2,none,14,122.7,False,hilly,8.6,48.4,321.7,1595,27.09
25.6,56,59.0,rain,44,71.8,False,flat,6.2,87.5,479.1,1999,13.66
5.2,40,26.2,none,17,38.2,True,flat,7.7,72.8,409.5,2083,22.28
10.4,87,66.2,rain,10,52.8,True,hilly,3.2,65.4,376.6,1849,23.24
4.5,53,61.5,none,96,116.3,True,hilly,3.7,88.6,479.8,2130,34.23
-16.3,82,22.5,none,100,62.1,True,flat,8.9,55.2,365.0,1651,61.01
20.6,62,1.1,none,60,115.6,False,hilly,7.5,53.5,274.7,2306,16.87
-10.3,80,9.5,none,32,47.2,True,hilly,3.8,76.7,526.8,1901,40.03
-28.3,40,70.2,none,92,76.8,True,flat,2.2,56.4,386.7,2226,65.0
15.2,85,66.9,none,93,117.8,False,flat,1.1,65.6,436.6,2353,10.96
-17.6,35,23.6,none,87,34.8,True,flat,8.6,67.3,464.6,1739,57.05
35.8,59,22.8,snow,59,60.4,True,mountainous,7.0,52.3,341.1,2045,40.65
36.8,29,63.4,none,17,121.0,True,hilly,6.1,43.7,267.7,1625,26.95
34.0,53,75.0,rain,18,89.7,True,flat,7.8,86.0,554.1,1543,24.7
-4.1,39,62.3,snow,91,101.6,True,flat,9.1,87.0,435.8,1540,46.72
-28.9,34,48.4,snow,89,114.2,True,flat,7.6,75.9,483.6,2450,65.0
35.0,97,19.4,rain,49,82.4,True,flat,4.2,48.9,248.7,1545,22.03
-0.0,24,42.1,rain,40,114.5,True,flat,1.8,68.6,464.6,2103,36.06
37.7,81,18.7,none,68,93.9,False,flat,7.1,50.7,344.2,1557,9.92
37.5,99,64.6,none,83,98.6,True,flat,2.5,92.9,485.6,2215,22.49
29.7,12,31.0,none,76,45.3,False,flat,7.8,81.8,520.4,1989,9.56
-9.4,73,66.7,none,65,123.9,True,hilly,3.4,41.9,265.4,1708,52.96
-3.0,33,30.5,none,31,109.6,True,hilly,1.6,40.1,240.4,2103,42.8
29.6,14,65.9,none,34,55.4,False,hilly,2.5,99.0,500.1,1834,13.47
-7.8,46,26.7,none,75,88.0,True,hilly,2.7,42.4,221.6,1652,49.18
-18.1,94,35.2,rain,82,67.6,True,flat,3.8,92.0,581.0,2240,57.41
9.0,11,49.2,none,20,96.0,False,flat,2.6,97.3,589.9,1882,18.9
35.5,63,5.6,none,27,129.4,True,flat,2.3,58.5,297.8,1969,23.5
18.7,55,75.9,none,71,34.6,False,flat,3.9,72.4,437.0,1539,6.0
9.9,89,45.9,none,45,125.3,True,hilly,8.7,78.8,528.1,2064,30.11
-23.2,18,40.6,snow,61,37.2,True,flat,0.7,71.2,483.0,2014,65.0
13.1,71,67.2,none,65,76.1,True,flat,3.0,52.8,337.7,2248,20.33
39.3,71,69.3,none,80,78.2,True,flat,5.6,74.9,473.6,1978,16.58
-20.2,70,41.8,none,83,56.9,True,flat,8.7,55.5,363.0,2344,63.55
6.3,95,74.2,none,35,86.7,True,flat,2.8,49.9,262.8,1848,24.03
31.4,84,5.2,none,59,113.4,True,flat,3.5,70.3,378.4,2247,20.79
21.9,14,9.1,none,21,59.4,False,flat,8.0,62.3,372.1,1742,7.92
18.8,52,47.7,none,86,37.0,False,flat,3.7,41.6,245.8,2363,5.33
19.2,46,28.3,none,86,93.2,True,flat,8.5,97.0,520.7,1852,23.52
-4.8,38,37.1,rain,37,105.2,False,hilly,4.6,42.4,269.3,2236,37.23
-9.4,51,26.2,none,24,125.5,True,flat,5.7,94.2,610.5,2304,45.35
26.7,45,32.4,none,16,46.0,False,hilly,5.6,51.4,284.8,1664,10.37
26.7,49,65.8,none,62,120.1,False,flat,1.2,48.5,272.9,2301,11.34
30.7,98,47.5,none,18,78.2,True,flat,3.5,44.1,243.5,1790,15.0
33.9,18,79.8,snow,71,53.6,True,flat,2.4,65.5,364.2,2095,20.72
5.8,93,63.0,none,71,126.3,True,mountainous,6.8,75.2,430.9,2022,54.4
5.1,53,21.9,snow,65,53.8,True,flat,9.3,94.2,554.2,2086,34.78
25.9,66,21.1,none,89,103.3,False,hilly,2.1,87.0,519.4,2289,17.09
15.5,85,26.9,rain,44,108.5,False,hilly,0.9,49.6,296.0,2331,15.73
19.1,42,67.5,none,91,73.1,False,flat,5.1,50.1,312.1,1751,10.46
25.7,49,2.2,none,13,99.0,False,flat,3.9,40.5,230.3,1689,7.78
32.3,47,18.4,none,20,87.2,True,hilly,0.4,81.3,488.2,1584,18.71
-6.3,44,72.4,none,47,49.2,True,flat,9.2,41.0,246.8,2206,39.89
-3.7,93,51.2,none,63,106.0,False,flat,9.4,48.3,250.9,1976,34.64
-23.4,85,18.1,none,13,122.8,True,hilly,8.5,78.1,488.6,1649,65.0
10.5,20,17.5,rain,61,78.9,True,hilly,2.8,49.0,272.3,1983,25.73
-27.5,20,69.0,none,38,129.4,True,hilly,1.2,49.2,250.6,2485,65.0
2.6,49,71.5,none,90,72.8,True,flat,5.9,54.0,340.1,2058,35.32
8.0,19,20.5,rain,58,78.0,True,flat,2.8,63.1,321.7,2372,21.49
-9.9,66,33.6,none,63,97.4,True,flat,2.0,40.5,238.1,1588,42.59
11.4,23,66.8,rain,95,48.6,True,flat,6.4,84.8,529.1,2402,22.92
-27.9,57,61.7,none,79,120.2,True,flat,7.5,86.4,604.8,2058,65.0
-27.4,11,65.1,none,49,110.1,True,flat,5.3,62.0,373.9,2040,65.0
27.6,38,41.5,none,53,117.2,False,flat,3.2,87.9,495.4,1638,11.26
-4.8,71,72.9,snow,68,91.0,False,hilly,5.1,57.1,341.6,1957,45.78
-21.1,54,26.1,rain,28,118.4,False,flat,6.0,99.1,534.5,1985,60.9
6.6,98,12.5,snow,18,98.0,True,flat,0.5,63.9,375.3,1640,31.71
23.9,89,56.7,none,38,81.2,False,hilly,4.4,80.1,540.6,1836,12.97
-14.9,42,43.1,rain,80,123.2,True,flat,6.0,59.3,312.9,2379,61.49
13.6,14,68.4,none,33,74.0,True,flat,1.3,67.0,406.3,1533,20.37
-24.0,86,6.5,none,22,80.1,True,flat,4.5,78.7,491.2,2024,65.0
-26.4,92,67.5,rain,30,47.0,True,hilly,3.5,60.9,342.4,2282,65.0
7.2,84,23.5,none,71,124.8,True,flat,8.7,79.4,513.8,2468,31.38
7.8,22,52.4,none,65,52.1,True,flat,4.9,48.8,308.5,2158,25.2
14.6,100,3.2,none,72,50.1,True,mountainous,4.3,69.0,409.2,1540,31.3
20.8,33,48.8,rain,39,40.1,False,hilly,2.4,56.4,354.0,2219,11.79
38.3,75,57.4,none,91,75.3,True,hilly,9.6,95.2,636.0,2229,30.51
6.1,92,29.5,none,51,57.4,True,flat,9.6,89.5,554.9,2037,34.77
-7.4,31,17.2,snow,56,104.1,True,flat,3.7,69.2,425.0,1878,51.76
25.7,92,43.0,none,95,60.8,False,mountainous,9.3,67.2,419.7,1940,24.87
-11.0,38,66.7,none,98,102.1,False,flat,6.2,90.0,571.9,2445,39.35
0.7,98,25.9,none,70,49.6,True,flat,7.8,81.4,472.8,2387,29.19
-24.5,35,20.2,rain,95,53.0,True,mountainous,0.9,81.0,540.6,1784,65.0
-28.2,96,22.3,none,59,110.6,True,flat,0.2,72.9,499.2,1574,65.0
37.4,15,75.9,none,38,67.1,True,flat,5.1,91.7,572.8,2245,22.4
28.5,74,28.7,none,38,41.2,False,flat,0.8,51.4,348.0,2033,2.94
18.7,58,0.3,none,60,126.1,False,flat,8.9,91.7,595.2,2140,15.31
-1.4,53,62.5,none,64,47.7,True,flat,8.2,71.2,416.5,2444,41.12
-17.9,30,55.9,none,50,45.0,True,hilly,7.1,77.3,463.1,2443,64.02
-19.0,74,10.3,none,90,65.8,True,flat,0.3,97.7,600.2,2330,57.71
-12.5,27,78.8,snow,48,39.6,False,flat,4.6,65.5,450.3,1765,42.85
8.4,60,48.6,rain,35,45.6,True,hilly,0.8,80.1,504.2,2301,31.8
20.0,33,40.1,snow,11,114.6,True,mountainous,9.3,71.3,429.2,2347,42.99
16.2,96,30.6,none,97,47.2,False,flat,6.1,95.9,503.1,1501,10.51
-10.4,13,71.9,none,84,41.1,True,flat,1.6,69.3,438.7,1909,41.89
36.8,28,19.5,none,65,118.0,True,mountainous,5.6,55.4,338.3,1813,36.99
21.7,32,22.9,snow,85,74.4,False,flat,1.2,69.0,474.5,2344,11.46
8.8,47,9.8,none,83,45.7,True,flat,1.5,95.0,540.0,1608,19.43
12.8,31,60.7,snow,94,88.2,True,flat,0.8,70.0,461.6,2122,28.24
-0.6,54,47.6,none,45,34.2,True,flat,8.7,48.8,271.4,2009,30.39
-12.7,89,48.7,none,60,72.7,True,flat,5.5,72.5,387.4,2425,46.92
-5.1,74,17.5,none,19,89.0,True,flat,3.3,63.3,317.8,1974,37.27
23.0,62,52.1,none,97,125.7,False,flat,0.0,79.0,536.4,1577,9.4
-29.0,18,61.2,none,99,62.6,True,hilly,4.7,54.5,320.9,2389,65.0
-21.9,72,28.6,none,81,106.5,True,flat,5.1,59.3,330.1,2101,60.09
-26.8,25,64.1,none,51,43.3,True,flat,3.4,71.0,412.2,2168,65.0
-27.1,81,27.9,none,55,73.4,True,hilly,4.8,47.1,302.5,2220,65.0
29.9,33,60.7,none,49,52.3,False,flat,1.0,52.6,304.5,2328,2.52
19.3,48,2.7,rain,36,79.2,False,hilly,9.2,88.1,480.2,2239,19.22
3.2,42,44.1,none,58,71.7,True,flat,2.6,96.4,498.7,1757,28.97
-23.2,87,77.6,none,15,128.0,True,flat,9.5,98.2,612.9,2458,65.0
4.4,21,78.5,none,99,121.7,True,flat,4.9,96.2,668.4,1645,29.38
3.1,61,22.5,rain,48,88.2,True,hilly,8.6,96.5,605.1,1914,36.34
-17.9,23,35.3,none,93,47.7,True,flat,5.8,89.3,615.4,2032,48.3
0.4,73,5.0,snow,75,85.7,True,mountainous,8.4,84.1,568.4,1554,50.94
-2.1,91,69.9,none,36,109.2,True,hilly,0.1,53.9,286.4,1625,41.68
13.1,49,45.5,none,30,33.8,False,flat,1.9,66.5,449.4,1689,7.79
14.5,54,30.8,none,100,73.4,True,hilly,3.5,63.9,319.5,2370,20.67
-26.8,93,9.0,none,79,34.3,True,flat,3.0,83.8,504.5,2101,65.0
-3.8,57,75.7,none,32,54.4,True,flat,9.5,68.5,414.3,1601,36.75
13.8,54,42.4,none,16,39.2,True,flat,3.9,61.6,397.6,2233,13.52
5.2,62,22.6,none,73,126.1,True,flat,9.7,88.8,578.6,1956,39.63
30.0,72,28.0,none,37,46.9,False,flat,6.5,85.0,464.4,1659,9.41
16.1,20,21.7,rain,30,45.0,False,flat,8.4,62.1,420.2,2062,15.98
-18.6,84,48.1,none,76,127.2,True,hilly,3.9,65.2,349.1,1885,62.34
-25.1,49,74.4,none,71,81.6,True,flat,1.9,93.6,647.9,2148,65.0
15.0,17,68.5,snow,53,105.8,True,flat,0.5,84.0,585.2,2480,34.3
-28.1,81,36.8,none,95,62.7,True,flat,6.6,81.4,520.4,2228,65.0
11.0,44,66.1,none,71,83.3,True,hilly,9.7,82.7,520.8,2012,30.72
35.8,19,33.8,rain,90,30.7,True,flat,1.2,46.1,321.0,2113,11.46
10.3,67,20.2,none,27,70.9,True,hilly,7.7,73.8,404.8,2274,29.05
-2.8,89,78.7,rain,37,85.5,True,mountainous,3.6,57.5,361.2,1730,56.88
15.0,90,24.3,none,19,81.4,False,mountainous,9.9,45.1,262.1,1635,31.38
2.1,96,25.9,none,37,70.6,True,flat,8.7,83.9,447.4,2076,39.3
8.2,88,79.2,none,97,108.8,True,flat,2.3,58.3,306.2,2246,27.66
35.9,10,10.7,none,97,80.2,True,flat,7.7,58.6,375.1,1922,21.0
-3.0,44,60.8,none,78,93.6,True,hilly,7.3,78.4,427.9,1694,38.39
37.3,84,74.9,none,57,48.5,True,flat,7.6,80.0,495.7,2138,22.91
33.4,43,40.9,rain,80,116.2,False,flat,0.8,68.4,374.7,2177,10.14
-16.3,64,0.2,rain,60,66.3,False,hilly,8.1,73.4,433.6,2289,50.7
-25.1,65,30.0,rain,10,78.2,True,flat,2.6,90.9,589.7,2086,65.0
-22.9,43,8.9,rain,55,65.2,False,flat,5.9,46.4,281.2,1866,62.47
-28.7,91,33.3,none,64,119.2,True,flat,1.2,43.9,296.2,1719,65.0
-23.4,55,63.2,rain,34,120.1,True,flat,5.6,79.4,480.4,1542,65.0
17.8,52,35.1,none,28,52.4,False,flat,9.1,76.2,410.8,1901,7.84
-25.0,100,34.6,none,35,105.3,True,flat,1.8,51.2,347.6,2270,65.0
-7.7,54,44.5,rain,66,40.3,True,flat,8.6,71.3,416.2,2253,49.56
29.1,26,46.5,none,23,33.0,False,hilly,4.4,84.7,570.7,2442,14.03
-28.4,56,68.5,rain,75,113.7,True,mountainous,3.2,83.9,458.5,1518,65.0
27.0,83,24.7,none,48,43.1,False,hilly,0.6,75.7,475.1,1677,5.78
-10.3,80,65.7,none,42,45.5,True,flat,5.3,47.8,254.9,2161,43.82
-21.7,81,45.3,none,83,90.7,True,flat,2.0,58.2,300.5,2042,65.0
18.8,74,24.0,none,56,111.7,False,flat,9.4,64.3,450.3,2218,13.83
14.0,33,23.6,rain,44,49.0,True,hilly,2.4,87.3,438.3,1889,21.46
31.4,88,28.9,snow,89,41.4,True,flat,5.9,72.6,449.0,1853,20.51
21.5,90,49.8,none,43,37.7,False,flat,5.6,84.0,422.2,2199,7.8
26.2,27,18.5,none,87,32.5,False,flat,3.4,95.4,582.3,1909,6.53
-10.3,22,73.6,none,55,41.6,True,mountainous,8.5,77.4,402.7,1759,59.83
-17.6,98,46.0,rain,29,124.3,False,flat,1.8,54.2,356.6,1802,47.27
22.5,88,73.6,none,65,39.5,False,hilly,8.2,48.4,270.2,1720,13.63
26.5,90,3.7,snow,36,89.8,False,flat,2.1,40.0,227.7,1511,13.24
39.3,90,27.4,none,23,122.1,True,flat,0.4,50.5,278.2,2192,19.78
-1.1,59,1.8,rain,18,92.8,True,hilly,9.4,56.2,293.6,2235,44.16
-4.0,68,21.8,none,32,33.3,True,hilly,6.4,56.2,337.2,2292,42.83
24.3,59,69.0,none,76,89.6,False,hilly,6.3,80.0,471.8,1679,16.65
-6.1,15,2.9,none,85,120.3,True,flat,2.7,49.0,298.0,2414,41.62
35.2,77,34.9,rain,88,62.3,True,flat,1.4,66.1,413.4,1831,13.33
30.1,55,9.4,rain,34,61.4,False,flat,7.1,40.3,208.6,2394,13.48
0.0,68,33.3,none,69,54.9,True,hilly,5.2,55.7,324.4,1772,32.74
22.6,55,67.1,none,31,80.6,False,hilly,3.2,42.5,262.6,1542,9.98
22.8,54,49.8,snow,66,53.8,False,mountainous,3.2,82.6,466.2,2018,33.26
-22.8,25,58.9,snow,90,102.4,True,flat,8.9,61.3,329.7,2030,65.0
33.2,35,27.9,none,14,94.5,True,hilly,8.9,68.8,427.5,2401,29.36
5.4,24,75.6,none,99,70.1,True,flat,2.7,85.7,551.6,2170,31.04
27.9,28,56.7,none,84,102.3,False,flat,7.9,91.8,596.6,2326,11.11
-7.6,98,33.7,rain,79,39.8,True,flat,2.3,71.0,401.2,2353,42.18
32.7,24,34.1,none,72,105.0,True,hilly,8.1,79.0,410.6,1988,27.47
-2.8,34,73.5,none,79,90.3,True,mountainous,1.3,84.2,574.9,2408,45.94
-29.2,63,46.1,none,100,93.0,True,flat,7.6,57.1,364.2,2224,65.0
33.4,65,56.5,none,79,36.5,True,hilly,5.6,82.4,568.6,1609,24.0
-23.6,24,33.4,none,42,91.8,True,flat,1.2,79.2,419.2,1749,65.0
-7.6,81,17.9,none,65,79.4,True,flat,6.2,66.6,420.4,1603,37.58
36.5,81,57.9,none,40,78.6,True,hilly,1.9,60.4,326.0,2084,22.21
36.5,31,48.6,rain,97,62.2,True,flat,1.9,98.4,662.6,1723,13.71
10.1,36,40.1,snow,91,30.8,True,flat,4.5,99.2,598.9,2442,32.66
14.2,94,49.9,none,61,72.3,True,mountainous,9.6,81.7,495.6,2393,37.48
1.4,84,16.7,none,80,70.1,True,flat,8.9,63.0,432.6,2295,35.19
-9.5,73,63.5,none,92,72.3,True,mountainous,8.3,85.1,477.2,2378,56.52
-7.0,17,75.9,rain,32,91.2,True,hilly,8.5,80.8,503.7,2343,52.18
17.1,48,71.3,rain,62,60.0,False,hilly,5.0,72.7,384.5,1675,18.6
22.7,60,25.7,rain,53,56.9,False,flat,3.7,47.9,274.4,1591,10.5
25.4,27,32.5,rain,79,79.8,False,mountainous,8.8,96.8,521.7,2198,30.04
25.3,50,64.7,none,44,89.2,False,hilly,0.8,54.0,291.6,1842,12.37
-23.6,64,47.6,none,74,86.7,True,flat,10.0,63.6,402.1,2126,65.0
4.6,39,43.8,none,46,118.2,True,hilly,5.5,60.5,337.4,2134,42.9
-26.0,80,74.1,rain,20,106.9,False,hilly,5.4,49.2,270.8,2358,65.0
8.5,86,42.9,none,20,35.2,True,hilly,2.9,41.5,274.4,1662,20.06
0.9,39,41.2,snow,21,86.3,True,flat,1.7,95.8,569.7,2385,41.44
32.1,85,3.4,rain,13,71.8,True,flat,6.8,84.4,486.0,1825,24.86
-5.4,19,5.6,rain,58,66.1,True,hilly,3.6,41.2,273.5,2391,39.94
-21.8,85,0.6,none,70,125.8,True,flat,3.0,81.3,485.8,1704,65.0
-20.0,24,73.1,none,21,75.7,True,flat,1.6,47.8,316.8,1660,54.35
23.3,17,32.7,rain,65,101.9,False,flat,5.4,83.4,470.3,2116,14.65
13.3,68,37.5,none,64,126.7,True,hilly,5.9,70.3,486.8,2404,33.12
-22.9,52,67.6,none,23,45.1,True,flat,4.4,98.7,675.6,1987,65.0
-24.1,92,48.7,snow,46,35.5,True,hilly,0.1,65.9,438.3,1582,65.0
19.1,43,48.8,rain,78,61.4,False,hilly,4.9,84.9,460.8,2370,16.62
-24.9,36,23.7,none,12,34.4,True,flat,2.7,42.5,274.2,1998,65.0
27.5,55,66.7,rain,23,41.7,False,flat,1.4,96.1,637.9,2005,4.68
19.4,51,13.3,none,100,129.2,False,flat,5.8,73.7,422.3,1716,13.58
-24.3,41,4.3,none,76,126.0,True,mountainous,6.7,58.9,310.8,1699,65.0
-24.1,72,15.3,none,52,99.1,True,flat,5.2,47.6,263.7,2110,65.0
39.1,78,21.4,rain,67,105.3,True,flat,6.1,78.4,484.1,1931,28.33
-3.8,87,22.6,none,86,44.0,True,hilly,6.1,84.8,466.6,1648,42.4
-4.1,98,53.6,none,86,89.5,False,flat,1.2,45.1,285.3,2477,23.4
26.9,34,17.4,none,39,45.4,False,hilly,2.2,49.9,288.5,1547,9.21
36.3,74,54.1,snow,54,67.8,True,flat,0.1,63.1,344.1,1543,23.91
39.0,45,7.3,none,67,64.5,True,flat,9.8,91.1,567.2,2479,18.65
22.7,71,11.8,none,16,91.4,False,flat,2.1,99.0,509.5,1721,5.49
-3.7,53,40.7,none,95,38.0,True,flat,8.1,84.7,529.4,1514,35.43
-24.2,99,73.8,none,49,40.3,True,flat,7.8,40.3,280.3,1898,65.0
24.4,76,68.8,none,43,91.0,False,flat,7.1,94.2,605.1,1719,13.02
9.1,96,77.5,rain,92,93.6,True,hilly,4.5,41.6,235.3,2306,32.34
-0.3,85,52.0,none,21,64.0,True,flat,5.8,93.8,638.3,1753,27.77
33.4,91,54.1,snow,14,44.7,False,hilly,1.9,64.6,391.3,2317,19.08
-22.2,83,50.0,none,72,118.6,True,flat,1.1,84.5,511.8,2031,65.0
4.5,51,49.8,none,45,35.3,True,flat,3.5,45.2,260.3,2305,23.3
-29.2,33,11.8,none,79,101.7,True,hilly,8.3,49.9,254.7,2114,65.0
2.8,43,43.5,none,16,44.0,True,hilly,5.6,67.0,371.4,2256,39.48
-26.1,12,30.9,snow,45,93.7,True,flat,7.6,42.3,280.8,1959,65.0
-21.7,57,35.4,rain,31,96.4,True,hilly,8.9,63.4,349.9,1921,65.0
-21.8,55,41.9,none,77,110.4,True,flat,5.6,85.1,495.8,1954,65.0
15.4,57,10.3,none,30,69.5,False,flat,3.7,79.3,496.9,2243,11.22
22.2,98,28.8,none,51,32.2,True,hilly,8.6,61.1,340.0,1942,22.0
10.8,92,5.1,none,84,111.1,True,flat,2.3,40.5,268.5,1792,17.77
37.4,25,78.4,rain,92,74.4,False,flat,0.2,56.2,381.9,2311,10.59
-3.8,43,9.5,rain,75,114.7,True,flat,0.5,86.6,443.6,1915,37.37
-10.0,48,20.7,none,49,107.6,True,flat,5.8,60.4,371.6,1947,43.79
30.8,42,71.3,none,61,79.8,True,hilly,8.9,62.6,357.0,1582,24.79
-14.3,82,38.6,none,72,129.9,False,flat,5.6,44.5,271.5,1866,48.63
37.4,57,10.9,snow,89,76.2,True,hilly,4.1,76.1,463.7,2323,25.7
-29.1,61,30.7,none,90,99.7,False,flat,5.8,77.3,388.1,2168,65.0
37.9,87,9.3,none,94,97.0,True,flat,6.7,65.9,414.7,1632,16.05
-27.0,83,16.0,none,83,81.8,False,hilly,7.6,85.6,465.2,1969,65.0
32.4,22,4.2,none,23,88.5,False,flat,3.5,92.6,566.6,2425,8.87
6.9,74,35.1,none,77,109.9,True,mountainous,3.9,85.0,577.4,1731,38.74
39.5,49,64.5,rain,83,87.2,True,hilly,0.2,72.7,391.2,2325,23.9
-24.8,37,46.9,snow,89,75.0,True,flat,6.5,96.1,532.7,2064,65.0
8.8,15,48.5,none,93,96.2,False,flat,7.8,62.9,322.7,1857,19.23
37.9,54,16.0,none,56,33.6,True,flat,5.1,79.3,474.4,2472,14.79
6.6,42,27.5,none,69,40.9,True,hilly,3.8,74.5,502.2,2221,26.73
14.1,33,67.6,rain,11,42.5,False,flat,3.3,90.5,551.1,1817,14.37
18.7,73,7.0,none,62,72.6,False,flat,6.5,70.0,399.2,1695,7.94
1.8,79,68.6,rain,53,117.2,True,flat,3.3,73.2,498.7,2378,42.52
13.9,32,38.7,rain,97,94.3,True,flat,6.0,67.2,407.7,2091,27.79
10.9,14,67.0,none,91,127.3,True,flat,9.3,48.4,336.5,1537,26.68
33.1,86,25.4,none,82,34.0,True,hilly,3.3,93.2,605.7,1928,20.45
-26.8,11,27.1,rain,15,102.2,True,hilly,0.7,91.7,625.7,1944,65.0
-10.3,94,60.1,none,46,61.4,True,hilly,8.7,82.1,517.3,2275,46.16
36.5,66,62.8,none,73,32.3,True,hilly,2.7,60.9,424.8,1738,18.47
32.3,39,18.4,none,13,112.6,True,flat,9.9,61.3,371.0,1958,21.57
1.9,32,77.8,none,31,46.3,True,mountainous,8.4,42.2,264.8,1580,41.64
13.4,11,6.8,rain,90,51.4,True,flat,4.3,44.7,235.3,1624,17.29
-10.6,31,5.5,none,22,64.0,True,flat,6.3,70.8,486.8,2294,42.58
-16.8,22,47.6,none,15,108.8,True,flat,2.8,43.0,243.7,2024,54.48
2.5,65,57.8,rain,62,92.5,True,flat,0.8,46.0,290.9,1886,26.36
-5.3,25,76.9,none,95,56.5,True,flat,5.3,55.1,315.1,1766,33.64
10.9,58,32.4,rain,85,46.8,True,hilly,4.2,62.4,422.6,2464,31.14
-24.6,63,2.0,none,98,41.0,True,flat,9.7,69.4,362.1,1968,65.0
38.2,37,48.2,none,78,45.0,True,flat,6.0,59.5,404.6,2064,17.34
39.0,13,23.2,none,49,116.8,True,hilly,7.5,96.4,602.9,2484,23.58
18.9,13,34.6,snow,95,122.3,False,mountainous,1.4,97.1,670.9,2253,35.9
7.5,12,39.1,rain,48,126.8,True,hilly,7.2,43.4,260.5,1878,41.67
-8.3,77,5.2,none,42,113.5,True,flat,0.6,99.1,593.4,2056,42.23
27.0,39,38.9,snow,50,118.7,False,mountainous,6.1,50.4,288.0,1895,39.77
17.9,82,34.1,rain,83,111.6,False,flat,8.4,59.9,338.8,2054,21.55
-18.6,49,57.0,none,93,125.8,True,flat,4.8,90.2,473.4,2147,60.64
33.8,51,51.7,none,42,114.6,True,flat,2.2,81.3,459.5,2475,20.18
27.6,56,14.8,none,52,76.2,False,flat,4.4,43.5,270.5,2232,7.06
36.5,74,16.5,none,91,62.3,False,flat,8.4,86.5,447.0,2197,13.94
20.8,35,20.1,none,14,88.4,False,flat,7.1,79.8,428.6,1597,8.69
12.9,21,14.3,none,81,90.8,True,flat,6.1,97.0,652.0,1819,24.7
-0.7,60,52.6,none,51,87.5,True,flat,6.9,94.6,490.3,1781,36.89
35.3,39,79.6,none,44,100.7,True,flat,8.3,98.5,540.1,1601,21.24
30.6,50,52.2,none,50,99.9,True,flat,1.5,67.3,337.0,2372,23.21
-26.8,68,48.5,none,48,38.7,True,flat,8.4,82.4,530.4,2313,65.0
-28.2,54,32.8,none,78,58.6,True,hilly,8.1,97.7,654.9,2290,65.0
-3.6,66,25.0,none,94,119.0,True,flat,4.8,40.1,271.2,1677,38.65
26.7,59,72.9,snow,54,89.0,False,flat,4.0,87.3,593.9,2100,17.33
39.1,77,77.5,none,85,62.9,True,flat,9.3,43.2,251.1,2027,19.06
-19.5,74,39.7,none,76,115.0,True,flat,8.2,99.9,611.5,2113,65.0
11.6,58,23.2,none,40,54.9,True,flat,9.9,40.8,259.5,2287,28.52
-3.3,71,61.6,none,63,70.9,True,flat,6.4,73.3,500.5,1594,36.22
37.9,89,10.6,rain,70,57.6,True,flat,0.3,71.3,469.8,1691,14.07
28.9,49,61.2,none,12,117.1,False,flat,1.5,58.3,348.4,1781,10.11
28.7,47,65.5,none,46,102.8,False,flat,8.2,83.9,505.3,1971,14.8
2.8,79,10.0,none,99,76.0,True,hilly,6.4,55.4,314.4,2086,35.4
-1.0,62,78.1,none,67,123.2,True,flat,2.0,57.4,288.6,1805,36.7
-10.9,16,78.8,none,40,122.7,True,hilly,0.1,50.8,268.8,1610,53.37
-26.1,90,74.9,none,33,101.2,True,hilly,2.6,82.8,469.2,2007,65.0
30.5,13,39.7,none,29,119.2,True,flat,1.4,50.2,311.8,1559,17.03
26.9,77,19.7,rain,46,101.9,False,flat,8.8,93.9,603.3,1864,16.66
40.0,78,46.6,none,27,92.8,True,flat,8.8,57.3,388.4,1544,23.3
39.8,96,33.6,none,22,72.1,True,flat,8.4,71.1,434.5,1719,16.93
8.9,15,16.5,none,43,57.3,True,flat,0.9,68.5,396.5,1610,15.56
23.8,64,33.9,snow,65,36.0,False,hilly,1.4,82.1,524.3,1946,17.41
36.1,49,53.1,none,23,110.1,True,hilly,1.4,54.0,312.6,1735,28.04
29.5,40,5.7,none,14,42.2,False,flat,2.6,90.3,471.2,1555,3.36
-12.7,18,26.7,none,13,71.0,True,hilly,0.7,84.3,422.1,1798,43.92
1.5,61,1.4,none,34,53.5,True,flat,9.8,60.6,388.6,2393,31.92
-21.0,53,60.0,none,27,75.5,True,flat,8.6,47.2,321.0,2342,64.14
36.8,19,51.3,snow,59,61.5,True,hilly,0.7,70.3,446.7,2383,26.19
12.4,65,5.0,none,51,113.0,True,mountainous,1.4,98.8,499.6,1892,34.0
-14.0,76,77.2,rain,39,127.8,True,hilly,2.6,41.5,225.5,2379,65.0
17.0,79,1.8,none,85,124.2,False,mountainous,7.8,90.7,625.1,2452,30.35
13.3,91,47.2,rain,55,92.2,True,flat,7.1,82.0,526.3,2458,21.65
-4.9,47,62.1,none,18,127.9,True,flat,6.3,51.0,330.2,1624,48.84
-22.1,96,63.0,none,37,70.1,True,flat,9.1,68.6,453.5,2324,65.0
17.0,88,2.7,snow,98,82.2,False,hilly,0.4,77.7,530.0,1837,16.21
6.4,37,72.5,none,98,55.7,True,flat,1.6,81.8,480.9,1950,27.51
24.1,24,73.5,snow,33,119.8,False,flat,1.9,95.3,558.4,2156,21.04
6.4,49,44.9,none,25,48.0,True,flat,0.6,92.4,466.2,2258,17.72
29.7,46,38.6,snow,55,91.0,False,hilly,6.2,59.7,410.4,2400,24.51
8.6,62,3.6,none,53,109.9,True,hilly,2.1,47.2,248.3,2458,26.29
9.3,63,45.0,rain,47,89.5,True,flat,4.8,46.3,273.0,2270,26.58
31.4,77,32.8,none,58,37.9,True,flat,6.9,98.1,608.4,1740,23.31
-1.8,56,61.8,none,31,91.1,True,flat,6.0,97.3,680.2,2008,33.89
-20.6,19,32.3,rain,20,106.7,True,flat,2.9,89.2,517.1,1846,65.0
-28.0,87,54.7,rain,61,48.8,True,flat,4.1,98.8,626.3,2365,65.0
22.9,38,8.1,none,94,103.7,False,hilly,3.4,56.5,389.8,1995,12.46
13.4,97,10.6,none,22,117.9,True,hilly,8.5,89.5,550.0,2357,31.9
19.3,21,11.2,none,73,128.6,False,flat,4.2,70.1,425.6,2474,6.82
-15.1,96,3.6,none,49,71.0,True,flat,0.6,88.0,540.6,1788,45.44
-20.5,18,43.3,none,36,32.5,True,flat,6.2,76.6,508.6,1529,60.53
-29.0,31,63.5,rain,87,71.9,True,flat,2.0,90.8,461.6,1714,65.0
-5.5,14,48.8,none,51,96.0,False,flat,3.4,63.8,416.3,2140,29.27
11.3,73,46.0,none,62,119.1,True,flat,3.3,99.3,531.0,2309,32.27
-2.5,87,54.4,snow,50,123.8,True,flat,0.7,53.2,347.3,2248,45.47
0.6,49,27.2,none,17,121.0,False,flat,9.5,80.4,530.4,2303,24.86
33.3,94,29.0,none,64,95.8,True,hilly,5.5,88.2,551.2,2425,21.28
-5.6,63,25.1,rain,48,98.3,True,flat,1.6,75.1,441.7,1724,39.8
6.0,67,57.0,rain,18,30.2,True,hilly,5.6,57.4,371.2,1550,28.89
24.9,86,12.9,rain,64,66.4,False,flat,4.5,73.7,371.2,1828,6.68
-2.2,37,1.0,rain,11,120.7,True,flat,3.4,70.3,442.6,2354,48.54
13.5,42,47.7,none,29,99.0,True,hilly,4.7,51.4,280.9,2228,27.4
30.4,92,75.4,none,80,76.8,True,flat,6.7,85.8,542.3,1533,17.07
36.5,91,48.8,rain,13,40.4,True,hilly,2.0,56.0,295.6,1655,19.82
-19.7,98,62.6,none,68,54.6,True,hilly,5.4,89.9,481.9,2430,65.0
34.9,91,53.8,none,95,85.5,True,flat,8.1,52.9,312.1,1996,25.43
4.4,21,39.8,rain,25,119.8,True,flat,2.2,70.1,425.0,2140,24.67
-11.9,84,57.5,rain,48,39.6,True,flat,5.2,81.7,476.6,1594,43.27
2.1,47,65.9,none,62,45.4,True,flat,9.7,99.7,620.7,2077,27.22
38.6,99,18.0,snow,51,95.5,False,flat,8.0,56.3,287.3,2346,20.09
4.5,53,26.9,rain,66,59.4,True,hilly,5.9,78.1,420.9,2402,35.94
-7.0,60,17.9,snow,46,47.0,True,flat,7.5,49.2,246.4,1951,50.79
14.3,58,36.2,snow,23,47.8,True,flat,5.3,89.2,546.9,2087,27.44
-13.2,39,70.8,none,18,79.3,True,flat,9.9,91.7,585.1,2230,48.22
-24.7,17,27.6,rain,77,88.4,True,flat,1.7,93.3,556.6,1899,65.0
-21.0,91,30.0,none,31,120.4,False,flat,7.2,96.7,572.9,1792,58.58
-21.0,82,68.8,rain,86,83.0,True,hilly,0.1,61.3,358.9,1589,65.0
-19.4,23,41.2,rain,77,99.1,False,mountainous,1.3,80.0,453.7,1695,65.0
-20.3,80,42.8,none,14,48.1,True,flat,7.2,58.9,364.1,2483,65.0
14.9,66,68.9,none,28,101.3,True,hilly,7.6,88.2,442.2,2371,32.54
-17.3,47,39.2,none,36,94.9,True,hilly,0.4,64.9,402.0,1846,56.27
-5.8,33,54.5,rain,64,51.6,True,flat,3.3,73.3,438.3,2330,38.85
32.8,87,6.9,rain,83,96.9,True,flat,1.2,48.0,299.9,2265,18.91
3.2,73,14.3,none,15,51.1,True,mountainous,8.9,91.0,610.7,2468,45.94
16.7,59,32.4,none,32,89.4,False,mountainous,4.5,69.0,459.2,1539,24.61
-17.9,65,39.6,rain,44,96.9,True,flat,4.4,78.4,518.7,2079,62.22
-16.5,18,77.3,none,27,99.3,True,hilly,8.2,80.2,466.8,2201,63.67
-27.1,53,77.7,none,59,120.9,False,hilly,7.0,56.5,326.3,2329,65.0
-18.2,27,68.1,none,53,124.8,True,hilly,9.2,87.7,474.8,2303,65.0
-10.5,29,25.2,snow,38,111.0,True,hilly,9.4,90.0,455.6,1777,64.52
-17.6,70,77.1,rain,57,117.9,True,hilly,3.1,70.9,426.4,2204,63.05
-23.8,92,55.1,none,42,31.9,True,flat,6.5,94.1,654.3,2310,65.0
-21.6,46,31.4,none,41,66.3,False,hilly,5.4,49.7,323.0,2016,61.28
2.3,29,56.1,none,34,34.0,True,flat,6.0,64.9,395.4,2001,28.61
-15.6,68,1.3,rain,59,52.5,True,hilly,6.3,42.7,238.7,1941,54.7
-4.5,88,11.7,none,50,68.2,True,hilly,0.6,63.9,335.1,1708,37.54
5.2,77,66.4,none,28,116.8,False,hilly,9.0,99.8,551.8,2333,30.2
18.3,88,51.6,none,11,81.2,False,mountainous,1.4,67.8,411.4,2002,22.82
-27.2,58,29.1,snow,24,94.9,True,flat,4.2,65.2,407.1,1635,65.0
26.0,78,40.1,none,14,66.3,False,flat,2.9,81.3,465.8,2414,9.39
14.0,23,72.4,none,49,90.3,True,hilly,5.5,42.9,223.6,2345,30.1
-24.3,41,50.5,rain,30,111.6,True,hilly,9.6,61.2,338.3,1923,65.0
31.2,45,31.9,snow,48,60.1,True,hilly,4.1,72.0,396.9,2282,31.04
34.5,56,9.6,none,40,123.2,True,flat,6.0,69.0,419.1,1666,19.79
-25.7,94,23.5,none,58,51.3,True,flat,1.4,78.5,409.0,2472,65.0
-10.6,89,78.3,none,75,121.9,True,flat,4.6,48.3,269.5,1585,53.51
26.4,22,35.0,none,53,32.8,False,flat,9.2,64.2,364.9,2382,8.91
22.4,26,37.7,none,16,84.3,False,hilly,9.3,78.0,472.3,2498,17.86
-17.1,42,39.9,none,12,128.5,True,hilly,5.5,58.1,325.2,1790,65.0
-15.3,36,70.7,none,29,91.0,True,mountainous,7.7,76.8,406.9,2312,65.0
-4.1,65,48.3,rain,48,85.5,True,flat,0.0,97.5,492.5,2414,38.79
3.9,91,55.5,none,14,98.2,True,hilly,5.3,95.8,512.3,2453,38.75
13.3,97,31.2,none,39,58.9,True,hilly,7.3,83.5,555.4,2221,23.33
-4.2,69,2.3,none,90,35.4,True,flat,3.3,50.7,288.8,2120,25.31
2.4,85,74.5,none,18,55.1,True,flat,9.0,87.1,529.1,1605,31.61
22.3,57,75.9,none,95,47.6,False,hilly,7.8,66.8,399.5,1969,16.8
-27.4,29,75.9,rain,87,122.4,True,flat,7.7,97.1,539.2,1894,65.0
-12.3,57,75.5,none,85,115.2,True,flat,0.2,76.7,512.8,1522,43.66
19.9,60,65.2,rain,88,61.8,False,flat,1.8,53.1,364.9,1786,8.86
32.7,77,54.8,none,17,113.6,True,hilly,7.1,58.7,318.7,2243,34.43
5.8,30,67.6,none,24,51.2,True,hilly,5.6,59.1,391.2,1804,29.27
7.2,43,48.0,none,22,50.0,True,hilly,5.8,56.6,368.4,1534,31.33
-22.5,43,10.7,none,20,106.8,True,hilly,0.1,86.3,576.2,2270,65.0
1.3,96,31.3,rain,39,62.7,True,mountainous,4.4,60.2,350.3,2308,41.54
7.3,50,77.7,rain,85,36.5,True,hilly,7.9,51.7,329.7,1527,31.02
-13.0,78,28.1,none,33,102.0,True,flat,6.6,75.8,407.6,2336,54.69
-11.2,78,69.4,none,32,129.0,False,mountainous,5.7,67.9,470.9,2297,54.88
-3.6,34,7.5,none,71,86.6,True,flat,7.0,41.3,266.4,2121,29.78
-28.6,61,26.7,snow,19,56.4,True,hilly,8.5,56.7,292.4,1545,65.0
-7.5,90,28.1,none,42,67.3,True,mountainous,8.5,42.3,285.7,2444,48.57
-15.2,53,4.1,none,37,94.9,True,flat,4.6,86.0,595.1,1600,53.93
-7.1,95,9.5,none,86,100.1,True,hilly,3.1,97.1,550.1,2219,47.18
-21.6,29,15.5,none,56,118.6,True,mountainous,3.7,70.0,425.5,2264,65.0
32.3,17,67.0,none,68,120.9,False,hilly,5.2,73.5,513.2,2447,20.17
11.6,90,5.1,none,22,116.1,True,hilly,0.9,90.7,535.3,2448,22.57
17.5,86,23.9,none,94,94.8,False,flat,5.9,41.1,260.5,1779,11.07
25.2,99,0.8,none,39,75.0,False,flat,4.5,49.7,293.7,1732,9.08
4.9,71,55.7,none,74,97.9,True,hilly,7.6,79.3,408.3,1911,41.88
-23.9,94,49.6,none,96,96.7,True,flat,2.7,84.5,508.6,2435,65.0
7.6,84,51.6,none,56,51.8,True,hilly,0.7,77.6,516.1,2224,30.71
11.1,86,30.0,none,56,80.8,True,flat,8.9,96.4,489.8,2412,27.12
22.2,61,16.7,none,21,50.8,False,flat,0.7,63.5,373.8,1718,0.94
0.2,44,57.6,none,45,119.9,True,flat,9.3,73.3,487.1,1568,38.08
-21.1,94,64.9,none,87,62.3,True,flat,5.0,97.4,555.8,1525,62.56
-10.1,49,11.1,none,22,110.5,True,flat,0.6,94.0,653.6,1571,40.28
-4.6,58,38.9,none,93,67.7,True,hilly,1.3,41.8,241.3,2341,34.98
15.2,50,19.9,none,70,106.4,False,flat,5.3,61.1,401.4,2372,14.67
10.0,61,13.4,none,48,52.1,True,flat,0.2,84.3,463.1,2417,16.9
-5.1,52,58.7,snow,59,106.4,True,flat,9.2,40.1,226.9,1909,55.4
39.1,14,43.0,none,24,48.0,True,hilly,8.0,91.8,591.2,1966,28.12
12.4,89,17.3,snow,30,79.1,True,flat,5.0,70.1,358.6,1691,30.97
-13.4,50,24.8,rain,36,41.4,True,hilly,9.3,45.2,234.5,1941,58.33
-22.9,63,77.3,none,45,82.8,True,flat,2.6,66.5,368.2,1656,65.0
-19.3,23,67.9,snow,92,112.1,True,mountainous,8.5,69.6,382.7,2118,65.0
-12.8,10,70.4,none,43,105.6,True,flat,8.1,62.0,318.3,1516,51.47
-18.8,32,36.8,none,57,35.1,True,flat,5.8,67.3,467.0,1928,58.81
-16.9,73,49.9,none,25,79.2,True,flat,3.2,93.5,522.3,2485,54.56
-10.0,19,30.1,none,76,115.2,False,hilly,5.6,59.4,383.1,2494,41.2
-17.9,92,6.2,none,60,95.0,True,mountainous,9.6,97.7,565.0,2273,65.0
32.8,29,32.1,none,50,35.9,True,hilly,0.8,81.2,567.1,1799,19.39
-24.4,28,47.5,none,95,62.6,True,hilly,2.0,93.8,495.1,1699,65.0
6.7,26,23.0,none,90,85.7,True,flat,6.4,52.5,302.0,1536,28.06
-1.3,11,67.8,none,69,47.3,True,flat,6.8,69.5,407.6,1918,38.2
38.8,79,12.1,none,93,98.2,True,mountainous,1.6,73.9,475.7,1961,32.76
-22.2,89,29.4,snow,61,93.5,True,hilly,8.1,45.1,270.3,1580,65.0
-2.2,65,10.0,none,84,50.2,False,flat,9.3,69.6,452.6,2368,23.51
37.9,27,32.4,none,47,85.0,True,hilly,0.8,91.7,612.5,2150,19.34
30.6,36,3.2,none,18,111.2,True,flat,9.7,43.1,240.6,1880,23.12
27.2,53,21.8,rain,99,67.5,False,hilly,2.8,78.5,519.0,2355,10.98
-11.9,96,32.1,none,25,54.7,True,hilly,3.1,99.3,594.3,1912,48.14
-18.0,32,38.3,snow,33,100.1,True,flat,0.4,71.6,369.2,2348,64.43
16.8,76,43.5,none,25,37.1,False,flat,5.0,58.2,325.6,1996,10.29
35.1,50,22.0,none,40,113.3,True,hilly,9.5,75.1,496.1,2135,28.73
9.0,37,41.8,snow,36,124.3,False,flat,1.6,72.5,418.8,1609,25.9
10.0,51,40.7,snow,64,126.5,True,flat,5.8,46.3,240.2,1758,34.79
-10.4,16,25.3,none,100,73.3,True,flat,2.7,52.9,331.8,2152,44.59
23.9,82,66.4,none,15,92.3,False,flat,0.2,80.2,537.1,1911,6.26
-16.9,32,43.7,rain,80,115.7,True,flat,9.9,75.6,397.8,1633,65.0
-7.3,75,26.6,none,22,52.3,True,hilly,7.2,60.7,369.2,1654,41.31
-0.2,16,75.8,none,12,32.8,False,mountainous,7.4,98.7,534.6,2208,39.7
5.5,96,67.6,none,67,68.5,True,hilly,6.6,78.7,446.6,2185,34.53
-13.0,27,78.6,none,89,118.4,True,flat,1.4,53.8,313.8,2221,53.75
-22.0,89,55.4,rain,26,80.5,True,hilly,2.1,68.3,342.1,2221,65.0
12.7,83,30.3,none,41,83.0,True,hilly,3.9,82.7,472.3,2461,24.82
-9.8,97,22.5,snow,25,99.1,False,hilly,10.0,80.3,451.3,2471,50.28
10.7,53,53.1,none,92,87.5,True,flat,6.7,54.8,347.1,1934,30.57
-19.2,75,78.5,none,34,35.4,True,flat,4.4,78.9,533.2,2277,55.24
3.7,43,50.1,none,50,86.1,True,flat,4.8,60.0,312.5,2237,31.95
7.3,27,70.5,rain,91,94.8,False,mountainous,9.2,67.5,402.4,1673,44.75
-26.4,50,26.3,snow,60,94.2,True,flat,2.0,80.1,445.1,2282,65.0
-6.4,25,32.6,rain,94,102.8,True,hilly,3.2,74.9,522.1,2343,54.18
-20.6,98,72.5,none,93,82.0,True,hilly,3.7,82.8,543.0,1538,63.44
-25.6,19,60.5,snow,52,120.0,True,hilly,9.0,62.9,329.4,2024,65.0
39.3,63,78.5,snow,62,76.4,True,flat,7.8,85.1,488.4,1749,29.02
-7.4,66,62.0,none,31,81.8,True,flat,5.9,40.9,213.8,2433,44.88
26.7,58,35.9,none,99,108.0,True,hilly,3.1,51.3,337.1,1584,29.45
-12.2,70,42.5,none,35,113.3,True,hilly,2.0,98.4,587.8,2159,47.46
17.7,20,72.0,none,80,94.8,False,flat,3.3,45.2,284.5,2149,14.67
23.2,60,44.1,snow,38,42.6,False,flat,9.3,79.7,490.2,1621,21.19
11.7,36,20.4,none,38,63.2,True,flat,9.1,95.0,509.7,2265,20.19
3.0,95,34.8,none,19,32.0,True,flat,4.2,91.6,460.2,1771,22.25
-1.2,79,41.3,none,60,59.5,True,flat,3.3,94.8,638.8,2192,31.82
-5.6,98,7.7,none,32,87.0,True,flat,8.8,99.0,513.5,1750,39.17
35.1,13,59.5,rain,23,110.5,True,mountainous,4.5,61.4,404.4,1892,40.75
28.1,36,8.7,none,30,88.6,False,mountainous,0.4,59.8,322.0,1830,22.63
37.6,28,32.4,none,33,34.0,True,flat,3.5,47.3,316.8,2104,19.89
-21.3,11,64.4,snow,55,55.9,True,hilly,6.1,52.1,322.3,2122,65.0
21.2,32,37.4,rain,45,87.8,False,hilly,9.4,79.2,459.1,2021,22.85
35.7,71,67.4,none,17,100.9,True,hilly,4.2,59.9,378.2,1649,25.58
-17.3,31,27.4,none,58,116.6,True,flat,2.4,60.5,335.5,2145,57.26
-25.3,56,76.6,none,81,126.8,True,flat,3.8,78.8,459.7,1739,65.0
21.9,90,16.8,rain,62,119.2,True,flat,0.6,46.3,307.6,1928,22.07
10.2,72,3.1,rain,98,76.7,True,mountainous,9.0,43.4,217.6,2485,42.18
28.9,46,69.8,none,19,104.7,False,hilly,0.3,88.2,482.1,2345,11.75
-20.2,44,60.2,none,84,54.1,True,flat,0.0,87.4,566.5,1775,55.74
25.7,51,18.6,none,56,36.4,False,flat,6.1,63.1,406.3,1719,7.63
-15.9,26,78.8,none,57,35.5,True,flat,1.5,75.6,402.7,2068,46.56
-18.5,67,40.2,none,57,54.1,True,flat,3.0,54.3,378.1,1587,56.03
-18.5,43,76.1,none,39,33.8,True,flat,4.9,62.1,394.3,1980,49.52
27.0,87,40.4,none,39,115.0,False,hilly,7.9,42.2,242.3,1955,20.24
16.6,78,37.7,rain,67,79.0,False,flat,3.9,56.4,321.7,2494,8.76
6.6,65,35.9,none,14,111.1,True,flat,9.6,41.0,247.8,1532,30.4
-4.9,43,26.8,rain,63,124.0,True,mountainous,4.5,65.4,332.0,2376,65.0
31.4,29,42.7,none,75,129.4,True,hilly,9.2,71.2,457.6,2434,27.64
-2.5,80,36.2,rain,42,123.7,True,flat,4.5,69.7,358.1,2148,44.01
27.2,54,2.9,none,30,101.7,True,mountainous,5.2,60.4,381.2,2040,38.42
0.7,30,20.8,none,29,74.2,True,mountainous,9.6,52.4,346.1,1644,48.8
-3.6,28,17.0,none,17,89.8,True,flat,6.7,67.3,458.1,2183,37.9
2.4,25,69.4,none,18,111.6,True,flat,1.5,92.2,488.2,2244,33.36
-8.9,80,47.9,rain,25,119.8,True,flat,6.0,99.0,642.6,2190,45.0
22.3,31,61.1,none,12,125.6,False,mountainous,2.3,58.8,409.4,1580,30.16
5.2,57,76.5,none,34,103.1,True,hilly,3.1,98.5,505.7,2286,36.36
-13.7,51,51.5,none,38,84.0,True,flat,8.4,66.1,334.1,1728,49.45
33.0,62,78.6,snow,100,126.8,True,flat,6.8,76.8,416.6,1762,31.23
-3.1,89,24.9,none,99,125.9,True,hilly,2.9,88.2,477.3,1892,38.73
8.0,88,14.9,none,27,77.8,False,flat,0.0,61.6,347.2,2162,7.4
33.5,51,32.3,rain,29,94.9,True,hilly,5.3,52.5,359.5,2065,29.36
13.7,11,37.7,none,54,110.9,True,flat,2.5,56.4,359.0,2204,20.61
-21.8,48,71.6,none,23,73.3,True,flat,0.3,90.3,453.5,2159,57.58
35.8,65,44.8,none,55,112.9,True,flat,0.6,96.1,575.5,2201,18.41
13.9,60,23.4,none,46,41.1,True,mountainous,6.7,47.7,322.1,1798,39.22
-6.6,69,59.4,none,39,78.1,True,mountainous,4.1,81.7,495.6,2185,50.69
-20.3,24,40.5,none,84,78.3,True,mountainous,2.6,42.1,226.8,2296,65.0
25.6,68,13.0,snow,85,98.5,False,mountainous,8.8,92.5,639.0,1555,36.62
13.4,26,46.1,rain,99,41.6,True,flat,8.3,91.4,513.2,2441,24.64
7.3,78,72.9,snow,30,40.3,True,hilly,4.7,86.5,492.9,1548,37.11
32.6,41,67.4,none,90,120.1,True,flat,2.8,89.5,511.1,2255,23.45
25.2,74,46.9,none,58,60.4,False,hilly,5.1,76.3,441.5,2145,12.22
-19.4,14,30.2,snow,63,62.7,True,flat,7.5,48.8,313.4,1818,61.83
-8.2,47,7.0,none,91,107.7,True,flat,0.1,94.9,534.1,1978,42.42
-12.6,73,37.6,rain,95,71.5,True,flat,6.1,48.5,287.4,2418,51.0
22.1,30,60.2,none,75,113.3,False,flat,7.1,53.5,295.8,2354,13.98
-27.7,82,28.8,rain,41,70.1,True,hilly,8.2,66.0,396.8,1866,65.0
9.9,67,18.8,snow,54,106.1,False,hilly,2.2,69.9,481.8,1888,24.24
23.4,63,74.5,none,65,82.5,False,hilly,2.0,45.8,255.4,1715,11.5
31.4,42,65.7,none,85,123.6,True,flat,2.2,85.7,568.4,1922,17.06
-6.1,53,51.1,none,69,62.7,True,hilly,9.3,48.2,262.3,2155,42.2
27.5,64,10.9,none,43,66.3,False,hilly,1.4,79.3,419.4,1952,9.51
-22.3,53,11.6,none,48,127.0,True,flat,7.6,67.1,347.8,2225,65.0
29.3,73,8.3,none,15,103.8,False,flat,9.9,88.7,617.0,2307,10.27
-21.1,49,49.3,none,93,107.3,True,hilly,9.5,57.7,354.5,1820,65.0
-2.2,28,9.2,none,18,59.6,False,hilly,4.1,90.2,543.7,2159,25.0
25.8,29,67.4,none,62,83.2,False,flat,8.4,55.1,276.5,2043,12.06
-19.5,11,79.4,none,88,61.4,True,flat,6.7,74.5,444.4,1603,65.0
-14.0,37,29.3,none,48,56.0,True,flat,8.7,69.2,437.5,1790,55.67
20.6,77,36.3,rain,82,83.5,False,flat,1.6,61.2,355.9,1622,7.53
20.4,81,56.9,rain,82,128.8,True,flat,7.6,40.7,214.0,2304,31.68
14.9,28,75.0,none,15,51.5,True,flat,5.9,63.9,353.6,2200,27.82
18.6,96,71.5,none,47,54.3,False,flat,5.4,47.1,302.8,2303,9.66
8.0,55,4.6,rain,72,54.3,True,flat,7.3,53.5,318.4,2141,34.49
-12.4,93,13.5,none,48,109.2,True,hilly,2.7,81.3,484.4,2019,54.88
-5.8,74,60.4,none,59,81.0,True,flat,0.7,74.3,377.1,1975,40.86
-17.3,75,55.1,none,64,68.5,True,flat,5.0,71.6,433.9,1836,61.28
33.6,18,10.7,none,24,114.4,True,flat,3.0,73.8,431.9,2376,21.75
10.8,30,40.2,none,47,59.7,True,flat,2.6,47.2,319.1,1966,15.12
-1.9,11,62.5,snow,13,69.2,True,flat,10.0,49.9,287.4,1714,48.38
2.3,74,17.5,none,23,37.4,True,flat,2.0,72.6,451.3,2247,19.28
36.3,41,69.7,snow,56,41.9,True,mountainous,2.4,64.4,442.6,1837,38.37
-19.3,81,4.2,none,62,43.7,True,flat,3.3,67.8,415.7,1723,56.8
11.0,41,62.6,rain,23,64.7,True,flat,5.0,92.7,469.3,2291,22.88
5.4,84,49.3,none,78,82.4,True,flat,8.7,51.1,265.9,1947,32.46
12.8,22,25.2,none,44,30.1,True,flat,1.8,94.6,656.2,1703,19.46
-28.7,26,57.7,rain,93,49.0,True,hilly,6.2,91.4,558.2,2172,65.0
31.0,41,62.6,rain,45,47.6,True,flat,3.7,94.1,506.2,2317,20.51
35.2,47,74.7,none,23,55.3,True,flat,8.0,78.5,481.5,1900,22.92
9.6,41,29.4,rain,78,46.6,True,flat,6.0,91.8,635.0,1733,22.28
18.8,79,54.9,none,61,49.5,False,flat,8.0,99.5,506.3,1524,11.88
34.6,19,48.2,rain,45,128.4,True,hilly,8.6,68.3,413.4,2368,39.15
19.5,42,42.0,rain,42,89.5,False,flat,9.1,91.7,483.5,1948,18.21
-19.3,85,71.2,none,24,106.3,True,flat,10.0,94.2,555.3,2388,65.0
10.3,16,0.3,none,41,111.9,True,flat,6.2,58.6,369.6,2205,30.21
12.5,95,22.6,none,13,96.8,True,flat,6.4,66.6,393.9,1994,18.93
-0.3,99,43.1,snow,55,100.4,True,mountainous,1.4,74.4,515.4,2199,51.43
21.6,18,14.3,none,91,93.2,False,flat,1.1,60.9,376.0,1811,9.62
35.4,36,72.6,none,82,94.9,True,flat,4.9,59.3,411.0,1697,27.08
34.8,44,51.8,none,13,122.8,True,flat,6.9,62.8,353.7,1651,25.32
1.6,80,38.2,rain,89,48.6,True,flat,2.5,65.4,329.9,2417,32.36
-22.1,64,65.2,none,51,57.5,True,flat,3.3,55.1,292.7,2244,62.38
38.9,68,36.1,rain,27,39.3,True,hilly,7.0,68.4,351.8,2436,23.5
28.7,78,44.7,snow,78,113.7,False,hilly,2.1,86.7,561.8,2264,20.48
-21.3,21,0.2,none,39,74.9,True,hilly,5.2,77.5,416.8,1886,65.0
34.5,85,29.3,none,33,120.7,True,flat,5.4,62.8,409.0,2438,22.62
30.9,74,11.1,snow,25,71.2,True,hilly,9.2,49.4,299.9,2088,33.82
6.3,62,55.2,none,54,74.3,True,flat,4.0,89.4,486.0,2435,20.39
11.4,90,38.3,rain,18,74.8,True,mountainous,2.1,70.7,440.1,1712,35.15
-2.1,73,24.1,rain,81,91.2,True,flat,1.7,98.3,493.6,1873,35.86
-26.2,28,37.4,none,52,106.6,True,flat,2.9,55.2,312.7,1875,65.0
-6.5,49,16.8,none,50,65.1,True,flat,2.8,50.5,332.0,1506,33.67
26.2,54,74.0,none,10,93.0,False,flat,7.5,40.5,263.1,2192,11.36
-29.7,15,4.3,none,84,50.4,True,flat,5.9,45.0,295.9,2398,65.0
-6.7,96,69.2,none,54,85.4,True,flat,6.8,63.1,389.8,2418,36.25
-2.1,22,40.9,none,50,84.7,True,flat,6.3,51.9,319.0,2297,35.17
7.6,73,49.5,none,79,118.9,True,hilly,4.8,42.3,245.8,1754,40.58
34.4,56,24.2,none,16,119.6,True,flat,9.3,53.5,369.1,1885,29.39
-5.8,12,77.3,none,43,78.7,True,flat,8.2,83.7,577.6,1831,48.89
-5.7,93,22.5,snow,62,32.5,True,hilly,2.1,84.1,422.2,1949,42.44
21.6,87,47.1,none,51,114.5,False,flat,4.2,49.0,339.1,1956,15.72
1.7,57,79.5,none,26,30.1,True,hilly,2.9,96.2,648.4,2391,28.8
-14.3,31,70.5,snow,37,77.8,True,hilly,7.5,49.5,307.8,1605,63.54
1.7,21,42.9,none,37,32.0,True,flat,3.4,45.4,256.2,2257,29.48
-20.1,43,79.2,snow,99,65.3,True,flat,6.4,49.8,290.8,2074,65.0
-17.7,33,56.1,none,39,93.7,True,flat,2.9,48.4,324.3,2188,52.54
4.9,56,16.7,rain,28,67.1,True,flat,1.7,77.9,412.5,2393,24.34
-0.7,97,32.4,none,84,122.7,True,hilly,0.1,49.4,308.2,2441,36.83
34.0,62,26.8,rain,48,94.1,True,mountainous,9.9,78.1,426.3,1510,41.36
-4.6,90,27.5,rain,50,94.6,True,hilly,2.2,56.6,325.8,2354,45.16
10.6,69,60.8,none,59,67.4,True,flat,8.3,54.9,275.1,1682,25.1
14.3,53,46.7,none,64,33.9,True,mountainous,8.2,93.8,651.1,1655,33.26
-29.1,87,3.0,rain,63,103.8,True,hilly,2.4,52.9,275.8,2409,65.0
16.4,52,70.2,none,13,101.6,False,hilly,4.2,91.9,599.7,2441,18.38
-17.5,88,23.7,rain,84,83.0,True,flat,8.4,58.2,356.4,1896,59.86
37.3,36,79.8,none,28,71.6,True,flat,6.9,99.5,662.1,1561,19.99
-19.6,22,76.3,snow,36,83.8,True,flat,3.7,98.9,596.2,2314,65.0
-1.0,87,75.2,none,26,104.7,True,flat,9.5,89.7,624.8,2346,46.19
-24.0,63,64.9,none,79,101.3,True,flat,3.4,92.1,572.2,1710,65.0
39.8,90,17.6,none,63,95.8,True,mountainous,2.1,89.4,557.2,2483,30.78
5.2,94,42.6,none,78,120.4,True,hilly,1.5,77.8,532.1,2285,33.69
11.7,15,17.9,none,69,91.0,True,hilly,7.0,88.5,488.4,1947,31.76
-25.3,55,20.8,none,19,31.5,False,flat,0.3,77.7,444.9,1953,57.66
22.5,44,48.9,none,37,91.8,False,flat,8.5,90.5,573.1,1840,15.77
-15.3,66,3.3,rain,56,91.3,True,flat,3.0,96.1,507.8,2243,55.62
32.9,81,77.6,none,37,37.0,True,flat,3.7,85.2,564.0,2119,17.59
-15.6,35,73.5,rain,29,72.8,True,flat,8.0,97.9,605.3,2280,52.33
-16.7,60,30.5,none,88,95.1,True,flat,8.1,66.9,435.5,2037,55.05
-27.4,74,41.2,none,77,100.5,True,flat,4.0,95.5,666.8,1552,65.0
3.0,22,37.3,none,41,119.3,True,flat,5.5,53.6,372.5,2376,35.58
9.5,83,70.6,none,79,114.1,True,flat,6.8,41.9,246.9,1952,32.35
-25.4,65,55.1,none,66,41.7,True,flat,6.9,47.7,265.2,2228,65.0
24.3,95,22.2,none,10,90.9,False,hilly,5.3,49.6,311.0,1751,15.68
1.7,41,35.7,none,44,89.6,True,hilly,8.4,89.5,574.6,1757,34.37
6.7,20,34.3,none,36,60.4,True,flat,8.4,64.1,358.1,1865,30.85
0.9,56,76.7,none,30,48.4,True,flat,8.5,54.0,300.3,1844,31.68
-1.9,18,14.0,none,33,50.0,True,hilly,2.7,88.7,481.8,1779,32.12
9.2,97,7.2,none,95,47.8,True,hilly,2.6,52.1,355.4,1821,19.23
-19.1,13,70.4,none,54,110.6,True,mountainous,1.4,44.7,232.4,1640,65.0
-17.3,78,71.7,none,86,44.8,True,flat,8.3,68.0,373.4,1513,62.03
30.3,57,69.7,none,29,56.4,True,hilly,0.6,44.2,276.0,2476,23.11
36.2,43,40.9,none,26,51.8,True,mountainous,1.4,56.7,336.7,1574,28.42
-3.9,16,52.8,none,90,101.3,True,flat,9.3,82.0,429.9,1854,36.42
-11.0,66,45.1,none,55,45.8,True,flat,1.3,62.5,348.5,2335,39.76
15.1,63,5.6,none,91,32.4,False,flat,1.2,45.2,263.2,1504,5.61
-1.4,35,47.7,rain,16,67.4,True,hilly,9.1,64.2,444.0,2280,44.1
-28.2,92,1.1,none,92,60.5,True,flat,3.1,70.8,410.0,1920,65.0
-19.1,37,26.0,none,47,69.8,True,flat,8.8,55.0,287.8,1714,59.03
20.1,50,74.6,none,24,105.4,False,hilly,3.8,50.3,349.0,1651,15.94
16.1,59,24.3,none,72,31.2,False,flat,3.7,85.7,502.9,2335,6.78
-28.1,19,75.2,snow,82,33.8,True,flat,1.4,44.1,232.7,1787,65.0
-14.5,94,20.0,rain,14,55.6,True,mountainous,9.2,97.4,606.1,1975,65.0
-13.8,44,25.2,none,99,118.9,True,hilly,7.6,40.5,267.7,1858,62.7
17.0,17,50.3,snow,73,46.9,False,hilly,2.3,79.1,507.7,2368,15.81
-28.6,45,60.9,none,39,129.7,True,flat,7.3,48.0,270.0,1643,65.0
-22.7,64,40.1,none,24,110.6,True,hilly,1.0,72.8,398.9,2484,65.0
26.0,56,70.6,none,45,75.6,False,mountainous,5.2,51.2,346.7,1519,29.11
-17.5,73,3.2,none,30,104.8,True,hilly,2.5,42.1,226.6,1699,58.61
15.7,15,73.8,rain,54,81.9,True,flat,8.5,91.6,596.6,1973,28.63
-13.3,36,15.7,rain,80,86.6,True,flat,5.1,65.4,330.2,1674,55.39
-23.0,84,70.7,none,69,88.1,True,flat,9.2,56.5,330.0,1749,65.0
-13.0,17,32.1,none,49,94.9,False,flat,5.9,96.8,674.9,2487,39.57
20.6,87,66.6,none,21,36.1,False,hilly,5.0,44.9,281.5,2112,11.3
29.9,18,53.7,rain,96,91.6,False,flat,6.9,60.9,342.4,1545,11.74
28.1,85,14.1,none,34,101.7,False,flat,7.8,50.6,324.1,1976,12.92
-2.2,42,73.4,none,35,61.1,True,flat,0.2,99.5,567.7,2082,23.53
16.8,65,19.6,none,68,127.9,False,flat,5.2,72.8,500.4,1829,13.98
-15.7,24,19.5,rain,79,44.4,True,flat,7.8,88.7,485.4,2388,56.46
-9.5,16,65.1,rain,99,121.0,True,flat,4.1,49.8,280.9,2310,51.11
32.7,29,8.5,none,97,97.6,True,flat,0.5,58.3,371.6,1904,19.26
-29.1,22,17.8,none,92,96.4,True,flat,0.2,77.2,508.6,2257,65.0
-24.0,38,40.3,rain,49,117.6,True,flat,7.9,50.7,311.8,2029,65.0
-15.4,56,66.4,rain,25,113.2,True,flat,2.0,70.0,390.5,2313,61.87
-28.1,63,11.8,none,63,64.5,True,flat,1.7,95.9,589.4,1988,65.0
-17.3,81,43.8,none,12,100.5,True,hilly,2.9,95.8,521.1,1612,63.61
10.8,69,56.9,snow,28,35.1,True,flat,1.0,61.3,313.5,1810,21.26
-0.5,65,68.8,snow,10,76.4,True,hilly,0.5,71.0,485.4,2124,38.48
32.5,47,74.8,rain,26,123.8,True,flat,8.7,51.9,309.5,2459,35.43
27.2,53,62.8,none,53,57.4,False,flat,3.0,98.7,588.4,2382,5.36
-6.1,47,52.2,rain,45,35.0,True,flat,5.8,71.2,462.0,2339,38.47
-11.8,86,34.7,none,43,88.3,False,hilly,8.6,52.4,320.6,2047,42.98
-3.4,31,9.0,rain,85,65.5,True,flat,9.8,90.7,535.8,1687,42.42
11.3,11,56.8,none,71,68.0,False,flat,6.9,65.2,429.8,1518,13.76
-11.2,69,79.4,none,94,88.2,False,hilly,9.5,78.2,465.1,1852,43.81
13.7,28,58.9,none,50,92.2,True,flat,4.2,90.6,618.5,2268,30.15
-1.3,90,1.3,rain,35,73.7,True,hilly,7.9,58.6,328.6,1750,42.42
8.6,87,39.7,none,21,80.8,True,flat,9.4,74.7,378.4,1792,19.5
0.5,17,49.2,none,70,129.3,True,flat,0.5,43.4,229.8,1620,28.16
-9.4,20,55.2,rain,86,125.7,True,hilly,3.2,54.1,359.0,2209,53.58
36.4,55,57.6,none,27,100.7,True,flat,7.4,48.3,331.1,1787,29.82
23.5,65,44.6,none,89,46.1,False,flat,3.2,78.7,405.1,2129,7.81
-20.2,35,17.9,snow,57,66.0,True,hilly,0.2,55.3,376.9,2024,64.63
30.8,75,75.4,none,23,118.3,True,hilly,8.1,85.6,589.6,2493,31.1
4.1,64,55.7,rain,68,72.4,False,flat,1.6,85.7,557.6,2446,18.11
32.6,39,18.9,none,57,125.5,True,flat,3.2,87.1,567.8,1894,20.06
26.0,12,25.8,rain,13,78.8,False,flat,9.1,48.0,239.9,2302,11.85
-0.2,78,73.8,rain,46,116.2,True,hilly,2.1,71.6,389.7,1907,41.81
-28.4,29,71.0,none,81,33.5,True,hilly,8.9,80.7,438.4,1770,65.0
-11.2,85,32.4,snow,60,73.4,False,hilly,4.2,59.4,365.9,1515,46.35
7.9,48,3.1,none,35,100.0,True,hilly,9.2,55.6,351.1,2219,27.67
14.3,62,3.9,rain,94,116.4,True,hilly,8.8,83.1,565.2,1780,35.83
-11.9,89,22.7,rain,31,91.0,True,flat,4.2,61.1,365.0,1981,49.15
-20.2,88,50.3,none,33,47.3,True,flat,9.2,54.9,329.7,1665,61.3
28.4,43,46.7,none,42,118.6,False,flat,6.3,73.8,376.9,1565,20.21
38.9,29,50.7,snow,91,87.5,False,flat,4.8,77.2,540.2,2247,17.28
6.8,80,57.4,none,56,40.8,True,flat,5.3,86.6,596.8,1793,23.12
-18.0,49,1.5,none,71,76.4,True,flat,0.6,42.5,218.4,1755,55.0
-10.9,27,8.4,none,98,99.9,True,flat,8.1,50.5,308.6,1759,39.82
-28.7,91,28.8,none,80,75.1,True,hilly,2.9,86.6,493.4,1604,65.0
34.0,28,12.4,rain,26,117.1,True,mountainous,2.7,71.9,421.2,1532,35.0
-21.8,12,6.0,none,81,72.4,True,flat,7.2,88.4,557.0,1686,63.2
10.4,12,51.3,none,77,88.3,True,flat,3.7,66.9,390.7,2300,29.32
-10.8,66,65.2,rain,31,51.1,True,hilly,5.1,67.6,404.8,2481,51.43
8.8,70,60.2,none,39,81.3,True,flat,4.2,62.7,347.5,2015,26.16
15.6,38,65.4,none,74,52.3,False,flat,5.0,81.5,420.8,2306,5.64
28.1,39,53.3,rain,31,52.5,False,hilly,2.2,75.4,491.0,1755,15.3
-15.6,41,58.8,rain,29,58.0,True,hilly,8.8,63.6,365.9,2184,56.63
-29.2,71,21.7,rain,73,34.4,False,flat,6.1,51.3,347.1,2391,65.0
-20.4,15,79.4,none,89,46.3,True,mountainous,2.3,40.1,276.6,2117,65.0
33.0,94,14.7,none,17,72.4,True,mountainous,0.9,45.5,235.4,2201,28.31
31.2,30,17.2,none,50,43.1,True,hilly,5.4,46.5,296.0,1600,14.1
11.8,100,23.1,none,65,43.3,True,flat,4.7,74.2,492.5,1857,24.24
12.0,25,78.0,none,71,126.8,True,flat,9.3,85.6,538.5,1531,27.41
16.6,79,79.1,none,100,72.7,False,hilly,2.3,67.4,381.4,1666,10.81
-17.7,30,63.6,none,71,70.4,True,hilly,8.8,64.9,361.2,1798,65.0
34.0,17,50.3,none,66,56.8,True,flat,7.7,47.9,283.9,2453,24.68
-0.7,89,41.6,none,99,81.2,True,flat,4.8,94.1,519.0,1541,36.31
-3.2,87,77.6,none,15,89.6,True,hilly,8.7,84.1,571.2,1952,46.54
6.3,46,55.6,none,17,71.8,True,flat,8.6,65.0,331.4,2271,27.94
-26.7,73,75.6,none,60,69.4,True,mountainous,7.1,45.8,239.4,2007,65.0
-18.4,60,25.3,none,42,100.0,True,hilly,1.0,90.8,563.9,2086,57.81
21.7,87,26.7,rain,19,125.0,False,hilly,1.6,50.2,317.0,2433,20.74
-24.2,38,68.4,rain,38,117.8,True,flat,5.9,80.4,520.4,2151,65.0
12.2,57,12.0,rain,71,41.9,True,flat,2.5,60.4,335.2,2258,19.11
-12.8,54,75.7,none,89,95.2,True,hilly,5.5,91.6,511.8,1539,59.22
-2.7,42,40.6,none,18,30.7,True,flat,5.6,75.2,438.3,2296,28.52
-9.8,90,74.1,none,59,93.3,False,flat,5.9,53.6,293.4,1922,36.85
-5.1,25,26.9,rain,37,76.4,True,flat,5.7,40.8,234.6,1520,39.31
20.3,23,57.3,none,70,79.1,False,flat,3.8,52.7,337.2,2350,8.64
-9.2,62,38.6,none,59,88.8,True,hilly,2.1,61.9,371.3,2457,42.28
9.6,69,50.1,none,93,104.3,True,hilly,5.2,82.5,572.0,2103,37.06
3.3,28,40.3,none,13,102.9,True,flat,5.0,53.0,326.2,2389,30.4
16.5,45,77.4,rain,52,34.4,False,hilly,2.8,55.7,315.1,1695,13.33
35.6,95,55.4,none,27,103.6,True,hilly,0.5,66.1,354.6,2104,29.65
21.3,32,20.1,none,58,113.0,False,flat,2.1,42.6,231.6,1949,7.79
-15.0,70,72.8,none,87,36.8,True,flat,5.5,86.1,433.3,1537,48.6
-27.8,77,23.5,none,92,62.3,True,flat,5.4,44.7,263.2,2127,65.0
-11.6,50,29.7,rain,46,109.2,True,flat,1.3,84.2,582.8,2076,45.9
11.7,94,8.2,none,83,79.3,True,flat,6.1,56.1,367.6,1545,26.89
-26.4,76,72.0,rain,35,99.5,True,flat,4.2,67.6,378.6,1708,65.0
4.7,51,22.9,none,11,80.2,True,flat,6.5,64.6,426.4,1790,22.16
11.8,61,20.7,none,87,127.8,True,hilly,8.9,55.2,378.8,1695,35.71
-6.6,72,73.6,rain,21,123.6,True,hilly,3.1,55.3,351.2,2150,55.96
24.0,63,64.4,snow,12,58.1,False,mountainous,3.5,96.9,583.9,2032,27.75
-22.5,89,11.3,none,42,68.6,True,flat,6.8,58.3,307.5,1867,65.0
-24.7,42,61.5,none,44,73.1,True,flat,9.5,51.0,263.1,1933,65.0
21.0,37,73.0,none,17,40.4,False,flat,4.9,55.0,299.2,2466,4.35
4.7,29,6.3,none,83,70.4,True,flat,1.7,81.7,517.0,1612,28.33
18.2,13,66.0,none,47,107.5,False,hilly,9.4,58.5,310.8,1687,22.81
0.4,14,43.8,none,54,114.7,True,flat,4.7,50.3,305.1,2038,37.54
-12.8,88,53.5,none,34,118.6,True,flat,4.6,64.9,381.0,2478,54.48
27.3,71,39.4,snow,56,31.5,False,hilly,5.4,47.1,294.4,2239,17.93
26.0,69,55.8,none,79,108.9,False,flat,2.5,63.9,326.3,2320,9.66
18.6,65,2.7,snow,92,80.3,False,flat,7.8,91.7,638.5,2233,18.26
-10.9,86,61.0,rain,97,50.6,True,hilly,6.4,62.4,397.9,1578,58.86
11.3,53,2.7,rain,48,79.9,True,hilly,9.5,70.8,456.5,1793,33.68
-4.7,88,36.4,snow,99,114.4,True,flat,2.0,87.3,439.6,2040,43.12
-23.6,42,12.1,rain,37,73.4,True,hilly,6.2,71.0,366.1,1562,65.0
34.2,93,65.9,rain,11,129.0,False,flat,5.2,42.8,273.2,1899,18.34
-20.4,73,25.1,none,79,91.7,False,flat,8.9,52.9,276.1,1710,55.88
36.5,33,36.3,none,26,79.0,True,flat,0.3,93.7,636.0,2152,13.65
1.2,61,34.3,snow,15,59.5,True,hilly,7.6,88.1,550.2,1598,39.29
-17.0,58,61.8,none,93,31.1,True,flat,6.2,85.6,440.4,2286,48.6
7.9,22,38.5,none,81,91.1,True,flat,6.1,72.8,453.6,2071,31.3
31.1,63,63.1,rain,19,87.7,True,mountainous,8.8,61.2,404.2,1873,41.9
21.3,38,5.9,none,80,81.7,False,hilly,5.9,81.7,539.1,1640,14.33
26.5,15,15.3,rain,86,83.8,False,hilly,7.2,79.8,463.0,2172,18.75
16.1,95,44.1,none,91,114.4,False,flat,6.5,78.6,465.1,2339,15.33
18.5,68,75.8,none,59,61.7,False,flat,0.7,70.2,454.5,2348,6.07
29.4,89,6.0,none,73,85.0,False,flat,1.1,55.6,375.0,1629,7.13
-12.5,71,3.4,snow,79,98.0,True,flat,3.4,66.1,435.6,2480,53.91
4.3,42,12.5,none,72,51.0,True,flat,6.8,70.7,438.0,1821,26.45
-14.5,56,51.3,rain,68,122.5,True,hilly,0.3,53.0,341.6,1741,54.55
39.1,71,31.9,none,59,103.7,True,flat,7.7,53.8,339.2,1871,23.0
36.1,96,66.0,none,53,35.3,True,flat,2.0,87.5,538.6,1926,18.91
-27.2,33,5.8,none,100,116.5,True,flat,5.6,59.2,404.8,2085,65.0
19.4,89,15.7,none,40,123.0,True,flat,2.0,98.4,619.6,2050,19.88
34.8,93,24.0,none,18,109.4,True,flat,1.8,66.2,381.5,1668,15.33
-17.4,70,50.1,none,79,72.6,True,flat,3.3,76.5,531.7,1779,54.54
9.8,94,54.8,none,29,129.4,True,mountainous,9.2,70.2,484.6,2242,51.36
34.1,46,9.9,none,58,42.4,True,flat,2.4,69.6,456.6,1714,12.68
-27.6,96,75.5,rain,19,83.7,True,hilly,0.5,93.4,473.1,2193,65.0
18.8,73,27.3,none,66,47.0,False,hilly,8.8,45.6,294.3,2257,14.45
-9.2,14,57.1,none,95,73.9,True,flat,4.4,60.7,307.4,2253,38.53
34.7,92,41.9,none,75,122.7,True,mountainous,6.2,57.2,294.2,2241,38.27
38.0,54,17.8,snow,29,109.4,False,flat,8.9,59.6,339.8,1760,20.92
36.1,51,67.7,rain,97,108.2,True,mountainous,7.6,94.8,533.7,1922,39.78
3.2,61,65.5,rain,38,65.4,True,flat,8.0,44.2,270.8,1969,32.97
30.3,23,31.7,none,49,123.4,True,hilly,4.8,57.0,312.8,2448,27.87
29.1,52,47.1,rain,55,66.8,False,hilly,6.9,84.3,454.9,1829,17.03
-7.7,85,20.6,rain,99,34.0,True,flat,9.6,54.3,344.0,2438,45.83
28.0,11,55.2,snow,16,93.8,False,flat,8.9,90.0,529.7,2373,23.33
-27.4,35,24.7,none,73,66.3,True,flat,6.1,59.8,305.3,2265,65.0
11.7,10,67.5,snow,43,45.4,True,flat,0.9,46.8,275.4,2187,20.6
-13.9,47,17.4,none,17,123.5,True,flat,9.8,71.2,463.7,1996,54.27
-21.6,76,1.2,none,94,93.7,True,hilly,2.3,70.7,362.8,1618,65.0
-24.6,82,21.5,none,63,124.1,True,flat,3.6,42.3,289.3,1986,65.0
18.7,95,15.3,none,78,88.3,False,flat,1.4,83.1,494.5,1524,8.76
-6.2,65,40.7,none,32,36.4,False,flat,1.7,48.5,292.2,1989,25.89
20.7,33,16.3,none,79,33.0,False,flat,8.0,52.8,295.7,2131,4.75
-25.4,93,61.1,rain,85,120.1,True,mountainous,1.3,73.7,464.2,1902,65.0
-7.9,80,19.3,none,49,33.9,True,flat,1.9,93.4,471.2,1626,32.61
7.8,62,56.6,none,61,91.5,True,flat,1.7,41.2,267.1,2196,22.23
25.4,73,46.3,none,97,59.8,False,flat,3.7,89.4,464.5,2342,3.22
-7.7,93,78.9,snow,86,98.8,False,flat,6.9,85.2,502.1,2141,41.58
13.8,74,80.0,none,50,58.5,True,flat,6.4,49.7,263.1,2080,19.34
32.0,43,69.6,none,70,33.7,True,flat,7.2,62.4,333.1,1923,21.53
13.1,74,60.8,rain,81,103.1,True,flat,7.3,94.4,559.4,2172,34.39
-13.7,14,30.9,none,12,61.1,False,hilly,0.0,48.8,250.3,1814,36.39
-28.3,45,60.3,none,63,85.1,True,flat,6.8,46.7,247.4,2080,65.0
30.9,47,76.5,none,99,107.4,True,flat,6.8,84.1,512.0,1833,21.41
-28.5,25,1.9,none,95,100.3,True,flat,0.6,68.3,436.3,2117,65.0
31.2,12,43.0,none,85,64.9,True,flat,4.3,57.0,326.2,1967,21.9
7.0,22,17.4,none,20,104.8,True,flat,0.8,50.3,338.7,1729,22.09
35.7,69,44.6,snow,99,122.6,True,flat,1.9,83.3,443.5,1771,24.51
25.9,82,37.3,none,65,91.0,False,flat,4.9,66.4,406.3,2227,7.4
39.9,99,46.1,none,30,100.4,True,hilly,0.1,54.4,281.5,1669,23.09
-5.5,41,44.1,snow,71,116.6,True,flat,0.9,96.6,515.4,1790,49.33
23.7,64,76.8,none,87,114.4,True,flat,0.8,73.7,502.2,2223,15.08
-1.9,94,44.2,none,20,65.2,False,flat,1.2,61.2,427.5,1528,24.7
3.6,25,67.7,none,92,129.2,True,flat,0.5,83.2,581.8,1503,29.99
13.9,75,25.6,none,93,32.9,True,hilly,6.1,69.8,460.6,1895,24.34
31.2,78,35.0,none,11,128.7,True,flat,1.8,40.6,219.0,2449,22.86
38.9,18,37.6,snow,91,54.6,True,flat,8.6,90.4,503.9,1547,32.97
23.8,88,22.3,none,95,74.0,False,hilly,8.8,44.0,227.7,2397,11.68
-0.8,83,30.4,none,13,118.4,True,flat,6.9,99.4,507.5,2064,34.2
-0.5,13,47.9,snow,36,54.4,False,mountainous,0.6,61.0,394.3,1599,41.79
21.6,18,46.4,snow,44,52.5,False,flat,8.9,71.5,434.7,2330,20.15
-13.3,14,50.9,none,41,94.3,True,hilly,4.2,100.0,631.9,1546,53.28
-22.3,40,28.1,rain,78,100.5,True,flat,1.8,56.2,345.9,2013,65.0
-5.2,56,25.3,none,42,30.7,True,hilly,7.8,67.8,340.4,2118,48.02
-9.9,58,48.9,none,96,75.0,False,flat,3.5,85.3,481.0,2179,30.16
-9.3,34,10.6,none,100,78.9,True,mountainous,5.1,68.0,434.1,1736,60.94
-13.6,92,20.2,none,39,57.2,True,flat,7.4,60.0,403.5,1768,47.5
-27.1,43,3.4,none,56,84.6,True,hilly,1.0,47.2,250.8,2349,65.0
-28.7,14,5.8,none,60,45.5,True,hilly,1.7,70.8,370.6,1856,65.0
39.1,37,19.5,none,62,62.4,True,hilly,9.7,73.1,505.7,2027,25.25
-0.1,58,1.6,none,44,101.3,True,flat,7.1,54.0,374.3,1946,32.49
-3.1,47,19.6,none,25,117.4,True,flat,2.3,60.0,390.2,1680,41.72
17.6,35,52.4,snow,15,88.9,False,hilly,5.7,57.9,296.4,1907,25.04
-14.7,22,4.9,rain,20,37.5,True,flat,1.9,65.6,411.0,1543,47.72
36.5,84,34.9,none,91,97.9,True,hilly,8.7,87.9,462.0,1651,27.38
25.0,100,73.0,snow,35,119.8,False,mountainous,4.5,60.0,401.1,2333,37.16
-23.7,40,63.3,none,17,80.4,True,flat,8.1,56.3,315.9,2425,65.0
-0.8,44,24.4,none,66,79.4,True,flat,9.7,90.4,537.8,1521,32.98
31.5,66,74.0,none,17,129.1,True,flat,9.8,88.7,476.5,1821,25.9
36.1,75,26.4,none,16,93.6,True,flat,1.4,87.6,565.0,2436,14.31
2.7,45,5.8,rain,66,110.6,False,hilly,9.4,84.6,507.8,2220,31.95
12.9,91,79.5,snow,63,94.6,True,flat,2.7,93.3,598.4,1512,31.56
-18.3,60,69.6,none,14,52.1,True,flat,3.6,82.8,466.9,1608,55.56
39.4,51,37.3,none,51,58.4,True,mountainous,0.6,50.2,288.6,2237,29.45
-13.8,68,53.3,none,49,96.6,True,flat,6.5,42.0,285.2,2180,48.67
36.0,96,53.7,none,59,75.6,True,hilly,6.4,50.9,280.4,2376,22.56
15.5,82,15.6,rain,76,70.4,False,flat,7.8,61.9,421.1,2257,13.48
12.5,14,16.0,none,35,32.2,True,flat,9.5,43.2,222.4,2445,20.45
5.9,40,37.6,none,49,118.4,True,flat,4.3,85.4,454.2,2043,30.02
-13.9,52,72.9,rain,81,118.4,True,flat,4.1,78.5,496.5,1763,51.25
-17.6,38,0.8,none,93,76.1,True,hilly,6.4,83.1,580.6,1631,64.76
-14.6,73,62.6,snow,90,100.1,True,flat,6.7,45.7,314.2,1505,65.0
-16.9,84,4.6,none,53,47.8,True,hilly,4.5,59.7,359.4,1625,52.72
24.6,76,38.3,none,57,80.4,False,flat,9.2,67.6,409.1,2099,14.49
-5.5,99,51.0,none,58,73.9,True,hilly,0.5,76.2,468.1,1906,42.2
-26.0,35,54.9,none,88,95.7,True,flat,7.6,88.2,580.5,2292,65.0
37.8,89,4.7,rain,86,77.0,True,hilly,2.1,98.6,601.7,1828,31.7
31.9,79,33.5,none,38,79.8,True,flat,5.0,44.9,235.2,1856,21.76
34.9,43,46.7,snow,25,59.6,True,flat,8.5,78.5,524.1,2117,29.45
39.6,76,5.3,none,44,34.8,True,hilly,3.3,48.1,325.6,2437,19.79
-17.8,19,10.8,snow,36,121.7,True,hilly,9.0,58.0,396.4,2091,65.0
-2.3,81,53.1,snow,96,31.2,True,hilly,4.5,86.3,504.2,1731,47.07
23.1,58,41.7,none,34,58.1,False,flat,7.0,99.6,542.3,1891,9.42
18.7,36,12.9,none,26,74.8,False,hilly,7.2,71.6,375.0,2423,13.32
-19.2,69,42.8,rain,91,61.9,True,flat,2.6,61.2,370.1,2303,63.2
27.1,68,73.0,none,18,85.2,True,flat,9.0,52.8,293.6,1534,25.87
-14.3,29,1.2,rain,33,76.2,True,hilly,1.2,87.0,509.1,1754,54.09
-14.3,13,51.4,none,50,55.5,True,hilly,5.9,94.2,489.8,2104,56.53
7.6,49,5.9,rain,64,38.8,True,hilly,9.3,90.9,490.8,2238,29.27
11.5,61,0.5,none,39,43.8,True,mountainous,0.3,70.6,414.8,1620,29.72
10.6,89,12.1,rain,55,78.6,True,flat,5.3,75.3,403.7,2015,24.75
-23.6,94,33.8,none,28,114.6,True,mountainous,2.5,90.2,491.6,2062,65.0
31.4,58,64.2,rain,62,40.1,True,flat,1.9,95.7,482.5,1621,10.38
-11.4,78,22.5,none,47,97.7,True,flat,2.3,96.3,495.8,1940,41.96
-20.9,50,50.1,none,86,109.2,True,hilly,9.0,81.4,425.9,1503,65.0
32.2,77,32.9,snow,47,57.7,True,hilly,4.3,51.5,325.1,2199,26.34
36.9,28,18.7,rain,50,96.8,True,flat,2.4,58.8,311.5,1577,14.58
30.3,43,41.1,snow,63,98.7,False,mountainous,9.3,56.0,378.4,1646,38.13
26.7,67,63.8,none,21,100.8,False,flat,3.2,50.4,331.2,2292,11.59
15.9,12,66.6,none,24,119.1,False,flat,7.2,55.0,365.2,1914,15.89
8.6,75,67.7,none,81,69.9,True,hilly,5.4,92.2,525.9,2193,28.77
-23.9,85,27.1,none,35,54.4,True,hilly,6.8,86.2,441.1,2155,65.0
-1.4,46,63.5,none,72,84.4,True,hilly,1.8,42.6,219.6,1651,42.87
-3.9,50,17.0,none,19,36.3,False,hilly,6.8,48.9,311.7,1669,25.98
-11.8,87,59.1,snow,84,63.4,True,flat,9.1,99.1,678.4,2159,62.27
20.6,80,75.9,none,99,118.3,False,flat,1.0,53.6,286.6,1738,11.33
4.7,36,1.1,snow,44,83.2,True,mountainous,3.3,78.1,525.3,1942,48.99
-24.3,39,35.2,none,55,73.7,True,hilly,9.7,52.3,330.0,2321,65.0
-14.6,71,51.8,snow,50,56.6,True,mountainous,2.3,54.0,343.2,1774,65.0
17.8,61,56.1,none,90,55.0,False,mountainous,0.6,69.9,447.1,1843,21.81
-24.7,25,14.1,rain,11,53.7,True,hilly,0.6,69.3,354.9,1813,65.0
29.6,38,77.8,none,69,112.9,False,hilly,2.8,78.8,489.0,2246,19.56
4.7,91,49.2,snow,69,128.5,True,flat,4.9,50.1,298.9,1821,42.0
3.6,72,13.1,none,44,83.5,True,flat,2.7,55.8,372.1,1883,23.9
11.5,99,1.6,none,30,38.0,True,hilly,2.8,77.4,453.6,2056,17.89
27.7,79,62.7,none,32,105.1,False,hilly,8.3,45.8,275.9,2011,20.96
-5.7,95,6.4,none,82,117.7,True,flat,7.7,94.6,582.6,1776,42.99
17.5,29,11.3,rain,16,123.1,False,flat,3.1,50.7,313.2,2109,12.78
9.6,79,46.0,none,61,92.9,True,flat,3.4,66.3,384.6,1854,28.32
-11.3,12,48.3,rain,38,80.7,True,flat,9.7,46.5,248.1,1958,56.17
31.5,70,55.0,none,34,92.1,True,hilly,9.5,81.1,446.2,1877,26.05
25.8,52,31.5,snow,56,31.3,False,flat,9.7,59.6,347.2,2285,21.8
16.1,41,61.9,snow,91,95.5,False,flat,9.4,44.4,277.1,2040,22.43
29.5,88,77.9,none,66,101.0,False,flat,6.3,75.6,446.5,2488,15.8
30.7,87,21.7,none,81,102.2,True,flat,3.1,98.8,650.7,1993,13.76
19.6,12,56.2,none,64,86.3,False,hilly,9.7,92.3,567.4,2391,19.47
28.6,65,74.3,none,73,100.0,False,flat,7.4,82.2,467.2,2074,14.08
18.8,43,54.9,none,49,93.9,False,hilly,7.1,40.8,244.3,2393,18.19
17.6,47,54.5,none,93,41.6,False,flat,8.0,91.6,523.8,2164,7.76
13.3,85,17.9,none,55,119.8,True,flat,6.0,93.8,474.7,1621,25.62
22.7,38,42.8,none,60,92.3,False,flat,5.8,42.3,235.2,1594,8.76
-18.9,95,45.0,none,57,102.8,True,mountainous,3.6,47.3,279.4,2264,65.0
31.7,26,56.0,none,38,64.3,True,flat,1.5,67.1,369.7,2184,13.76
31.0,70,79.7,none,31,121.9,True,flat,4.4,64.1,412.9,1951,24.89
-28.0,70,2.7,none,17,80.3,True,flat,5.2,57.7,387.8,1929,65.0
27.8,33,5.2,none,75,97.9,False,hilly,8.8,51.9,290.2,2161,18.19
-21.0,39,6.2,none,36,125.2,True,flat,4.0,72.9,368.3,2055,65.0
-6.5,85,59.4,rain,45,121.6,True,flat,8.8,86.3,582.5,1703,58.18
22.0,79,10.9,none,93,94.5,False,flat,3.2,96.2,592.2,2375,7.73
-18.7,40,49.8,rain,61,46.6,False,mountainous,9.4,58.1,291.0,2203,65.0
27.3,58,26.0,none,19,125.1,False,mountainous,0.4,82.2,493.1,2152,21.15
28.2,16,36.6,none,82,128.4,False,flat,5.3,87.3,453.3,1976,10.17
5.5,29,17.3,none,33,40.3,True,hilly,3.2,68.7,436.0,2446,22.96
-29.6,54,69.3,none,60,75.0,True,flat,2.9,95.3,578.0,1511,65.0
-9.9,18,46.9,rain,56,84.8,True,flat,0.8,41.4,282.5,2198,40.39
13.2,86,75.6,none,31,39.2,True,hilly,6.8,94.0,544.4,2483,23.42
38.7,75,46.0,snow,20,49.0,True,flat,3.9,93.6,640.6,2091,26.11
14.2,95,9.9,none,29,83.8,True,flat,9.5,48.2,321.8,2093,18.61
-11.8,72,13.7,none,19,126.3,True,mountainous,7.1,66.4,431.7,2294,65.0
14.4,95,79.1,none,35,32.8,True,flat,4.4,71.0,416.9,1524,20.8
7.8,60,58.0,none,100,121.2,True,flat,6.3,64.1,373.7,1616,33.57
24.6,64,3.9,none,46,119.9,False,hilly,0.7,93.7,542.7,2346,12.44
-22.5,98,56.3,none,88,115.7,True,flat,5.9,82.8,422.5,2157,65.0
23.3,68,33.0,rain,59,67.8,True,flat,6.7,47.4,294.5,2483,27.4
7.9,13,24.6,rain,70,79.1,True,flat,1.1,95.6,630.5,1907,29.71
37.4,75,12.3,none,24,70.4,True,flat,6.8,42.8,277.5,1947,19.43
-6.1,91,67.2,none,35,124.8,True,flat,4.7,75.7,467.0,2164,42.76
14.3,82,5.1,none,56,82.1,True,flat,4.8,71.4,407.8,1681,21.6
35.2,63,23.2,none,89,38.1,True,flat,7.2,44.3,283.3,1788,17.91
-22.8,70,24.5,rain,14,57.4,True,mountainous,4.5,81.8,495.2,2360,65.0
35.6,99,12.9,none,56,76.2,True,flat,2.3,97.8,652.9,2303,18.57
18.2,18,40.7,rain,15,125.4,True,hilly,3.0,67.5,374.4,2071,31.75
-25.3,70,0.9,snow,51,86.9,True,flat,7.4,70.8,368.6,1859,65.0
-8.9,36,24.1,none,67,99.6,True,hilly,0.7,63.0,315.6,2136,46.9
19.6,68,74.7,none,77,38.9,False,hilly,8.4,92.5,600.0,1673,15.22
-25.3,65,24.8,none,22,117.7,True,flat,5.8,95.7,593.0,1933,65.0
10.8,24,28.8,none,25,83.9,True,flat,7.3,63.8,326.8,2003,20.66
-5.8,29,37.9,none,52,122.1,True,flat,3.4,93.5,624.2,1961,44.07
13.5,66,44.9,rain,100,74.5,True,flat,2.2,52.3,311.2,1919,24.63
-26.8,22,64.7,none,42,98.3,True,mountainous,8.0,67.5,399.6,1876,65.0
31.0,34,15.2,rain,48,77.1,True,flat,1.0,55.1,351.0,2078,24.09
38.1,85,69.7,rain,49,44.3,True,flat,1.7,53.4,335.0,1858,21.44
37.8,39,60.6,rain,17,57.2,True,flat,2.8,91.4,500.7,2090,22.52
22.5,54,57.8,none,80,36.7,False,flat,3.5,82.9,521.1,2020,6.8
-20.9,95,6.9,rain,33,74.0,True,hilly,2.0,44.0,295.6,1853,60.99
23.1,30,1.7,none,73,94.9,False,flat,9.1,85.4,494.2,2285,10.92
-28.3,45,47.5,none,53,54.4,True,flat,0.3,74.4,415.0,1543,65.0
-28.5,65,69.1,snow,65,79.0,True,flat,8.0,87.2,446.6,1770,65.0
-7.3,78,46.8,snow,15,75.9,False,flat,4.1,75.6,469.5,1995,36.81
4.2,91,17.1,none,90,83.3,True,flat,8.4,62.6,407.9,2413,30.92
23.9,92,7.2,rain,32,48.5,False,mountainous,8.0,69.7,483.4,1572,26.11
17.8,80,56.0,none,70,83.4,False,hilly,1.2,48.5,301.8,2084,12.96
1.2,31,57.7,none,82,66.4,True,mountainous,6.7,58.6,345.7,1670,51.68
-10.8,12,13.8,none,59,58.6,True,flat,3.8,41.3,284.0,1512,34.69
39.8,45,2.3,none,40,88.6,True,hilly,8.2,64.4,344.9,2367,20.98
-0.2,23,32.7,none,98,44.8,True,flat,8.5,45.5,291.8,2377,34.67
1.6,74,46.6,none,35,120.1,False,flat,1.9,79.6,450.3,1775,23.36
-18.5,70,56.5,none,95,123.5,True,flat,4.8,94.8,637.0,2361,63.93
25.6,14,64.8,none,24,96.1,True,hilly,5.9,84.4,548.1,1877,29.08
18.6,85,48.8,none,45,60.3,False,flat,5.4,52.4,297.2,1547,9.35
-14.5,32,8.9,none,22,92.6,True,flat,2.5,70.4,461.3,1724,51.06
-24.2,49,54.6,none,10,90.2,True,hilly,2.7,82.7,560.9,2151,65.0
17.6,70,78.7,none,33,69.1,False,hilly,8.6,88.3,486.3,1706,16.81
15.8,49,72.4,none,18,58.7,False,mountainous,0.3,57.0,350.1,2077,22.12
-10.9,50,69.7,none,99,46.8,True,flat,2.6,68.6,400.7,1683,44.39
36.6,16,24.2,none,79,51.7,True,flat,2.2,46.3,317.0,1708,17.03
-19.4,46,60.1,none,10,95.3,True,hilly,3.7,83.6,580.4,2175,59.65
0.3,79,68.1,snow,30,118.6,False,flat,6.9,66.1,344.1,2370,34.47
36.1,92,54.3,none,70,68.5,True,flat,5.3,42.5,259.2,2248,21.78
-0.6,47,20.0,none,46,42.2,True,flat,5.4,71.8,435.0,1558,32.92
14.7,48,76.3,none,85,31.3,True,hilly,7.3,87.5,589.4,2423,20.15
-2.2,73,36.1,none,55,70.6,True,flat,8.1,42.7,279.8,1660,31.82
-10.8,95,10.4,none,69,53.3,True,hilly,1.6,64.2,357.9,2227,42.23
38.9,34,8.8,snow,64,62.3,True,flat,1.1,68.9,416.5,2228,19.08
-1.3,50,51.8,none,67,54.2,True,flat,3.0,100.0,575.5,1952,26.76
32.6,82,35.0,none,31,96.4,True,flat,8.3,53.1,303.1,2064,15.65
-13.9,65,7.6,none,44,93.9,True,flat,5.4,89.1,576.1,1596,52.03
-15.1,20,59.2,none,15,121.2,True,flat,1.4,48.8,302.2,2473,56.76
-27.8,66,63.9,snow,63,100.0,True,hilly,1.6,97.8,528.1,1565,65.0
15.6,27,58.0,none,51,46.5,False,mountainous,9.0,58.4,364.5,2410,28.09
-4.2,56,16.2,none,78,105.2,True,hilly,3.7,48.7,288.9,1749,42.57
30.5,58,55.2,none,29,48.1,True,flat,2.6,62.9,357.4,1891,9.31
3.1,89,0.9,none,49,85.9,True,flat,6.9,40.9,210.0,2258,25.86
37.8,52,24.4,none,26,37.7,True,hilly,8.6,46.5,319.1,2379,19.32
-17.0,35,31.9,none,65,34.7,True,flat,4.4,69.8,469.1,2195,48.96
30.8,31,66.8,none,86,76.4,True,hilly,7.9,96.4,540.7,1622,27.55
24.4,89,31.2,none,79,40.5,False,mountainous,4.3,66.7,407.7,1852,21.33
24.0,25,0.9,none,95,60.7,False,flat,6.9,79.6,535.7,2110,7.55
29.1,48,28.2,snow,97,63.9,False,flat,5.7,82.4,497.8,2486,17.49
23.3,27,39.9,none,79,106.9,False,mountainous,8.9,42.2,222.9,1905,31.29
13.8,80,75.9,none,36,63.3,True,flat,3.3,59.3,352.9,1803,20.27
-20.8,53,75.3,rain,30,79.4,True,hilly,7.7,99.8,561.8,1780,65.0
-27.7,42,14.5,none,50,107.3,True,hilly,6.8,40.4,239.1,2354,65.0
34.5,42,14.8,none,99,50.5,True,mountainous,8.4,68.2,456.7,1671,36.64
13.2,87,13.1,none,47,110.5,True,hilly,6.1,90.2,525.0,2145,32.67
25.8,60,63.1,none,28,113.2,False,hilly,4.6,57.3,378.1,2348,16.19
3.7,75,0.5,none,95,128.9,True,hilly,0.5,99.8,545.4,2353,35.37
-21.8,91,10.2,none,45,74.4,True,flat,8.4,69.2,428.0,1630,65.0
-21.2,91,43.0,none,72,67.1,True,hilly,9.1,94.8,555.0,2293,65.0
18.0,40,19.8,none,81,100.2,False,flat,4.5,71.7,498.0,2419,8.31
0.1,96,7.4,none,86,35.8,True,flat,2.2,63.9,319.4,2283,29.89
-16.0,12,28.8,rain,84,34.0,True,hilly,6.5,82.6,473.1,2202,55.51
4.4,44,21.9,none,85,63.5,True,hilly,1.2,97.5,646.1,2017,30.44
-25.5,91,40.9,none,70,103.0,False,flat,0.4,62.6,361.8,2268,64.6
10.7,35,78.3,none,46,41.6,True,flat,2.9,91.9,499.5,2076,11.83
-11.2,35,9.9,none,70,93.6,True,flat,6.8,79.6,533.7,1908,52.23
25.8,37,29.8,none,85,57.0,False,flat,8.1,62.7,387.8,1994,6.43
-8.3,65,74.6,none,42,95.2,True,flat,1.6,43.3,264.9,2154,39.39
1.9,49,70.1,none,37,75.7,True,flat,9.5,58.7,340.5,2059,36.08
-29.2,75,31.5,none,41,41.5,False,hilly,5.5,89.9,477.7,2169,65.0
-24.9,91,55.9,snow,60,54.7,True,flat,9.3,45.7,281.2,2482,65.0
-2.5,71,7.0,none,15,52.0,True,flat,1.5,74.3,446.8,1761,26.64
3.6,28,57.0,none,80,46.5,False,mountainous,4.6,70.7,410.4,2496,35.25
12.0,94,77.8,none,22,76.8,True,hilly,4.3,79.7,410.7,1554,34.58
-9.6,34,43.0,none,22,125.5,True,flat,4.1,96.3,607.1,2108,38.66
18.6,23,39.9,none,28,95.8,False,flat,9.3,85.1,533.1,2434,15.32
30.2,18,15.0,none,62,113.6,False,hilly,8.5,70.6,432.2,1602,18.27
24.6,61,50.7,none,36,128.1,False,flat,7.9,89.8,472.7,2490,20.98
-27.2,20,47.2,none,43,84.1,True,hilly,2.9,82.1,460.2,2419,65.0
3.6,22,52.2,rain,94,53.8,True,flat,3.4,93.7,556.7,2354,25.74
-22.7,37,2.1,snow,86,122.8,True,flat,2.6,83.5,539.9,2027,65.0
-13.1,35,43.9,none,87,99.9,True,mountainous,7.9,85.2,463.9,1714,65.0
39.1,64,47.6,rain,62,125.9,True,flat,3.9,45.0,297.3,1589,20.77
-20.0,84,16.6,rain,88,95.1,True,flat,9.8,40.2,226.8,1565,65.0
4.9,79,16.7,snow,80,107.5,True,hilly,3.6,97.3,616.3,2088,36.25
13.3,34,22.1,none,96,119.1,True,mountainous,1.7,55.1,378.9,2202,29.26
19.2,32,56.9,rain,16,105.9,False,flat,9.3,49.9,320.8,1721,19.72
9.2,97,48.5,none,13,86.3,True,flat,7.8,49.5,254.5,1989,30.47
-29.3,11,67.7,none,26,77.2,True,hilly,5.8,84.3,484.8,2029,65.0
-7.1,89,23.7,rain,94,112.3,True,flat,8.6,42.8,263.4,2397,41.46
6.2,28,73.0,rain,65,107.2,True,hilly,9.5,79.7,505.6,1626,45.36
-23.8,95,59.5,none,48,66.6,True,hilly,8.6,74.3,422.7,2298,65.0
-5.5,41,31.6,rain,56,79.8,True,flat,9.0,48.8,286.1,2271,37.85
-27.7,50,7.6,none,85,93.5,True,flat,2.7,48.1,276.8,2181,65.0
-24.5,74,20.6,none,94,32.8,True,flat,5.1,48.0,306.7,1748,65.0
-2.2,63,76.5,none,76,54.8,True,hilly,8.0,55.6,379.4,1551,35.29
-20.7,39,24.8,rain,78,55.0,True,flat,5.3,78.5,514.7,2283,58.31
9.7,60,26.4,snow,39,118.3,True,hilly,6.4,52.4,289.7,2060,38.22
18.3,76,15.2,rain,52,63.1,False,flat,9.2,79.6,484.0,2128,15.0
26.0,14,64.5,none,90,84.5,False,flat,3.0,98.3,585.5,2352,7.11
-16.0,11,22.1,none,81,113.2,True,flat,5.4,91.7,461.5,1632,60.63
-18.3,51,26.4,none,72,56.0,False,flat,5.6,87.9,604.4,1706,48.36
-22.7,22,33.1,none,16,42.4,True,hilly,3.6,96.9,575.1,1921,65.0
14.6,70,34.7,none,14,124.8,True,flat,3.7,76.7,528.5,1854,26.79
19.5,29,32.9,none,22,100.5,False,flat,7.7,86.1,545.1,2450,10.56
-27.8,49,40.3,none,62,47.7,True,flat,9.3,86.4,554.6,1818,65.0
35.5,28,65.2,rain,58,112.0,True,flat,6.3,98.5,576.5,2399,28.33
-26.4,59,65.5,none,95,108.7,True,hilly,4.9,78.8,529.4,2032,65.0
7.9,20,63.9,rain,73,113.8,True,hilly,7.5,56.4,302.8,1596,38.64
19.6,12,8.1,none,36,57.6,False,flat,10.0,51.7,358.0,2173,10.32
31.0,15,64.0,none,25,74.9,True,flat,0.8,58.4,364.0,2247,14.9
20.0,96,9.6,none,86,99.4,False,hilly,6.5,85.7,485.5,1663,14.43
26.1,23,10.0,none,51,69.1,False,flat,5.6,79.4,514.4,1920,8.0
-6.2,74,75.8,none,69,37.0,True,hilly,6.1,53.2,345.0,1648,40.32
27.0,16,65.6,none,61,43.6,False,flat,0.2,91.6,599.8,1677,1.3
-24.4,20,44.2,rain,20,89.7,False,hilly,9.6,98.9,552.4,2188,65.0
32.6,56,70.0,snow,15,67.5,True,flat,0.9,85.4,431.5,1995,24.27
8.3,52,79.1,none,44,30.5,True,flat,3.1,43.7,296.4,1532,24.36
27.2,96,48.9,none,43,106.7,False,flat,3.0,77.7,512.1,2435,11.64
1.7,95,49.0,snow,71,71.7,True,hilly,7.3,96.3,558.7,2191,44.75
15.1,80,60.4,rain,67,61.4,False,hilly,6.7,58.8,313.4,1553,22.7
6.8,64,18.6,none,97,101.4,True,flat,0.6,75.1,446.1,2220,22.9
21.2,51,13.4,rain,87,75.5,False,hilly,1.5,53.6,300.9,2338,12.34
-24.3,42,60.8,none,55,99.5,True,hilly,3.2,92.8,500.2,1906,65.0
-25.8,95,27.6,none,55,31.3,True,flat,7.0,92.2,550.6,2254,65.0
-12.7,64,10.8,none,71,30.9,True,mountainous,9.3,61.9,412.0,1790,56.36
-18.8,62,25.2,none,20,86.0,True,flat,3.2,61.0,375.9,1621,55.69
31.0,31,28.7,none,100,128.2,True,flat,5.3,40.0,239.0,2471,26.39
-14.7,14,77.2,none,57,57.2,True,hilly,3.7,59.0,412.6,1504,52.49
38.3,95,55.8,rain,92,98.3,True,hilly,5.8,86.9,566.5,2023,34.98
-6.4,38,42.5,none,97,47.2,True,flat,6.3,41.7,219.6,1598,36.75
-17.3,50,77.5,none,62,61.2,True,hilly,5.2,52.2,304.3,2096,56.79
25.3,20,72.3,none,19,37.8,True,hilly,3.9,83.8,497.0,1505,24.98
16.1,85,41.0,none,62,118.1,False,mountainous,8.8,78.9,490.7,1562,32.18
4.9,12,72.5,none,64,61.0,True,flat,8.0,99.2,631.3,2205,32.22
8.9,85,32.3,rain,81,53.0,True,hilly,10.0,63.4,358.5,2310,32.38
20.3,23,18.4,rain,14,103.1,False,flat,4.1,48.0,275.3,2294,11.18
-14.0,90,18.6,none,52,49.9,False,flat,0.4,79.9,415.9,1674,36.52
39.7,76,53.0,none,93,54.0,True,flat,6.5,44.7,231.7,1505,15.35
38.2,25,40.1,rain,99,40.4,True,flat,7.8,47.0,306.3,2249,17.78
15.5,61,52.7,none,27,126.3,False,flat,9.4,74.1,507.6,1683,18.17
-16.0,38,54.9,none,88,54.8,True,flat,0.1,68.3,368.5,1819,50.33
17.6,26,1.8,none,23,129.6,False,flat,8.8,55.8,382.1,1775,15.5
-24.9,87,4.3,snow,86,47.6,True,flat,5.2,68.7,390.6,2432,65.0
-27.9,46,42.6,none,35,32.1,False,flat,3.7,92.1,622.7,2377,65.0
-12.0,46,15.3,snow,96,119.6,True,flat,2.2,83.5,421.8,1954,49.85
2.4,25,50.6,none,73,88.0,True,flat,8.1,67.3,348.6,2292,34.95
30.8,44,44.2,none,46,65.1,True,flat,3.6,58.7,344.4,2245,13.05
20.9,88,46.9,none,35,81.3,False,flat,6.0,74.9,501.7,1970,9.06
22.0,43,24.2,none,31,56.1,False,hilly,5.1,40.2,237.0,1596,8.45
-0.2,96,51.2,none,71,93.5,True,hilly,2.6,84.0,560.9,2274,42.48
-5.8,95,66.4,none,91,91.6,True,flat,7.9,88.1,500.8,2178,39.81
-4.0,23,79.8,none,78,38.0,True,mountainous,3.0,47.3,249.1,1656,46.72
39.1,26,67.1,none,85,121.1,True,hilly,7.9,64.2,439.5,1986,29.26
-27.2,88,44.6,rain,80,76.1,True,flat,4.1,48.7,251.0,2295,65.0
30.7,45,15.5,rain,98,49.5,True,hilly,0.3,96.9,621.7,2268,15.91
10.5,10,54.5,snow,78,60.7,True,hilly,7.7,89.6,606.0,2471,39.41
0.7,35,75.0,rain,29,116.6,True,flat,9.0,41.2,215.9,1963,41.38
20.8,64,16.9,none,81,68.3,True,hilly,1.2,98.2,593.1,2326,20.56
4.1,82,20.5,none,39,86.2,True,flat,5.9,48.5,247.7,1507,29.07
31.1,22,11.9,rain,100,124.8,True,mountainous,0.7,45.0,266.5,2143,37.67
33.0,20,58.9,none,44,95.2,False,flat,8.3,42.0,275.9,1779,17.14
-0.5,93,32.5,none,36,97.6,True,hilly,9.9,87.4,490.4,1656,44.75
-10.6,78,5.0,rain,32,54.9,True,flat,4.9,95.5,522.1,2238,37.39
11.5,63,70.0,none,69,96.8,True,flat,3.1,45.7,251.7,1871,25.67
33.9,79,44.6,snow,20,69.4,False,mountainous,8.5,99.0,651.7,2114,28.46
-15.3,49,26.5,none,96,121.1,True,flat,5.2,59.0,409.6,2331,49.88
13.6,78,27.5,none,36,43.0,True,hilly,4.5,80.7,440.5,2038,27.4
14.2,43,23.2,rain,37,58.6,True,flat,2.3,99.2,509.5,1940,15.34
21.3,32,36.4,none,14,36.6,False,hilly,6.2,40.5,212.7,2121,10.97
-20.8,76,27.0,snow,32,68.1,True,flat,6.1,72.8,455.5,2496,65.0
20.1,48,43.8,snow,48,44.8,False,flat,2.6,79.4,504.1,1627,14.21
33.6,98,61.9,none,43,114.5,True,hilly,2.1,62.3,367.4,1771,20.74
-17.4,41,54.0,none,35,122.5,True,flat,4.4,46.6,240.4,2434,61.7
-13.4,93,23.6,none,14,96.9,True,flat,4.5,77.3,529.8,2495,47.17
38.0,94,42.3,none,37,40.3,False,flat,1.3,42.8,293.7,2058,2.97
-17.3,32,67.2,rain,80,64.2,True,flat,2.8,95.4,552.1,1517,58.56
29.8,82,5.5,none,49,126.4,False,hilly,1.6,67.7,449.8,2330,12.42
4.5,49,6.3,none,36,43.6,True,hilly,9.0,94.6,643.1,2131,38.8
-12.7,93,44.5,none,37,85.6,True,flat,0.7,90.2,542.6,2025,39.44
31.0,51,51.1,none,60,65.3,True,flat,8.8,40.2,249.5,2466,16.12
1.2,77,16.9,rain,37,129.9,True,flat,5.3,67.6,436.8,1633,44.37
6.0,52,59.6,none,67,58.5,True,hilly,6.7,93.3,632.6,1845,24.28
-4.9,31,51.7,none,99,34.8,True,flat,9.2,62.3,322.8,2126,32.45
11.5,28,73.9,none,14,100.2,True,flat,3.7,59.4,303.3,1505,20.75
-18.6,48,13.5,rain,25,62.7,True,flat,7.0,81.1,515.2,2365,57.4
-2.6,78,60.1,rain,26,95.8,True,hilly,6.7,82.3,419.4,2262,47.35
37.9,64,6.7,rain,50,40.5,True,hilly,9.9,78.6,409.4,1735,26.78
-11.9,72,45.2,none,14,82.3,True,flat,0.5,61.8,361.2,1808,37.47
16.0,35,44.2,none,53,67.5,False,flat,4.6,43.8,235.1,1806,9.48
-7.2,53,31.1,snow,94,83.7,True,flat,9.9,95.4,648.4,2361,56.41
24.1,14,67.6,snow,11,115.3,False,flat,3.3,59.0,334.3,1821,20.34
-20.8,84,0.3,none,43,127.3,True,flat,9.7,87.7,540.0,1779,64.51
37.9,99,41.6,rain,78,105.3,True,flat,8.2,61.1,306.7,2240,23.95
1.8,47,17.4,snow,24,106.7,True,flat,3.4,69.7,420.0,2079,39.72
-13.5,11,59.5,none,17,82.9,True,hilly,0.3,62.4,413.2,1859,49.88
-24.9,25,3.4,none,67,39.7,True,hilly,2.8,44.9,311.3,2076,65.0
-18.1,69,66.5,none,11,96.7,True,flat,1.2,59.8,380.0,2419,61.07
6.4,65,67.0,snow,82,44.8,True,flat,4.3,97.3,526.2,1951,36.88
-6.4,81,66.6,none,16,54.6,True,flat,9.4,46.6,267.0,1505,49.57
28.0,33,12.2,rain,57,100.8,True,flat,5.1,73.4,389.8,2234,21.73
0.2,79,50.4,none,77,95.7,True,hilly,4.5,98.1,556.8,2498,41.74
-12.6,72,1.1,none,32,61.4,True,hilly,2.2,41.2,252.4,1552,51.46
13.2,39,67.8,none,19,107.2,True,flat,6.2,44.2,263.8,2111,26.52
19.5,59,57.8,snow,26,123.9,False,flat,4.6,94.5,637.9,1899,20.54
-18.3,23,42.5,none,87,84.5,True,flat,7.7,84.1,455.0,2065,64.0
-18.3,51,58.4,none,74,97.8,True,flat,5.2,72.7,426.7,1808,65.0
-27.4,89,7.5,snow,28,57.2,True,hilly,8.9,72.2,452.3,2253,65.0
21.5,48,42.3,none,74,127.1,False,flat,7.8,98.5,685.7,1593,19.05
16.5,86,23.3,rain,74,57.4,False,hilly,1.5,41.3,223.9,1590,11.62
3.2,63,77.8,none,100,118.7,True,flat,1.4,56.2,374.8,2040,36.02
29.1,27,68.6,none,45,122.8,True,hilly,0.2,59.0,368.0,1821,25.0
26.4,62,58.7,none,88,102.0,False,hilly,3.7,47.2,248.5,2423,16.7
11.0,56,74.7,snow,50,111.2,True,flat,0.5,61.4,403.5,1692,32.43
30.8,46,27.7,none,91,75.8,True,flat,4.5,62.2,332.9,2276,20.62
-15.6,21,72.1,rain,18,122.0,False,hilly,2.4,97.5,624.1,2475,53.31
-22.2,48,26.0,none,26,104.3,False,flat,5.0,66.5,364.6,1827,56.7
-11.1,17,58.6,none,86,62.7,True,hilly,1.6,96.1,570.4,2418,47.98
-26.0,19,58.9,none,84,33.5,False,flat,5.5,88.6,581.8,1817,65.0
7.2,47,1.5,rain,37,84.1,True,hilly,9.7,84.2,527.9,2054,38.8
35.6,37,28.9,none,64,114.1,True,flat,6.4,59.8,387.7,1500,14.67
-27.2,93,1.6,none,44,116.1,True,flat,5.6,65.6,433.5,1764,65.0
-21.5,44,79.8,rain,11,113.5,False,flat,7.9,42.7,216.3,1553,65.0
1.7,78,9.8,none,12,51.5,True,flat,0.1,62.6,373.4,1530,24.71
35.4,58,43.4,none,15,72.6,True,hilly,2.8,92.2,642.9,2496,24.7
-7.9,73,63.2,none,63,91.4,True,hilly,9.9,86.9,572.6,2265,55.21
5.5,33,16.1,none,35,96.8,True,hilly,7.8,88.5,507.3,1836,39.73
-27.1,95,38.8,none,23,63.5,True,flat,0.9,53.3,296.9,2181,65.0
-19.6,58,48.6,rain,95,99.3,True,hilly,3.3,52.6,337.2,2027,65.0
39.1,85,12.8,none,21,89.1,True,flat,4.4,79.8,420.9,2418,16.47
37.6,43,62.3,none,71,86.7,True,flat,9.3,79.1,535.0,1749,25.31
-29.7,19,23.9,rain,90,96.3,True,flat,5.9,51.7,267.1,2012,65.0
36.6,71,16.9,none,25,90.3,True,flat,0.8,83.2,508.9,1506,11.3
14.7,11,44.7,snow,29,46.7,True,hilly,5.1,62.6,418.8,2227,30.1
30.8,53,32.8,none,62,117.4,True,hilly,2.9,93.2,600.3,2078,26.83
1.8,27,73.6,none,56,54.1,True,flat,3.4,61.9,369.4,2123,28.84
6.1,66,70.4,none,57,104.4,True,flat,1.1,53.8,293.7,2226,23.95
4.2,98,38.7,none,60,47.6,True,flat,4.6,51.8,320.9,1881,22.15
16.7,52,28.7,none,95,96.1,False,flat,6.7,93.9,650.9,1656,11.48
-20.2,84,26.0,none,15,119.6,True,flat,7.6,91.6,475.5,1684,65.0
-27.9,56,21.4,none,78,31.0,True,hilly,7.0,65.6,331.9,2232,65.0
-8.4,55,43.6,none,31,128.0,True,mountainous,6.6,54.4,317.9,2494,57.6
19.3,94,64.4,none,44,33.0,False,flat,8.7,57.1,352.8,1949,8.42
-15.9,90,24.9,none,18,31.1,True,hilly,3.3,63.1,360.7,1672,50.43
17.1,81,15.2,none,50,115.8,False,mountainous,2.1,42.7,274.5,1570,27.44
37.9,37,38.0,none,82,100.9,True,flat,0.9,44.0,266.2,1981,20.46
-23.4,59,5.5,none,19,40.6,False,flat,1.7,95.6,544.6,2216,47.68
17.1,30,56.1,rain,35,123.7,False,flat,1.5,86.0,566.4,2102,12.94
1.1,50,41.5,none,44,97.2,True,hilly,9.1,88.8,461.9,1792,44.18
30.8,54,39.7,none,19,41.1,True,hilly,1.8,68.7,349.1,2094,9.64
-17.6,85,24.0,none,79,116.1,True,hilly,0.9,61.9,316.5,2043,65.0
18.5,91,72.4,none,81,78.1,False,hilly,4.0,45.5,301.7,1717,15.34
28.7,47,7.2,rain,85,57.8,False,mountainous,1.7,73.5,484.7,1909,21.35
36.1,12,69.6,none,63,112.5,True,hilly,1.3,84.6,563.6,2375,28.48
17.8,88,30.1,none,56,103.8,False,hilly,3.6,51.8,288.1,2253,14.04
4.8,26,70.4,none,34,92.3,True,flat,9.2,63.3,379.0,2430,29.54
13.2,66,58.3,snow,69,119.9,True,hilly,0.3,95.6,539.3,2392,33.37
30.8,12,8.3,rain,50,116.1,True,mountainous,2.1,90.6,559.6,1747,37.6
9.9,46,66.5,none,97,52.7,True,hilly,8.2,87.9,588.1,2362,35.52
-27.9,99,54.6,none,97,117.9,True,hilly,2.5,42.4,213.5,2115,65.0
35.2,19,2.6,rain,91,67.4,True,hilly,4.4,49.9,306.6,2462,20.61
18.3,48,10.7,none,42,73.2,False,flat,1.0,58.4,315.3,1696,2.29
17.4,38,50.9,none,43,127.2,False,flat,8.0,58.2,392.4,1844,17.09
-14.9,91,53.0,rain,87,106.0,True,flat,7.4,47.7,330.1,1901,54.22
16.1,88,59.7,none,76,62.1,False,flat,1.3,57.4,381.8,1524,0.0
-2.4,31,57.6,none,73,94.8,True,flat,9.5,65.7,332.9,1980,42.79
15.6,17,52.8,none,35,83.9,False,hilly,5.9,43.0,240.8,2444,15.33
-22.5,66,61.3,snow,85,41.7,True,hilly,8.0,64.2,350.4,2315,65.0
16.0,40,46.0,none,62,118.8,True,flat,7.6,69.8,464.3,1699,28.0
40.0,70,20.9,rain,50,112.2,True,flat,5.2,42.5,213.8,1782,27.05
-26.6,13,73.0,none,88,107.8,True,hilly,7.5,80.5,550.7,2476,65.0
38.4,22,1.5,snow,45,85.9,True,flat,2.4,44.8,276.6,1560,27.17
-1.5,72,29.3,snow,69,52.1,True,flat,0.2,78.9,511.8,1954,38.52
31.0,29,58.3,none,52,118.4,True,flat,3.4,99.6,589.0,2387,17.12
24.8,87,34.2,none,63,65.3,False,flat,1.5,43.6,279.9,2197,5.17
9.7,15,2.0,none,14,32.0,True,flat,9.8,56.3,319.3,2482,22.72
21.7,29,5.3,none,52,128.2,False,mountainous,9.2,47.8,301.9,2475,32.49
31.5,100,51.9,none,60,116.1,True,hilly,1.4,62.2,364.3,2252,19.44
-1.7,49,77.2,rain,54,92.3,True,flat,3.4,90.1,618.5,1986,43.18
-7.1,73,44.1,none,86,31.2,True,flat,5.1,95.8,657.1,2124,41.74
16.7,26,40.5,none,38,52.8,False,hilly,4.0,90.4,555.0,2294,12.77
26.5,65,25.5,none,90,75.2,False,flat,7.0,81.5,533.3,1793,12.43
23.4,75,20.5,none,46,92.8,False,flat,5.0,83.0,538.4,1958,11.28
25.8,38,1.7,none,73,100.8,False,flat,5.7,47.2,302.9,2167,7.51
0.5,85,21.8,snow,18,108.8,True,flat,6.8,54.9,381.6,1771,47.25
27.2,64,35.9,none,28,85.6,False,hilly,0.2,61.8,417.7,2157,11.95
-21.6,45,15.8,snow,79,95.6,True,mountainous,0.1,43.0,279.2,1646,65.0
8.1,60,7.0,rain,11,111.1,True,flat,1.8,89.3,460.6,1919,21.0
-29.6,62,57.4,rain,97,102.0,True,flat,7.2,55.3,316.0,1602,65.0
-7.3,25,71.6,none,27,125.5,True,flat,2.4,43.1,245.3,2344,43.72
-4.3,46,74.9,none,91,117.5,True,mountainous,9.2,44.4,267.4,1803,65.0
-2.3,41,49.4,none,56,46.9,True,flat,0.8,98.2,659.1,2426,27.2
18.7,46,4.2,none,61,124.7,False,flat,5.8,94.7,600.9,2288,10.97
-2.8,78,59.3,snow,18,50.4,True,hilly,0.3,97.5,638.1,1815,44.43
1.4,53,8.8,none,43,129.1,False,flat,9.7,97.4,495.1,2104,28.26
-13.4,95,53.6,none,24,100.1,True,flat,2.1,88.0,449.3,1941,44.92
-3.9,36,62.3,none,57,92.8,True,mountainous,5.9,56.6,387.8,2306,50.61
-14.1,47,58.1,none,60,62.4,True,flat,9.5,59.5,322.4,2186,52.99
-24.9,81,76.2,none,74,43.3,True,flat,0.3,64.1,422.5,2154,64.82
12.2,59,59.1,none,89,42.6,False,flat,5.1,87.1,531.0,2226,11.8
16.8,59,55.5,rain,52,116.7,False,mountainous,5.3,95.6,544.9,1921,33.7
13.4,15,20.9,none,31,73.2,True,mountainous,3.5,66.4,433.5,1914,38.36
2.4,46,74.0,none,40,86.0,True,hilly,6.5,58.1,402.5,1851,38.85
-3.4,34,14.4,none,86,123.2,True,flat,5.4,54.6,301.1,1660,39.04
30.4,100,72.4,none,23,55.5,True,hilly,2.5,55.4,316.0,1862,21.59
6.3,38,25.0,none,66,106.4,False,flat,7.1,40.4,225.8,2132,19.47
3.5,90,10.4,snow,11,77.0,True,hilly,4.7,54.0,339.9,1814,35.31
-28.2,71,66.1,none,32,51.3,True,flat,4.7,57.7,372.0,1694,65.0
-6.1,41,0.2,none,63,115.3,True,hilly,9.5,86.5,515.5,2457,49.95
-3.4,59,66.6,snow,51,98.0,True,flat,5.4,72.9,395.8,2082,49.73
-2.1,86,21.0,rain,54,39.5,True,hilly,7.8,59.9,337.8,1532,42.9
10.6,90,70.8,none,69,84.2,True,flat,8.7,75.8,492.5,2281,28.12
7.4,24,55.3,none,31,115.2,True,flat,5.8,87.3,590.8,2175,28.85
12.6,41,53.3,rain,35,36.7,True,hilly,7.9,76.6,460.8,1889,30.43
23.5,40,29.2,none,72,71.6,False,flat,3.1,44.2,243.1,2197,5.99
26.9,14,4.8,none,58,110.5,False,hilly,1.8,54.5,344.8,2414,12.99
20.3,64,66.4,none,11,115.8,False,hilly,7.0,57.2,358.8,1716,22.47
36.9,87,13.7,none,70,107.5,True,flat,9.3,61.8,421.2,2028,20.33
-28.7,44,29.8,none,66,60.6,True,flat,0.4,41.5,231.0,2272,65.0
-16.3,77,48.0,none,17,80.7,False,mountainous,7.6,84.7,561.7,1583,61.06
-29.5,66,38.6,none,77,104.1,True,hilly,0.3,68.2,432.6,2252,65.0
15.3,44,15.9,rain,57,45.3,False,mountainous,4.6,93.8,626.5,2264,26.69
32.9,23,11.2,none,28,89.5,True,hilly,6.8,71.1,369.9,2053,17.4
-13.0,74,9.9,none,60,102.0,False,flat,4.1,99.3,660.7,2285,39.01
34.9,87,69.0,none,64,115.0,True,flat,3.0,82.0,488.5,2170,22.44
-25.8,72,2.5,rain,93,41.2,True,flat,1.9,93.2,610.5,1824,65.0
35.4,12,78.2,none,77,63.0,True,flat,9.8,98.4,539.9,1646,22.31
-5.4,29,15.9,rain,37,84.2,False,flat,5.7,68.3,389.0,2462,32.23
-22.9,16,8.8,none,21,100.1,True,mountainous,1.3,78.0,454.6,2076,65.0
4.0,61,46.2,none,87,103.0,True,flat,0.5,94.8,578.6,2212,30.36
-12.0,78,6.4,rain,86,55.3,True,flat,2.4,74.5,448.7,2041,49.46
-10.1,20,48.2,rain,26,31.4,True,hilly,5.4,43.2,236.3,2243,49.18
-8.5,85,68.1,none,16,99.4,True,flat,7.5,81.8,557.0,1653,42.01
26.2,60,3.8,none,74,120.9,False,flat,9.8,96.1,662.3,1722,15.15
7.7,72,64.0,none,75,109.8,True,flat,8.3,86.9,475.6,2354,26.98
-8.2,97,31.6,none,26,92.2,True,hilly,6.1,87.5,505.8,1555,45.82
12.7,18,12.8,none,70,127.8,True,hilly,6.7,44.8,295.8,1956,34.46
20.1,91,14.1,none,35,73.3,False,flat,5.2,84.2,553.1,1691,8.67
-10.9,21,73.5,snow,33,82.5,True,flat,4.3,41.9,291.3,2069,50.5
-1.1,45,8.8,rain,39,31.2,True,flat,7.8,95.8,660.8,1966,37.91
-21.5,87,69.3,none,57,124.6,True,flat,1.8,94.9,640.3,2238,65.0
-17.3,92,43.5,none,82,88.3,True,flat,3.3,98.8,610.0,1809,62.05
17.7,56,3.1,rain,55,69.1,False,flat,9.8,58.2,330.3,1921,12.35
-17.3,63,37.2,none,37,34.5,True,flat,5.7,72.4,437.8,1734,53.52
6.8,74,65.4,none,90,66.2,True,hilly,5.0,74.7,488.9,1603,36.69
19.6,85,58.1,none,15,30.4,False,flat,8.5,73.4,382.3,1727,10.0
-22.5,21,39.1,none,82,62.4,True,flat,7.6,64.7,414.7,2398,65.0
9.7,83,68.8,none,81,125.1,True,mountainous,3.3,99.2,673.9,1984,47.07
-12.0,53,9.6,snow,33,45.4,True,flat,6.3,93.2,505.2,2038,47.08
37.4,51,72.8,none,28,84.5,True,hilly,1.9,76.6,507.4,2241,24.12
3.8,48,67.7,none,89,48.7,True,hilly,0.5,78.9,534.8,2364,29.57
26.4,56,56.7,none,60,108.3,False,flat,9.9,82.9,425.4,1523,16.68
8.5,95,65.4,rain,14,86.2,True,flat,7.4,76.2,527.1,1625,26.02
-27.0,59,43.5,rain,90,50.2,True,flat,9.3,82.5,495.1,1927,65.0
14.3,96,54.0,none,41,116.6,True,flat,8.3,89.0,526.4,1699,23.94
36.6,26,44.8,rain,41,108.4,True,flat,4.3,98.7,612.3,1974,27.44
12.1,75,28.4,none,68,125.1,True,flat,8.6,90.9,493.6,2115,32.19
27.3,83,45.5,none,70,30.1,False,hilly,7.9,47.8,302.2,1990,10.08
31.9,71,20.6,none,42,75.7,True,flat,2.6,72.8,481.7,2179,20.95
-14.0,65,35.2,none,23,130.0,True,mountainous,6.2,77.9,439.8,1519,65.0
-15.2,61,22.5,none,60,111.1,True,hilly,3.1,55.9,308.3,2042,53.53
12.8,87,9.8,none,66,113.1,True,flat,2.3,68.5,468.1,2220,21.21
-1.2,84,25.7,none,87,92.1,True,flat,0.8,96.0,569.5,2497,34.4
28.8,21,68.2,none,54,101.3,False,hilly,5.4,55.5,347.5,1605,17.44
33.0,86,30.5,none,68,110.5,True,flat,3.9,59.0,396.2,1512,16.6
-5.3,47,59.8,none,15,39.2,True,hilly,0.9,94.5,608.0,1791,34.58
-13.4,33,14.0,none,91,99.3,True,flat,7.2,45.7,257.7,1829,46.74
24.6,88,34.0,none,39,111.5,False,mountainous,7.2,92.8,467.8,2308,26.49
-10.8,49,9.2,rain,67,34.1,True,hilly,2.4,58.2,345.8,1752,47.87
27.6,83,11.1,snow,92,59.7,False,flat,9.6,69.9,384.3,1746,18.35
-0.3,34,49.4,none,83,62.4,True,hilly,7.8,78.6,458.8,2370,36.43
16.7,10,48.6,none,67,115.5,False,flat,8.1,78.8,466.2,1929,17.06
-23.3,55,17.1,none,73,108.0,True,flat,0.0,98.8,665.1,2158,65.0
13.7,19,38.0,snow,93,95.6,False,hilly,9.8,42.1,275.0,1708,29.26
1.6,78,69.1,none,83,110.5,True,mountainous,9.9,82.2,443.4,2102,50.27
11.1,35,13.9,rain,65,75.3,True,flat,5.1,90.7,511.0,2395,26.95
-18.2,50,1.5,none,69,117.5,True,hilly,9.9,75.3,464.4,2231,65.0
21.6,18,52.2,snow,23,53.4,False,flat,6.1,98.5,604.2,1640,14.27
30.4,36,4.3,none,52,100.5,False,flat,1.3,65.1,396.3,1632,8.73
-14.8,80,78.4,snow,37,54.2,True,flat,8.1,85.0,586.8,1602,60.89
-23.3,24,48.8,none,49,34.0,True,hilly,5.6,81.2,518.4,2419,65.0
-28.3,68,37.6,snow,70,58.4,True,flat,3.4,41.9,217.5,2110,65.0
14.9,93,34.4,none,23,79.3,True,flat,2.4,73.2,503.5,1517,19.46
12.5,71,45.8,none,12,114.3,True,mountainous,5.2,55.7,329.8,2339,38.17
8.3,83,7.2,rain,46,80.9,True,flat,6.9,71.7,441.9,1827,31.74
-13.8,20,74.4,rain,39,47.9,True,flat,8.8,93.0,617.7,2176,56.84
-2.6,33,50.1,none,48,129.3,False,hilly,6.0,77.8,422.2,2352,36.24
11.6,91,14.7,none,94,57.0,True,flat,4.2,75.6,455.6,2254,21.25
4.8,74,45.0,rain,74,128.5,True,flat,6.3,80.3,539.8,2322,41.43
39.1,68,10.7,snow,39,123.6,True,hilly,5.0,71.7,464.1,2304,37.66
-20.4,70,1.4,none,26,84.2,True,hilly,6.5,66.9,381.2,1649,65.0
18.7,47,50.4,none,66,39.2,False,hilly,6.1,62.5,385.9,1888,15.61
-1.7,14,51.9,rain,69,99.5,True,flat,9.8,82.0,411.3,2414,42.75
-0.0,81,46.7,none,54,114.6,True,hilly,6.2,86.5,440.9,1594,33.43
20.2,71,14.7,rain,29,74.5,True,hilly,6.9,65.4,341.8,2476,27.49
18.5,53,48.3,rain,13,53.9,False,flat,8.9,42.6,272.3,1726,13.94
39.4,91,4.5,rain,34,110.3,False,flat,9.1,72.6,453.0,2118,13.42
-21.0,40,48.7,rain,51,84.5,True,flat,1.4,74.4,508.4,1827,59.59
-22.7,36,44.3,snow,81,49.8,True,flat,4.5,68.7,441.1,2483,65.0
20.7,89,52.4,rain,87,125.0,False,hilly,9.4,61.6,359.8,2025,26.73
10.5,82,71.6,rain,47,124.8,True,hilly,9.6,93.8,631.3,1650,38.25
-10.8,56,68.0,none,82,66.7,True,flat,1.9,68.9,350.2,2347,37.97
-24.4,22,78.5,none,99,36.4,False,flat,4.4,87.9,441.5,1902,61.87
-24.0,29,78.1,none,74,93.1,True,hilly,2.8,78.3,430.5,2352,65.0
32.6,69,61.8,rain,76,61.7,True,flat,7.9,87.2,458.4,1944,20.38
-16.6,45,76.5,none,92,36.6,True,flat,8.5,92.7,513.4,2433,53.35
-7.4,85,69.4,none,40,119.2,True,hilly,4.7,54.6,306.4,1555,49.74
-14.1,95,58.2,none,11,129.8,True,mountainous,6.8,89.7,530.3,2483,65.0
-5.2,83,6.0,rain,99,65.0,True,flat,8.7,83.3,518.0,1964,45.25
-25.1,44,3.9,rain,54,104.5,True,mountainous,7.1,73.7,420.3,1869,65.0
6.3,81,67.0,snow,81,36.6,True,flat,1.6,72.7,504.1,1542,31.86
-25.3,42,39.2,none,83,67.0,True,flat,7.1,58.7,357.0,1728,65.0
26.0,25,65.2,none,46,40.9,False,flat,1.6,72.4,489.1,1813,2.49
-13.6,13,25.0,none,59,35.5,True,hilly,6.5,63.1,416.5,2228,48.6
7.8,45,31.8,none,59,88.9,True,hilly,3.3,93.3,475.6,2197,23.62
31.6,91,56.0,none,30,110.2,True,flat,0.6,74.9,445.3,2385,19.97
15.6,32,73.2,none,21,75.3,False,flat,2.3,57.9,383.2,2440,10.59
7.3,29,7.0,none,59,82.4,True,hilly,4.7,48.7,331.5,2227,32.34
-7.3,97,68.9,none,21,57.1,True,hilly,9.9,81.6,511.5,2190,53.67
-6.7,12,63.4,none,41,103.6,True,flat,2.6,79.9,548.3,2399,40.67
16.9,81,25.2,none,27,66.1,False,flat,9.8,61.6,389.7,1631,9.72
39.6,39,28.4,none,74,36.7,True,mountainous,3.6,49.7,269.4,1577,32.57
16.3,13,3.7,none,88,46.6,False,flat,9.6,83.0,507.5,2208,8.48
9.0,93,1.3,none,62,42.8,True,flat,9.6,56.2,366.1,1810,22.64
21.1,23,38.2,none,47,73.6,False,mountainous,1.4,91.7,580.9,1924,18.33
2.6,60,7.6,none,100,36.5,True,flat,8.3,83.6,431.8,2108,32.19
-25.8,35,15.5,snow,12,110.6,True,flat,5.2,93.5,512.1,2451,65.0
9.4,16,67.7,none,37,120.8,True,flat,6.9,99.1,631.7,2373,28.37
37.0,14,45.7,none,35,54.8,True,flat,7.8,60.5,366.2,2234,16.02
-17.7,20,50.7,snow,42,78.6,True,hilly,1.2,70.2,355.6,1931,65.0
18.3,16,15.0,none,31,81.9,False,hilly,8.0,64.2,416.0,2293,16.13
-15.9,78,66.3,none,34,128.5,True,flat,3.0,44.7,230.4,1680,55.03
7.5,54,69.4,none,33,36.6,True,hilly,7.3,64.3,345.3,2308,25.49
-23.2,41,41.9,none,56,96.8,True,flat,5.7,66.6,453.7,1975,65.0
1.5,48,73.0,none,45,64.6,True,hilly,6.8,50.4,283.8,1762,43.7
22.9,94,67.6,none,68,80.2,False,flat,6.2,93.0,471.4,1964,8.57
-5.7,92,58.5,rain,56,51.7,True,flat,8.1,57.5,289.7,2289,44.08
16.5,74,58.7,none,27,46.0,False,hilly,8.9,85.5,587.6,2157,17.94
25.7,90,8.4,snow,83,54.4,False,flat,4.5,44.6,256.1,1637,14.99
34.9,39,21.7,snow,52,37.1,True,flat,3.9,41.8,261.0,2191,20.9
-13.6,44,5.3,snow,24,57.8,True,flat,2.4,99.7,581.2,2333,56.51
-2.0,65,0.7,rain,25,99.0,True,flat,8.1,47.4,257.1,1651,35.43
-19.3,66,12.7,none,82,95.1,True,flat,9.7,86.0,580.6,1562,60.07
39.5,53,70.4,rain,73,85.4,True,flat,2.0,76.3,526.2,1557,25.64
34.9,46,19.2,none,56,30.0,True,mountainous,4.6,67.2,468.6,1522,28.06
7.8,99,77.6,rain,38,42.6,True,hilly,7.7,42.2,214.6,1518,40.96
28.9,84,47.8,none,51,114.3,False,flat,6.4,59.7,304.6,2305,18.49
6.5,49,19.0,none,67,57.2,True,flat,8.2,94.0,631.3,2239,21.05
13.7,75,39.8,snow,89,121.2,True,flat,0.2,94.3,504.8,2442,26.28
-23.8,34,17.5,none,60,117.5,True,flat,9.1,76.0,465.3,1856,65.0
22.9,19,78.7,none,35,45.5,False,flat,0.6,74.5,458.8,2209,7.43
-21.1,42,67.8,none,14,119.8,True,mountainous,4.5,65.5,414.4,1911,65.0
27.8,46,2.1,rain,26,92.8,False,flat,2.8,86.5,439.2,2060,11.38
24.7,11,75.8,none,69,93.0,False,flat,9.3,93.0,522.3,1939,14.0
19.6,83,57.7,none,24,115.3,False,flat,2.8,83.7,504.3,1915,11.61
-27.5,42,6.6,rain,53,70.5,True,hilly,3.7,71.5,382.5,1745,65.0
-8.8,62,53.7,none,73,103.5,False,hilly,8.9,78.1,537.8,2081,44.23
-11.6,17,51.8,none,38,96.8,True,mountainous,5.4,53.2,354.1,1761,63.34
-4.8,26,17.5,rain,70,107.2,True,flat,9.0,99.5,525.1,1640,40.06
-23.9,90,60.7,none,62,96.0,True,flat,6.6,96.2,609.8,2250,65.0
35.6,65,7.0,none,50,38.0,False,flat,0.8,97.4,566.9,2146,1.23
8.8,96,39.2,none,91,59.3,True,flat,4.3,50.0,281.2,1793,15.57
-8.6,100,0.8,none,72,124.0,True,hilly,1.8,79.2,441.9,2130,53.07
-2.2,43,77.5,none,42,52.3,True,flat,0.7,79.4,502.1,1526,37.7
1.3,37,60.1,none,82,77.2,True,hilly,3.7,61.3,417.3,2488,32.12
12.0,87,12.7,none,76,65.7,True,flat,9.1,91.9,613.3,1674,26.03
6.1,100,27.3,none,81,38.6,True,hilly,1.2,86.9,495.4,2442,25.74
34.4,67,12.8,none,68,48.1,True,hilly,0.1,83.2,533.6,1568,18.05
4.8,82,61.3,rain,44,58.7,True,hilly,9.4,41.7,252.7,2208,35.85
39.5,80,4.7,rain,41,76.3,True,flat,5.3,99.4,584.7,1722,23.45
29.6,42,67.2,none,69,117.5,False,flat,5.6,83.1,464.8,2465,14.23
-15.4,62,75.4,none,22,81.6,False,hilly,9.3,98.2,506.8,1815,54.4
35.1,85,54.1,snow,84,95.2,True,flat,7.0,45.2,243.4,1540,39.79
-21.9,72,17.0,none,43,72.6,True,flat,8.3,81.7,500.8,1534,65.0
27.2,12,28.8,snow,67,117.0,False,hilly,7.7,84.7,546.9,2356,23.67
-3.4,40,38.2,none,55,96.3,True,flat,6.1,43.9,222.6,1570,40.29
31.5,23,48.4,rain,57,39.1,True,flat,6.9,43.9,252.6,2328,25.38
30.8,31,53.5,none,76,77.8,True,mountainous,5.6,85.7,457.1,1650,40.54
26.4,91,44.3,none,66,112.7,False,flat,3.6,87.9,545.1,1776,7.19
25.3,13,28.1,snow,33,103.4,False,flat,2.9,94.6,636.7,2481,18.6
-8.7,30,71.3,snow,17,120.5,True,flat,1.8,86.3,592.1,2225,59.26
-24.3,38,6.5,none,86,52.8,True,hilly,3.5,54.4,368.5,1646,65.0
-1.8,66,37.3,snow,90,127.7,True,flat,5.8,98.1,661.8,1770,46.67
-17.9,58,62.0,none,25,58.5,True,flat,5.9,56.0,347.5,1976,60.56
18.6,30,4.9,none,38,35.0,False,flat,6.8,83.6,458.8,2385,2.19
-5.8,25,56.4,none,35,79.6,True,flat,8.8,71.8,466.0,2211,44.3
38.3,31,65.6,none,94,41.0,False,flat,6.5,47.3,305.3,2195,9.35
14.9,55,52.9,rain,28,98.1,True,flat,1.7,95.6,510.0,1860,18.3
27.6,34,1.0,none,25,120.1,False,flat,0.3,75.3,405.7,2154,8.08
-20.7,95,14.4,none,26,122.1,True,hilly,2.0,45.5,237.5,1673,63.51
30.3,52,27.4,none,76,90.7,True,flat,9.1,63.0,377.8,2069,26.66
34.6,15,18.7,none,90,83.5,True,flat,5.7,85.9,484.7,2060,16.93
4.1,76,77.0,none,45,129.4,False,flat,8.5,77.1,524.3,2188,32.64
12.4,40,52.1,none,22,87.9,True,flat,2.3,53.4,271.0,1743,18.55
23.5,69,23.8,rain,63,122.7,False,mountainous,7.1,74.2,418.9,1617,33.64
-17.8,35,74.4,none,29,121.7,True,mountainous,7.3,58.5,395.2,2467,65.0
5.2,61,59.2,none,16,59.0,True,hilly,8.1,71.6,501.3,1653,36.22
-2.1,79,22.8,none,90,31.4,True,flat,5.4,59.1,380.8,1837,34.26
-19.8,94,30.3,none,88,73.9,True,hilly,7.9,69.8,474.6,2371,64.41
-4.3,34,16.0,none,98,116.1,True,hilly,9.4,90.5,455.6,2094,48.45
-25.2,40,77.7,none,53,113.6,True,flat,9.6,52.7,345.0,1715,65.0
-28.2,52,41.4,none,36,90.4,True,flat,1.3,40.1,237.6,1980,65.0
-20.5,93,71.7,rain,79,45.7,True,mountainous,6.2,49.3,314.6,2341,65.0
37.4,91,27.7,none,26,40.8,True,flat,1.1,90.5,530.4,2489,9.52
8.5,18,68.9,rain,32,125.5,True,hilly,9.2,64.9,398.4,2143,36.54
37.6,22,4.3,none,33,72.1,True,hilly,9.6,84.4,465.8,1754,29.39
0.3,55,78.6,none,96,94.8,True,flat,5.0,41.8,257.3,2313,31.08
-8.2,20,73.0,none,76,120.6,True,flat,9.6,48.8,272.3,2309,49.65
5.4,41,29.1,none,22,117.0,True,flat,7.7,74.1,412.2,2389,30.91
0.8,23,62.0,none,18,86.7,False,flat,7.0,83.2,470.5,1636,27.65
-22.6,67,60.2,snow,86,78.8,True,flat,5.8,87.3,471.4,1865,65.0
14.9,95,72.1,none,82,103.5,True,hilly,4.1,78.6,427.9,1734,30.64
-14.9,100,24.6,none,70,65.0,True,hilly,9.6,85.4,586.1,1716,58.85
13.4,44,37.2,none,28,92.5,True,mountainous,2.0,49.9,295.1,1865,42.73
15.5,64,69.2,none,53,32.3,False,flat,8.0,79.5,495.1,1548,11.45
-19.4,87,62.3,none,64,112.4,False,flat,3.7,65.5,402.5,2348,50.04
-25.7,21,31.5,rain,94,129.8,True,flat,7.5,94.9,524.8,2352,65.0
24.7,72,67.7,none,25,125.5,False,flat,1.6,76.9,384.6,2443,11.87
2.2,47,3.8,rain,56,66.0,True,flat,3.7,72.5,377.6,1570,35.94
-25.9,29,62.6,none,24,83.1,False,flat,9.5,74.7,497.6,2071,65.0
39.6,46,16.5,none,50,53.6,True,hilly,5.6,89.9,469.1,1506,19.56
-26.0,17,22.9,none,28,60.3,False,flat,4.9,40.7,220.2,2090,65.0
18.7,73,39.5,none,85,75.7,False,hilly,7.5,91.6,625.3,1597,16.33
38.9,33,36.0,none,33,104.7,True,mountainous,4.2,41.8,276.2,1886,41.13
-13.3,38,41.6,none,48,31.8,True,flat,4.9,75.0,382.8,1824,40.49
-20.0,21,43.6,none,47,69.4,True,hilly,5.6,70.2,441.1,1831,65.0
-21.5,88,26.5,rain,88,85.6,True,flat,9.9,62.2,375.3,1692,65.0
-8.8,54,14.0,none,78,51.5,True,hilly,8.1,47.7,273.4,1605,44.86
-22.9,61,61.5,rain,15,37.8,True,hilly,0.4,47.4,284.4,1516,65.0
18.5,61,32.0,none,16,84.0,False,flat,7.8,84.5,448.2,2251,11.1
-25.6,47,40.5,rain,60,93.8,True,hilly,5.0,46.8,323.4,2416,65.0
5.7,27,51.6,none,48,94.1,True,flat,2.3,81.2,434.0,2395,21.91
39.8,77,72.8,none,35,65.7,True,mountainous,8.5,99.4,534.1,2133,40.35
27.0,21,56.6,snow,81,53.7,True,flat,2.7,80.9,464.3,1621,24.39
13.1,19,3.6,none,22,52.0,False,flat,3.2,44.5,241.5,2068,5.35
-8.6,74,67.1,none,98,34.1,True,flat,0.6,72.5,408.0,1598,34.44
13.7,29,79.1,none,12,48.5,False,hilly,9.8,90.1,457.5,2013,18.68
6.9,38,37.8,none,21,111.9,True,flat,8.0,97.3,605.9,2358,30.44
-0.2,53,77.6,snow,38,30.3,True,mountainous,1.5,83.7,458.6,1699,52.65
-20.9,50,43.8,rain,56,34.4,True,hilly,4.9,58.6,406.7,2433,63.59
32.1,74,36.8,rain,29,42.7,True,flat,3.4,55.1,287.9,1886,18.06
1.5,66,26.5,snow,76,72.0,False,hilly,0.3,87.0,448.6,1718,29.35
-16.4,68,52.6,none,42,63.4,True,flat,9.3,85.6,457.9,2002,56.87
-4.3,74,18.4,none,13,47.8,True,flat,8.4,69.2,421.0,2369,36.71
-1.0,36,8.4,rain,89,41.1,False,flat,9.9,45.2,293.6,1771,26.75
27.9,39,2.2,none,95,123.9,False,flat,2.4,80.3,491.4,1672,11.85
21.4,49,23.4,none,66,121.1,False,flat,7.0,75.4,506.9,2140,16.7
23.9,38,31.7,none,83,107.2,False,flat,1.2,40.7,251.9,2192,5.77
-29.2,99,44.2,snow,21,55.2,True,flat,4.3,78.5,414.5,1572,65.0
-0.9,83,23.4,none,34,62.4,True,flat,8.5,47.9,257.5,1753,39.54
3.7,25,78.7,rain,39,96.6,True,flat,0.1,89.5,511.8,1619,33.45
-28.7,11,23.3,none,96,59.2,True,hilly,4.8,80.4,550.0,2211,65.0
-11.8,14,35.3,none,56,83.1,True,flat,4.3,43.1,255.2,2029,47.67
23.2,32,8.3,rain,11,95.1,False,mountainous,6.9,71.9,485.3,2395,23.94
-20.4,20,20.9,snow,44,81.9,True,flat,2.4,88.3,454.8,2177,65.0
7.5,58,3.9,none,11,71.3,True,mountainous,1.7,89.8,572.3,1773,31.53
-14.9,87,44.8,none,31,64.8,True,flat,6.5,45.1,267.8,1838,52.19
-29.2,76,60.1,none,51,107.8,True,hilly,6.4,44.7,239.2,1919,65.0
-13.1,29,15.7,rain,39,103.9,True,flat,7.5,86.5,446.6,1598,52.43
38.3,46,29.4,none,13,99.6,True,flat,2.5,54.0,303.8,2421,17.32
26.1,56,1.3,none,20,67.5,False,mountainous,0.2,75.6,502.4,2199,17.0
37.2,83,67.2,rain,60,107.6,True,flat,8.8,76.5,480.7,2225,32.33
4.1,86,62.4,none,73,125.8,True,flat,2.1,77.8,460.8,2160,26.63
-22.3,92,5.1,none,46,98.9,True,mountainous,4.2,60.3,403.3,1943,65.0
8.4,56,29.2,rain,76,70.8,True,flat,4.7,42.4,227.3,1879,25.97
1.8,72,76.4,snow,25,109.6,True,flat,1.9,72.2,401.6,2050,38.78
29.1,20,31.4,snow,21,90.9,False,flat,5.2,70.9,433.1,2238,18.24
-23.1,61,42.1,none,86,117.8,True,flat,9.1,66.0,407.8,1856,65.0
4.2,32,28.4,snow,41,101.3,True,hilly,2.7,56.8,320.3,1993,37.43
-19.5,49,47.7,rain,49,107.0,True,mountainous,5.2,90.6,544.3,2152,65.0
-7.3,67,78.3,none,95,96.7,True,flat,3.1,62.2,326.0,1777,37.31
21.6,33,79.8,none,48,39.2,False,hilly,9.8,47.6,239.1,2333,19.07
3.3,15,62.0,none,10,78.5,True,flat,2.2,85.5,582.2,1713,31.95
-3.7,11,32.3,rain,94,35.6,True,hilly,1.1,78.2,459.9,2363,39.09
-2.4,12,39.6,rain,11,74.8,True,flat,1.4,58.5,319.8,1505,31.69
2.2,11,28.5,rain,70,101.6,True,flat,3.7,49.1,277.7,2144,31.11
25.0,20,78.8,none,39,72.1,False,flat,5.5,66.4,400.6,1974,7.23
32.4,32,56.6,none,52,30.2,True,flat,6.7,44.0,303.0,1747,20.61
36.9,30,35.9,none,59,66.9,True,flat,5.6,53.4,343.8,2449,17.64
25.1,99,1.0,snow,47,36.8,True,mountainous,9.1,97.8,674.7,1713,36.88
-7.9,38,41.6,none,80,108.1,False,flat,3.6,49.0,256.1,1992,30.6
18.2,21,78.7,none,94,108.4,False,flat,7.1,56.5,302.6,2059,12.64
0.6,59,41.8,none,18,110.6,True,mountainous,2.7,48.3,276.8,2455,45.38
-12.2,87,14.6,none,82,33.0,True,flat,6.8,94.7,519.9,2138,43.82
28.9,71,1.8,none,22,33.2,True,hilly,9.3,95.5,660.2,1572,19.61
-27.3,37,28.4,rain,17,120.3,True,flat,9.8,43.6,232.8,1916,65.0
33.1,61,73.5,none,96,42.4,True,hilly,7.3,93.9,501.4,2365,27.62
2.3,74,79.7,none,54,97.0,True,flat,9.4,48.5,290.0,2261,38.56
14.6,76,75.6,none,24,109.5,True,hilly,6.8,63.8,408.2,1551,25.96
16.2,70,58.4,none,61,74.8,False,hilly,9.6,75.2,432.9,2083,18.85
32.7,88,44.7,snow,34,84.6,True,flat,9.0,67.7,344.6,1615,28.93
14.6,88,47.3,none,52,52.7,True,hilly,1.1,48.2,314.5,1598,22.6
13.0,62,43.1,none,66,122.4,True,flat,4.7,87.5,602.9,2462,29.93
-25.3,49,56.6,snow,88,60.2,True,flat,3.5,81.2,537.9,2200,65.0
6.3,68,33.5,none,10,51.8,True,flat,0.3,96.5,644.5,1609,16.39
-19.5,84,53.5,rain,29,82.5,True,flat,4.7,61.2,409.6,1838,65.0
21.6,11,9.7,none,19,49.1,False,mountainous,1.5,65.8,429.1,2179,16.17
5.9,99,21.3,none,19,98.7,True,mountainous,0.4,61.0,403.2,2406,40.17
17.6,26,66.9,none,95,81.5,False,flat,4.5,43.8,225.6,1567,9.22
-27.1,52,72.3,none,94,44.8,True,flat,2.3,43.3,221.2,1583,65.0
-24.1,88,43.1,rain,77,36.7,True,flat,9.4,85.7,441.3,1612,65.0
20.1,30,2.5,rain,68,43.7,False,flat,8.1,57.1,353.0,2045,8.57
-25.0,53,74.2,none,86,43.7,True,flat,9.6,69.2,379.5,1964,65.0
-25.0,22,56.2,none,15,61.3,True,flat,8.8,98.7,499.3,1664,65.0
-29.2,46,33.1,rain,21,113.3,True,flat,7.3,41.1,211.6,2036,65.0
37.0,26,47.9,none,39,35.7,True,hilly,6.0,71.1,365.0,1842,20.83
21.6,43,34.4,none,85,42.8,False,hilly,0.7,71.1,444.7,1668,4.04
-5.3,44,37.2,none,53,60.3,True,flat,2.7,99.9,528.1,1533,30.2
-9.2,99,70.9,none,55,85.3,True,hilly,7.1,90.1,602.6,1599,53.3
-5.5,100,12.9,none,31,106.3,True,flat,4.0,44.0,307.4,1887,33.77
24.2,20,8.3,none,68,122.1,True,flat,3.3,49.4,290.7,2014,24.47
16.3,75,0.2,none,90,71.2,False,flat,1.0,42.0,255.4,1724,3.57
-17.0,15,25.1,rain,40,40.6,False,hilly,0.7,51.8,286.0,2280,45.7
-17.8,13,11.8,none,66,51.4,True,flat,2.1,52.7,332.8,2070,54.47
-23.1,19,17.6,none,40,58.7,True,flat,8.3,45.4,310.0,2269,65.0
16.2,97,0.9,none,81,108.6,False,flat,6.6,71.6,384.1,1898,11.04
23.5,95,18.2,rain,53,98.7,False,flat,3.4,98.5,680.3,2391,11.83
-11.4,27,26.6,none,41,50.9,True,mountainous,0.6,88.2,480.2,2300,48.33
-28.5,25,2.5,none,48,113.9,True,flat,1.9,52.2,288.8,2053,65.0
-24.2,32,48.6,rain,18,115.9,True,hilly,4.5,87.0,593.5,2183,65.0
37.8,56,45.5,none,88,118.2,True,mountainous,1.5,98.9,612.1,1648,33.39
-9.3,61,7.8,none,96,57.5,True,flat,7.6,90.1,456.3,2272,41.32
23.8,30,47.6,snow,53,43.4,True,mountainous,7.9,68.1,450.0,2107,48.57
13.7,78,79.9,none,30,40.4,True,flat,1.4,56.2,352.9,1699,17.46
-3.3,38,75.6,none,70,70.0,True,hilly,7.3,84.9,550.5,1773,48.04
-15.6,93,0.2,none,51,72.9,True,flat,5.1,87.2,464.1,2416,50.45
-21.5,69,63.6,rain,33,116.8,True,flat,9.6,57.8,390.0,1695,65.0
13.1,49,28.3,none,13,56.8,True,flat,7.9,53.5,350.9,1936,20.71
24.2,81,5.1,rain,90,92.7,False,hilly,5.9,80.3,555.4,2341,17.58
15.1,84,23.7,rain,82,108.8,False,flat,6.0,93.3,542.8,1815,19.39
7.1,36,25.7,none,85,56.9,True,hilly,1.8,41.2,249.0,1663,21.63
-27.1,41,41.9,rain,50,56.7,True,flat,8.9,99.2,635.4,1994,65.0
37.8,94,52.9,none,78,96.9,False,flat,5.6,51.5,268.3,1691,12.05
25.9,25,59.9,none,62,102.6,False,flat,5.7,61.0,330.5,2484,15.28
-9.5,14,19.7,none,44,126.0,True,hilly,5.8,43.2,240.8,2152,51.56
38.6,51,25.7,none,86,115.0,True,mountainous,2.8,43.3,298.6,2006,30.35
12.1,82,24.7,none,100,112.2,True,mountainous,8.1,56.4,282.0,1939,37.69
10.8,79,29.0,none,91,99.2,True,flat,8.6,73.9,516.4,2117,29.28
22.4,93,80.0,none,80,41.8,False,flat,2.9,94.1,544.7,1857,7.68
26.8,58,62.2,none,77,110.9,False,hilly,4.4,44.2,278.3,1717,14.42
16.0,19,78.0,rain,69,123.5,False,hilly,1.8,72.8,423.5,1759,18.71
-21.0,63,55.4,none,87,69.1,True,flat,2.4,65.0,426.7,1609,65.0
-6.3,80,32.5,rain,54,61.4,False,hilly,3.4,99.4,685.7,2396,34.09
35.0,18,31.2,rain,26,82.2,True,flat,9.0,51.2,302.0,2449,24.28
-14.3,26,39.1,none,79,125.6,True,hilly,6.3,62.2,333.3,1743,64.81
-3.9,11,33.3,none,93,35.1,True,flat,5.9,42.0,228.7,2478,33.09
0.2,63,66.3,none,41,100.9,True,flat,9.5,94.9,524.7,2051,46.64
0.8,90,37.2,rain,80,111.5,True,flat,7.9,77.3,421.0,1741,34.03
12.9,70,23.6,none,35,108.9,False,mountainous,0.2,75.3,378.3,2006,22.51
36.0,98,62.0,none,95,86.7,True,flat,1.2,42.9,288.6,1577,20.47
-13.2,16,68.4,none,72,122.1,True,mountainous,2.5,45.9,292.3,1641,65.0
-21.5,91,33.6,none,61,43.5,True,flat,3.0,87.4,527.3,1723,65.0
-16.2,83,53.4,none,80,54.5,True,hilly,8.3,73.0,386.3,2413,58.53
32.1,38,4.7,none,83,60.7,False,hilly,7.7,51.9,263.9,2449,16.57
15.2,98,42.4,none,90,30.9,False,hilly,1.5,73.0,421.1,1909,10.21
-10.0,36,3.6,snow,91,67.1,True,hilly,5.3,98.1,491.5,1742,49.19
27.1,90,2.3,snow,15,46.1,False,hilly,1.1,46.2,236.4,1824,15.85
30.3,89,49.0,none,21,102.5,True,hilly,1.7,98.2,505.5,1832,19.55
29.3,78,24.3,rain,84,71.5,False,mountainous,2.4,86.5,573.7,2053,21.34
34.3,61,59.4,snow,95,100.4,True,flat,9.1,48.7,313.9,1669,33.43
-12.3,21,71.7,none,38,59.4,True,flat,3.7,88.9,499.4,2077,42.53
22.9,58,11.2,none,11,43.2,False,hilly,9.2,84.6,474.6,1870,16.44
2.2,42,58.0,snow,39,43.2,True,flat,7.5,74.4,423.4,2125,36.5
28.9,81,41.2,none,44,50.3,True,hilly,7.5,86.5,530.1,2066,19.44
21.0,78,9.0,snow,78,41.5,False,flat,8.0,48.5,325.8,1960,19.4
24.4,92,52.1,none,14,52.1,False,flat,1.0,83.3,496.0,1619,1.4
15.9,11,48.8,none,29,87.9,False,hilly,8.1,78.5,415.6,1657,16.78
-17.6,83,41.3,none,90,55.6,False,flat,2.5,57.1,303.5,1846,41.6
8.2,94,74.1,none,24,64.3,True,flat,9.8,81.4,416.4,2240,32.34
38.9,81,41.7,none,78,35.3,True,flat,8.5,80.7,523.2,1835,16.03
35.6,22,79.2,none,43,119.2,True,flat,10.0,54.3,315.1,1780,33.94
-27.0,17,40.7,none,70,43.8,True,mountainous,9.4,48.9,334.0,2294,65.0
-18.5,12,9.3,none,17,64.9,True,hilly,3.6,61.7,347.0,2372,55.44
-20.8,67,37.6,none,36,67.9,True,hilly,9.4,63.9,421.9,2224,65.0
20.8,67,14.6,rain,48,107.2,False,hilly,3.3,89.4,535.8,1948,19.21
27.2,99,47.8,none,87,78.4,False,mountainous,6.6,66.2,443.1,1712,26.85
-15.1,46,55.5,rain,61,68.3,True,flat,8.2,84.2,515.5,2495,52.92
5.4,40,37.5,rain,14,99.6,True,flat,3.8,67.8,364.9,1838,31.75
28.8,66,7.8,none,82,89.7,False,flat,2.0,44.0,290.7,1933,4.36
21.3,84,37.5,none,15,37.8,False,flat,8.9,79.2,396.7,2022,10.91
8.0,94,6.5,snow,94,61.3,True,flat,1.0,93.7,563.1,2065,26.09
11.3,82,54.6,rain,29,127.9,True,flat,3.6,71.1,383.3,1520,33.16
5.6,48,63.2,none,54,78.3,True,flat,5.4,82.1,466.1,2397,33.93
-9.2,67,77.0,rain,17,72.4,True,flat,8.0,86.7,504.6,2380,45.15
9.6,87,11.9,none,61,45.0,True,flat,8.7,68.0,416.4,1625,22.07
18.2,54,42.6,none,55,113.9,False,mountainous,5.1,55.0,313.9,2349,26.67
31.1,30,45.4,none,47,43.3,True,flat,5.7,91.6,576.2,1657,11.12
14.5,25,73.8,none,13,40.5,True,flat,8.5,89.7,482.2,1743,18.56
23.3,10,50.2,snow,89,73.9,True,flat,4.7,91.6,602.5,2019,27.1
-18.8,75,11.6,rain,82,73.7,False,flat,5.6,89.5,555.5,2477,51.99
2.3,20,34.9,none,67,128.1,False,hilly,0.2,48.0,273.7,1982,25.65
-29.3,32,52.4,none,62,42.8,True,flat,9.5,64.9,393.4,1885,65.0
-12.7,37,56.0,none,73,78.4,True,flat,5.7,51.5,299.1,2018,50.29
20.9,60,69.0,none,23,50.1,True,hilly,7.3,49.3,332.8,1733,23.05
39.4,46,14.4,none,94,100.2,True,flat,2.5,86.9,529.4,2432,20.35
-23.1,71,76.1,none,36,69.2,True,flat,6.6,68.9,453.0,2435,65.0
-1.9,15,4.7,none,69,94.8,True,flat,4.6,45.4,299.5,2176,30.32
26.0,21,78.7,none,65,63.8,True,flat,1.1,64.4,416.3,1655,16.52
-15.7,55,68.6,snow,67,86.5,True,flat,8.3,99.6,647.5,1986,65.0
8.9,40,52.8,snow,89,76.9,True,flat,8.4,52.7,287.4,1882,39.23
21.3,37,58.8,none,37,67.4,False,flat,0.6,63.8,430.3,2496,1.36
13.1,16,5.8,none,77,83.8,True,flat,3.9,75.7,485.5,1552,18.33
-16.8,91,3.3,none,64,68.4,True,flat,2.8,52.0,265.5,1758,54.77
-5.1,72,8.1,none,17,110.6,True,flat,5.2,98.1,617.4,1992,30.77
24.9,21,7.0,snow,47,79.5,False,flat,4.9,78.1,465.8,2325,20.27
8.8,16,43.8,none,85,120.3,True,flat,6.6,53.8,284.1,2229,34.1
-29.6,98,17.2,none,38,52.3,True,hilly,2.5,66.8,397.2,2456,65.0
23.3,71,68.8,none,53,41.2,False,flat,2.2,61.7,422.0,1711,3.58
-27.5,48,35.7,snow,54,68.1,True,hilly,7.2,47.3,319.6,1603,65.0
22.2,73,55.6,none,66,48.4,False,flat,9.8,57.1,295.2,2090,14.49
-15.8,78,52.2,none,90,69.3,True,flat,9.5,73.2,430.6,1933,56.59
37.1,80,25.6,snow,26,50.7,True,hilly,7.9,45.3,272.6,1832,27.06
-4.2,53,19.5,none,55,116.8,True,flat,0.7,42.9,273.8,2275,40.29
-7.1,49,27.4,none,48,86.8,True,flat,2.4,72.5,473.5,2049,34.34
-19.6,11,63.7,none,37,79.8,True,hilly,6.9,66.0,439.7,1822,63.16
-8.6,93,46.9,rain,93,108.8,True,hilly,3.0,51.3,317.7,2038,50.21
31.4,64,20.3,rain,11,43.0,True,flat,3.9,82.8,559.9,2433,20.31
39.7,28,65.4,none,21,115.7,True,hilly,9.5,45.3,276.8,1762,34.96
-4.2,93,4.4,none,76,78.3,True,hilly,0.9,56.2,283.7,1952,42.8
1.4,92,55.9,none,34,43.6,True,flat,8.6,46.1,272.7,1788,33.09
20.5,99,35.1,none,75,111.9,False,flat,0.5,83.7,445.2,2075,8.83
32.0,89,58.5,none,85,76.1,True,hilly,3.4,78.0,479.3,2402,25.97
11.5,100,74.2,none,33,90.5,True,flat,5.6,51.3,326.4,2153,30.14
-2.6,32,60.0,none,27,119.4,True,hilly,3.6,73.4,467.2,1694,44.92
-1.1,86,35.4,snow,23,119.1,True,flat,9.6,81.8,489.2,1629,48.05
18.7,84,12.1,none,28,119.3,False,flat,5.0,42.1,270.5,1535,10.82
-29.8,31,64.5,none,34,71.7,True,hilly,7.3,79.8,417.2,2341,65.0
13.4,19,36.9,none,88,105.0,False,hilly,7.0,58.7,404.7,1972,18.78
-5.1,98,6.0,none,79,53.3,True,hilly,8.4,48.1,321.7,1923,45.3
25.6,37,57.5,none,10,113.1,False,flat,8.6,89.3,599.0,1764,14.34
-23.5,88,23.3,none,89,64.2,True,hilly,4.7,76.4,386.9,1930,65.0
11.2,10,3.9,rain,17,76.4,True,flat,8.6,72.8,397.3,1852,26.87
3.7,12,72.2,snow,69,119.1,True,hilly,6.5,90.2,468.8,2244,47.22
15.0,52,38.6,none,24,110.6,True,hilly,6.9,55.9,376.3,2207,29.8
-25.5,31,22.5,none,16,125.3,True,flat,1.7,40.8,265.5,1946,65.0
10.6,72,57.3,none,78,66.3,False,flat,2.5,96.9,503.3,2154,8.34
9.3,61,70.9,rain,52,45.1,True,hilly,6.9,55.8,323.7,2089,34.41
9.2,17,0.0,none,64,121.0,True,flat,2.7,78.0,469.9,2141,18.2
12.2,25,55.0,none,48,79.3,True,hilly,4.9,98.6,634.2,2259,30.75
17.4,45,61.4,snow,16,118.9,False,flat,4.9,54.0,301.8,1592,22.69
26.3,27,16.8,rain,77,103.2,False,flat,2.3,99.6,555.7,2332,11.9
-11.1,81,39.2,rain,84,117.5,True,flat,5.7,72.3,438.5,1783,51.15
27.8,47,7.1,rain,14,95.5,False,hilly,5.6,97.5,590.2,1882,18.0
4.9,18,59.7,none,44,111.2,True,flat,1.3,45.2,235.9,1777,33.21
-24.6,54,67.8,rain,60,42.0,True,flat,3.8,71.9,461.7,2327,65.0
-25.9,18,8.7,none,64,126.8,True,hilly,3.7,96.7,517.8,2370,65.0
-6.6,22,65.3,snow,62,48.1,True,flat,5.6,49.3,330.5,1640,49.55
24.9,32,61.7,none,72,32.5,False,flat,7.5,56.5,370.0,2022,5.33
19.5,87,27.8,none,97,83.1,False,hilly,0.2,52.7,367.2,1882,11.82
25.2,93,55.2,none,45,101.2,False,flat,1.3,97.9,523.1,1682,10.2
6.2,84,0.0,none,60,101.6,True,hilly,3.0,55.8,384.5,2057,28.6
0.8,40,74.5,none,73,63.9,True,flat,8.1,47.3,305.5,1866,36.54
-19.7,35,44.0,none,63,105.4,True,flat,4.8,87.8,593.8,2216,59.74
-7.0,59,49.6,none,45,114.3,True,flat,5.1,70.8,358.9,2336,49.77
0.4,75,53.2,none,66,91.0,True,flat,4.1,75.4,425.4,1514,32.68
-23.8,99,44.9,none,69,68.6,True,hilly,4.2,76.4,386.5,2048,65.0
-14.6,22,68.5,none,63,91.4,True,hilly,9.8,76.8,411.8,2081,63.13
11.9,14,48.8,none,28,116.2,True,flat,9.0,67.3,455.2,1818,29.37
21.5,72,72.6,rain,56,120.0,False,flat,7.3,98.5,573.6,2303,17.91
39.9,85,46.6,none,90,33.2,True,hilly,3.2,50.4,320.0,2410,12.86
35.3,86,13.7,none,88,42.2,False,flat,5.1,97.5,581.7,2264,4.58
15.0,71,73.1,none,78,30.5,True,hilly,6.9,57.5,342.2,2027,26.15
-0.5,96,54.5,rain,73,79.2,True,flat,3.9,51.4,323.8,1511,33.82
14.5,56,55.9,none,24,73.6,True,hilly,5.2,77.5,455.1,1922,22.07
25.0,92,78.8,none,51,84.6,False,flat,1.5,93.5,471.4,2194,6.51
-21.7,97,6.0,rain,20,98.4,True,flat,0.9,61.8,407.8,1659,61.16
-1.3,86,34.3,rain,84,66.6,True,mountainous,1.7,44.5,247.0,2276,42.57
28.8,38,19.1,rain,36,50.9,False,flat,7.6,72.2,457.9,2114,11.45
-3.1,28,50.4,none,79,69.5,True,flat,1.9,99.1,626.0,1832,37.88
10.0,59,64.5,rain,83,30.9,True,flat,9.2,63.4,335.2,2349,27.98
11.1,51,77.3,none,90,112.9,False,flat,3.7,41.2,219.5,2143,13.39
-17.1,89,36.4,rain,78,68.4,True,flat,1.7,70.1,413.0,1803,58.78
-4.6,19,62.9,rain,61,92.3,True,flat,8.3,63.0,358.2,1697,44.66
-6.6,33,73.4,rain,64,62.5,True,hilly,4.6,44.0,244.1,1657,49.02
-28.2,78,54.7,none,39,91.5,True,hilly,3.9,92.5,519.7,2487,65.0
-28.3,19,19.4,rain,26,84.0,True,hilly,3.3,77.1,424.9,2369,65.0
28.2,39,48.6,none,22,50.9,True,flat,3.3,49.3,257.2,2188,17.74
-10.9,45,77.6,none,26,92.5,True,flat,6.6,95.6,494.6,1971,54.61
6.3,66,79.0,none,94,41.0,True,hilly,5.4,74.6,504.1,2348,32.23
-9.1,24,51.4,none,25,78.1,True,flat,4.7,81.4,539.3,2203,46.38
35.8,87,71.0,none,75,102.0,True,hilly,4.5,75.0,449.2,2057,23.47
-11.8,50,16.0,none,27,84.9,True,flat,1.4,98.7,556.6,2280,37.29
0.1,93,19.7,none,98,104.6,True,hilly,8.3,93.4,595.5,1619,39.79
31.1,52,76.2,none,43,57.3,False,hilly,9.3,41.0,213.9,2374,18.83
28.9,35,10.8,rain,47,34.9,False,flat,8.0,40.9,212.7,1628,9.36
-17.0,23,15.3,rain,46,35.6,True,flat,4.5,69.3,366.0,2404,58.17
26.2,10,33.6,none,83,56.9,False,mountainous,9.7,58.8,375.7,1720,23.53
2.1,58,47.2,snow,30,70.8,True,flat,6.2,72.3,480.5,1888,36.89
3.8,20,48.3,none,85,83.8,False,flat,7.7,60.3,366.2,2260,18.23
-20.7,45,23.4,rain,69,105.8,True,mountainous,7.4,92.7,494.7,1614,65.0
-24.4,63,73.6,none,30,114.0,True,mountainous,7.1,50.2,284.7,2475,65.0
21.0,35,73.2,snow,16,99.4,False,flat,6.4,43.4,288.7,2249,23.53
4.8,26,31.4,rain,80,76.3,True,flat,2.1,60.6,365.0,1761,30.44
0.6,80,34.7,none,30,56.4,False,flat,2.9,48.3,285.4,2388,19.55
21.1,95,56.2,none,90,72.8,False,flat,8.9,75.5,477.0,1541,13.09
23.6,19,53.0,none,22,57.3,False,flat,1.8,68.3,390.2,1511,3.78
-18.9,24,30.6,none,65,92.4,True,flat,1.5,82.5,413.1,1824,51.13
12.7,96,33.1,none,72,111.8,True,flat,2.8,44.4,305.3,1602,25.51
-20.5,13,27.8,none,69,81.8,True,flat,3.6,85.3,547.5,2320,64.51
22.6,98,18.8,none,38,34.6,False,flat,5.5,56.6,391.4,1885,3.83
16.0,10,36.7,none,89,124.0,False,hilly,6.1,80.3,537.9,2120,20.61
37.0,89,54.9,rain,79,59.4,True,hilly,7.9,57.5,330.3,2323,25.04
-25.2,38,59.4,rain,56,121.5,True,hilly,0.7,90.0,518.3,1653,65.0
-26.0,94,62.3,none,64,111.3,True,hilly,2.1,90.0,476.2,2474,65.0
-10.2,39,30.0,none,61,71.3,True,flat,5.1,58.4,386.2,2152,43.15
-11.7,69,61.2,none,95,35.7,True,flat,2.5,94.6,590.1,1565,44.5
-12.7,17,0.5,none,91,124.8,True,mountainous,8.7,59.3,326.6,2040,65.0
33.4,32,38.2,none,31,95.9,True,hilly,6.4,93.7,648.7,2371,30.26
-12.5,80,63.5,rain,34,55.0,True,hilly,4.9,51.6,337.2,2398,51.84
-11.0,58,50.4,snow,98,83.4,True,flat,0.0,57.3,387.5,2248,46.21
23.2,94,37.9,none,31,93.5,False,flat,8.6,93.1,497.6,2472,15.2
1.5,49,51.6,none,96,52.7,True,hilly,4.6,44.8,277.4,1999,35.34
24.4,88,72.6,rain,68,39.4,False,hilly,5.3,82.1,573.2,1903,17.52
-25.4,50,45.3,snow,15,56.7,True,flat,7.0,80.9,461.2,1721,65.0
4.1,98,64.0,snow,40,34.8,True,flat,9.4,98.3,571.0,1958,40.57
-27.6,96,78.5,none,53,37.0,True,flat,1.6,98.3,597.3,2357,65.0
-25.6,40,56.4,none,85,45.7,True,flat,0.7,68.8,350.3,1554,65.0
33.5,90,45.9,none,40,45.8,True,flat,1.2,79.5,433.4,1724,11.33
-20.3,86,3.0,none,38,54.8,True,flat,7.4,49.3,278.6,2472,54.85
7.3,29,30.0,rain,93,123.7,False,flat,1.3,53.6,268.8,2290,21.7
-1.2,66,45.2,none,17,87.6,True,flat,5.0,73.5,413.9,1778,37.86
-5.7,17,63.8,rain,60,72.3,True,hilly,7.1,54.3,330.4,2338,51.91
33.0,85,35.0,none,55,86.4,True,flat,7.1,53.0,267.1,1644,28.03
-28.5,26,76.8,snow,15,30.6,True,hilly,4.1,41.4,250.9,2167,65.0
16.5,16,21.7,none,18,119.5,False,flat,7.0,44.4,293.0,1699,12.82
37.4,46,59.6,none,44,83.2,True,hilly,9.5,82.7,437.6,2031,28.46
9.2,62,33.5,none,22,75.2,True,hilly,0.3,40.9,282.9,2132,24.93
35.6,87,38.9,none,53,124.2,True,hilly,6.7,93.7,546.5,2234,26.35
-26.3,98,64.2,rain,65,103.0,True,hilly,5.2,44.7,262.8,2407,65.0
-0.7,50,23.7,none,72,63.7,True,flat,2.1,49.4,297.8,2293,37.34
-11.8,15,7.7,rain,59,123.6,False,mountainous,3.1,60.4,349.6,1798,57.97
21.2,77,41.6,none,44,115.2,False,flat,8.4,83.6,527.1,2343,13.21
38.7,61,42.3,none,22,125.5,False,mountainous,5.9,82.0,439.4,1563,29.38
-12.0,50,63.8,rain,32,39.6,True,flat,0.1,54.8,374.8,2236,38.34
15.8,38,77.5,snow,48,125.5,False,flat,9.7,59.6,401.6,1983,28.53
-16.1,55,4.4,none,93,84.3,True,hilly,6.7,89.3,561.5,1940,55.69
9.6,40,47.3,snow,28,97.2,True,hilly,4.4,69.8,459.2,2201,39.77
2.5,78,54.5,none,47,51.2,True,flat,7.1,67.5,433.1,1561,30.34
38.0,59,78.9,none,76,44.0,True,hilly,2.0,78.0,464.1,2373,18.84
12.6,89,75.4,rain,73,37.9,True,flat,2.6,67.4,358.0,1759,16.46
-5.5,59,57.0,none,97,72.2,True,flat,1.5,66.0,373.0,2314,39.34
-22.0,31,41.7,none,27,52.1,True,hilly,4.0,87.9,595.1,1823,65.0
-19.4,87,12.9,none,11,38.2,False,flat,9.0,95.9,607.1,2234,50.63
-14.2,60,30.7,none,39,125.5,False,flat,3.9,73.0,491.0,2419,40.96
-12.4,29,46.8,none,23,103.3,True,mountainous,2.9,57.4,387.5,2191,58.11
29.5,66,58.0,none,59,81.8,True,flat,7.0,97.0,587.2,1735,16.09
9.3,42,50.8,rain,91,104.3,True,flat,8.7,82.1,482.3,2200,35.02
6.6,86,57.1,none,72,91.1,True,flat,2.4,79.3,464.3,2200,29.02
-22.0,51,34.3,none,22,47.8,True,hilly,8.1,76.4,449.8,2424,65.0
30.2,75,58.2,rain,20,93.3,True,hilly,3.0,84.4,581.9,1756,25.47
20.6,19,11.5,none,92,98.1,False,hilly,2.5,86.5,458.7,2469,13.58
-25.3,46,13.0,rain,54,53.7,False,hilly,4.7,87.5,463.9,2185,65.0
19.5,98,13.0,snow,93,62.0,False,flat,0.7,98.5,569.1,1818,10.26
8.0,83,71.3,rain,76,68.3,True,flat,8.6,64.7,427.1,2010,38.83
-24.3,24,6.1,none,99,90.3,True,flat,8.7,54.6,365.8,2262,65.0
2.1,35,64.1,none,88,42.7,True,hilly,6.8,63.6,423.3,1547,36.48
3.9,40,18.7,none,47,104.3,False,flat,3.0,86.0,530.2,1836,17.48
-18.4,69,37.5,none,78,64.6,True,mountainous,1.7,72.4,486.5,2387,65.0
36.2,78,73.3,none,52,99.2,True,flat,7.0,91.9,494.8,1607,19.68
29.5,77,46.9,none,31,123.3,False,flat,1.0,54.2,335.7,2028,10.63
16.8,56,16.8,none,32,117.0,False,flat,4.1,84.2,476.5,2076,13.52
2.4,83,22.7,none,46,103.8,False,hilly,0.9,55.0,304.8,1787,20.99
-1.2,49,73.6,none,20,49.3,True,flat,4.3,87.9,457.3,1904,38.05
15.6,21,34.2,rain,26,103.2,False,mountainous,1.3,66.3,379.8,2410,27.86
8.2,61,47.0,none,55,93.6,True,mountainous,0.3,99.4,503.8,1560,38.2
-25.6,96,36.8,none,96,107.3,True,flat,4.5,80.1,457.1,1661,65.0
5.9,81,30.3,none,62,116.9,True,flat,5.7,84.5,502.8,2401,29.06
26.4,62,17.9,none,47,61.1,False,flat,4.4,42.6,243.3,1679,6.53
2.1,68,54.9,none,32,94.4,True,flat,1.8,82.2,537.7,1674,27.6
-26.4,94,57.5,none,28,57.5,True,flat,0.8,65.1,362.2,2084,65.0
25.0,49,22.0,none,69,64.6,False,hilly,1.3,59.4,305.8,2484,7.48
-15.9,40,63.1,rain,86,82.1,True,flat,7.3,87.7,473.5,1947,65.0
-11.9,98,68.4,none,46,73.4,True,mountainous,0.2,53.7,356.7,2022,60.76
-18.5,88,73.7,none,60,90.1,False,mountainous,8.6,50.9,319.3,2326,65.0
-6.9,39,12.9,none,74,105.9,True,flat,8.4,61.3,377.4,2196,48.38
23.0,52,24.3,none,15,90.5,False,flat,8.8,77.8,472.6,2496,10.1
6.4,47,68.8,none,42,127.0,True,flat,8.8,55.4,360.2,2113,33.51
-15.7,23,15.9,none,76,103.8,True,flat,6.7,73.5,396.4,1920,50.4
31.4,96,0.3,snow,72,128.5,True,hilly,8.5,63.1,341.9,1834,44.49
31.6,46,69.7,none,15,104.3,True,flat,7.3,63.8,335.6,2487,20.75
30.9,89,26.1,none,31,80.8,True,flat,3.0,52.2,296.4,2308,15.94
-13.3,27,33.2,none,71,71.1,True,flat,7.6,59.3,329.1,2320,52.13
1.6,59,35.7,rain,34,103.6,True,flat,6.2,56.4,385.4,1694,30.57
38.9,12,67.9,none,83,98.7,True,hilly,0.3,54.6,274.4,1960,19.19
24.0,79,27.0,none,13,96.9,False,hilly,7.9,44.8,266.8,1523,15.45
-28.1,62,71.4,rain,27,102.2,True,flat,8.7,66.0,426.3,2034,65.0
-25.4,66,49.4,snow,35,117.2,True,flat,5.2,54.7,372.6,1574,65.0
2.5,15,42.2,none,93,52.8,False,hilly,4.9,97.7,677.0,1697,20.36
33.6,29,26.0,none,82,86.5,True,hilly,4.3,76.1,391.1,1782,20.74
7.7,17,19.5,none,90,90.3,False,hilly,7.2,67.7,365.0,2317,21.8
4.8,36,49.9,none,50,59.3,True,hilly,2.2,60.3,421.8,1602,36.17
-22.6,66,35.8,none,84,128.8,True,flat,7.7,67.6,380.6,2407,65.0
16.0,61,72.8,rain,87,108.6,True,flat,2.9,60.5,309.2,2066,21.92
27.5,65,39.3,rain,46,62.1,False,flat,2.6,91.4,627.8,1609,10.96
-3.4,59,40.9,none,100,65.8,True,mountainous,8.1,55.4,321.4,2487,53.26
24.3,35,33.3,rain,87,101.8,False,flat,1.7,56.8,317.0,1502,11.4
37.5,32,63.1,snow,98,31.1,True,hilly,8.6,82.6,437.8,1663,33.43
-15.7,22,34.0,snow,88,76.4,True,flat,9.8,94.1,550.3,1684,65.0
6.6,86,21.5,rain,80,64.3,True,hilly,3.2,80.8,463.5,2368,27.19
-9.9,65,69.0,none,95,115.4,False,flat,9.3,45.1,308.7,1848,44.15
25.5,27,47.7,none,48,109.1,True,flat,5.7,93.9,509.5,2335,21.07
10.4,26,47.3,none,81,63.2,True,flat,2.6,86.2,445.7,1542,13.71
14.4,89,48.9,none,29,116.5,False,hilly,4.5,54.4,302.0,2459,19.97
25.9,77,57.5,none,76,121.4,False,flat,8.0,43.8,266.6,2354,14.73
-2.3,69,25.0,none,81,85.2,True,flat,6.7,83.0,469.7,1976,35.83
34.1,47,2.7,none,74,45.9,True,flat,4.9,54.1,304.1,1653,14.3
7.3,34,64.8,none,86,107.0,True,flat,2.6,71.4,414.0,1724,29.61
-18.9,98,10.3,none,47,61.9,True,flat,7.3,45.4,306.0,1728,54.86
18.7,82,57.7,none,59,82.7,False,flat,3.1,74.1,468.7,2203,6.37
25.5,37,6.6,none,11,34.6,False,flat,3.3,41.3,250.0,1875,3.08
-7.8,86,30.0,none,23,80.0,True,flat,7.5,72.0,418.3,1503,36.62
30.0,78,5.0,none,68,68.0,True,flat,5.6,90.0,462.8,1884,22.48
33.4,37,41.8,snow,61,98.6,True,flat,1.9,74.8,506.6,2072,29.07
-10.6,48,52.3,none,28,34.1,True,flat,6.9,93.1,489.3,1554,47.56
38.8,27,13.7,none,32,92.5,True,flat,2.6,72.9,391.9,2051,20.68
-20.2,20,29.7,none,41,107.2,True,mountainous,7.6,81.2,479.4,2277,65.0
-15.9,75,74.4,none,74,31.3,True,hilly,4.8,62.0,327.3,2064,56.14
-17.1,34,35.4,none,65,105.0,True,flat,5.9,57.8,363.0,1831,57.6
32.6,84,64.2,none,16,43.0,True,mountainous,6.0,60.1,360.2,1861,34.5
15.8,100,74.2,snow,78,99.8,False,hilly,1.5,46.2,276.8,1930,25.79
-19.4,17,77.9,rain,34,75.5,True,flat,6.5,55.3,383.2,2348,65.0
0.8,53,71.9,none,70,85.2,True,flat,8.7,63.2,401.3,1532,36.11
13.1,82,25.4,none,21,63.7,True,flat,8.9,60.5,391.0,1854,20.73
-24.2,81,77.0,none,100,54.5,True,flat,6.9,69.7,433.7,2459,65.0
31.8,78,65.0,none,17,37.1,False,hilly,9.7,69.3,382.4,2331,16.16
26.3,41,67.0,rain,77,116.5,False,flat,6.0,84.1,431.2,1635,14.59
5.4,51,1.2,none,59,91.0,True,hilly,2.5,63.7,390.2,1855,36.26
37.7,64,76.3,none,18,128.3,True,flat,6.6,80.6,475.2,1518,21.88
-0.8,98,62.2,none,12,115.0,True,hilly,9.1,93.4,490.2,2230,48.69
38.9,39,61.4,none,43,117.0,True,flat,3.6,67.3,452.5,1604,21.6
16.8,93,6.5,rain,82,89.8,False,hilly,2.6,73.2,438.8,1886,17.14
14.4,34,18.6,none,14,38.1,True,hilly,9.7,80.6,476.3,2403,23.91
-18.4,99,77.0,none,73,121.3,True,hilly,7.7,69.6,406.4,1637,65.0
31.7,70,40.1,none,69,41.8,True,hilly,0.5,49.8,322.4,1826,19.26
-0.1,52,31.8,none,34,81.7,True,flat,5.6,57.6,294.0,2316,31.19
-18.6,65,67.2,none,17,115.7,True,flat,2.3,41.7,226.4,2132,60.34
-29.1,35,7.0,none,92,77.2,True,flat,2.9,81.0,551.3,2259,65.0
9.2,35,33.4,none,37,46.6,True,hilly,0.9,56.8,288.4,2459,23.72
6.9,20,30.1,none,20,67.3,False,flat,2.3,89.4,556.3,2413,10.26
20.4,20,28.0,none,71,128.8,True,flat,5.1,79.4,435.1,1787,21.62
32.3,41,24.6,none,30,130.0,True,hilly,0.8,84.2,511.8,1799,29.11
-24.4,79,16.8,none,53,101.1,True,flat,8.9,92.9,563.5,1586,65.0
21.2,65,13.8,none,15,118.8,False,flat,7.8,65.5,413.7,1875,10.52
-16.9,19,51.2,snow,99,34.4,True,hilly,3.8,51.3,274.2,2274,65.0
30.1,87,73.6,none,50,57.6,True,mountainous,1.3,96.1,603.9,1758,28.69
27.3,64,40.7,none,100,66.9,False,flat,9.9,99.7,654.7,2328,11.39
7.9,96,23.8,rain,45,31.2,True,hilly,5.6,53.1,284.0,2073,31.84
19.7,70,12.7,none,41,67.7,False,flat,4.2,84.5,555.6,1860,3.74
-8.0,26,66.4,rain,92,39.3,False,flat,2.0,44.3,232.5,1918,31.49
3.0,53,77.7,rain,40,81.7,True,flat,2.0,41.6,230.1,2271,33.74
27.5,68,27.9,none,49,30.4,False,hilly,8.0,80.5,460.8,1816,10.64
2.1,13,23.3,snow,17,57.0,True,mountainous,5.2,55.3,311.0,2217,50.34
-5.0,11,48.1,none,96,116.6,True,flat,9.8,92.1,595.5,1917,50.85
4.6,22,62.0,none,18,51.3,True,hilly,9.5,70.8,392.0,2316,38.03
28.0,33,36.4,rain,79,36.5,False,flat,2.1,86.9,565.1,1712,9.93
-6.5,49,50.4,none,58,55.0,True,mountainous,10.0,46.2,236.3,1809,56.95
-17.8,54,57.3,none,16,112.8,True,flat,9.9,92.5,521.3,1997,62.72
19.8,22,76.8,rain,10,88.7,False,hilly,8.0,51.4,350.8,2249,20.15
27.8,71,13.2,snow,94,88.6,False,flat,3.9,74.1,427.6,1658,16.61
-23.0,64,79.8,none,77,30.1,True,mountainous,2.2,76.6,454.9,2403,65.0
-13.2,37,31.4,snow,72,77.2,True,flat,1.0,44.0,286.0,1518,45.42
-20.1,11,57.9,none,49,56.6,True,flat,0.5,98.7,503.9,1526,60.07
-5.6,17,45.8,none,31,63.6,True,hilly,8.2,58.1,372.1,1949,38.83
1.5,45,38.9,none,71,89.9,True,hilly,9.5,82.8,424.9,2329,38.54
22.4,24,55.8,none,65,117.4,False,mountainous,7.7,77.9,475.6,1632,33.75
15.6,44,31.7,none,75,48.2,False,flat,7.6,42.0,261.3,1985,6.34
13.5,67,10.1,none,43,106.8,True,flat,4.2,91.7,485.2,1929,13.7
-5.3,59,39.1,none,99,34.9,True,hilly,6.4,58.3,390.5,2245,47.62
28.9,31,41.8,none,16,62.7,False,flat,6.7,54.9,337.2,1714,9.66
3.0,41,16.2,snow,17,51.9,False,hilly,2.6,43.5,231.0,2094,27.54
38.5,65,74.8,none,93,121.6,True,flat,7.4,55.0,369.8,2420,25.65
14.4,87,18.2,none,68,47.8,True,hilly,1.5,77.2,513.4,1555,21.1
-21.2,78,32.7,rain,39,87.9,True,flat,2.9,52.1,330.1,2384,65.0
17.3,60,12.4,none,79,46.5,False,hilly,5.9,68.0,395.1,1709,11.93
-7.2,43,42.9,rain,51,77.3,False,hilly,5.4,88.0,526.9,1583,34.58
18.0,43,24.6,none,12,71.3,False,hilly,7.0,97.3,623.5,1819,12.79
-25.1,89,39.1,none,69,34.1,True,hilly,5.8,82.0,459.4,2010,65.0
-17.8,14,18.0,none,32,112.6,True,flat,0.5,51.7,320.3,1857,58.04
29.9,99,4.3,none,20,108.0,False,hilly,9.8,63.0,393.3,1633,21.67
-14.1,70,62.3,none,30,57.8,True,hilly,7.6,73.2,398.7,1977,56.66
28.6,71,51.3,none,53,91.4,False,hilly,8.8,92.3,485.2,1502,19.18
-10.5,13,27.3,rain,14,66.3,True,hilly,8.0,72.9,388.3,1510,53.62
15.0,64,3.8,none,89,106.9,False,flat,2.1,69.5,350.3,2331,10.03
18.6,54,69.2,none,60,99.2,False,hilly,9.3,55.6,361.4,2068,20.23
5.9,20,13.6,rain,36,39.0,True,mountainous,9.8,70.0,463.2,1864,45.83
-8.6,35,74.5,none,72,114.4,True,flat,0.8,59.1,390.2,1903,40.86
-15.1,90,38.3,rain,82,47.9,True,hilly,1.6,73.9,506.7,1956,54.47
-27.7,59,27.2,none,65,47.4,True,flat,9.9,88.5,457.6,1736,65.0
-8.7,47,59.3,none,28,103.4,True,flat,2.9,96.7,663.8,2227,42.74
15.7,17,70.1,none,20,48.3,True,flat,8.2,88.6,531.8,1807,19.07
35.7,74,29.7,none,87,42.2,True,hilly,0.7,89.7,519.1,2077,19.16
31.0,73,32.6,none,31,63.6,True,flat,7.3,61.5,324.8,1635,20.26
23.6,65,34.7,snow,12,113.9,False,flat,7.0,81.7,487.6,1528,20.57
25.2,56,73.8,none,68,47.7,False,flat,9.4,63.3,402.7,1649,13.09
16.5,49,55.4,none,24,63.9,False,flat,7.3,41.5,214.6,1853,11.9
-11.8,63,19.8,none,99,58.6,True,hilly,0.4,93.1,647.4,1639,42.29
33.5,31,14.8,none,88,65.6,True,flat,4.5,43.1,294.8,2159,19.42
17.0,95,18.4,none,65,101.4,False,mountainous,3.5,46.9,317.9,1663,25.97
9.2,63,21.1,none,85,70.5,True,flat,5.7,41.1,239.2,2313,28.94
-22.2,38,18.4,none,52,106.0,True,flat,4.3,44.0,295.6,2296,62.49
1.3,50,52.7,none,81,94.0,True,flat,2.8,43.5,228.6,1784,34.12
2.2,83,9.3,rain,68,66.1,False,mountainous,6.6,80.6,550.1,1966,38.26
30.5,25,31.0,none,13,73.2,True,flat,3.1,91.2,612.0,2183,11.83
8.3,36,50.0,none,95,100.4,True,flat,8.5,87.8,542.1,1924,26.58
-3.4,71,23.3,rain,87,83.5,True,hilly,3.2,77.6,490.7,1578,39.6
38.4,38,5.2,snow,96,116.8,True,flat,5.2,87.2,496.9,1777,34.27
-22.2,81,6.5,none,76,123.3,True,flat,8.3,67.4,464.9,2013,65.0
-0.4,22,10.1,rain,47,101.8,True,flat,8.2,94.4,484.5,2316,39.29
-27.1,79,66.9,none,29,128.9,True,flat,5.9,67.6,458.4,1569,65.0
21.8,16,52.6,none,26,89.7,False,flat,3.8,41.7,230.3,1677,11.77
34.3,11,5.2,rain,23,34.0,True,flat,5.6,82.1,543.0,2431,24.01
-10.4,91,31.3,snow,30,80.5,True,hilly,8.5,89.8,458.1,1818,59.69
30.1,62,22.3,none,60,53.0,True,mountainous,2.2,53.5,293.5,1878,29.1
-9.5,42,46.2,none,72,63.4,True,hilly,1.2,59.1,318.7,2166,38.75
33.8,31,41.8,none,38,79.0,True,flat,5.8,81.7,568.3,1868,17.01
22.8,66,38.5,none,59,59.5,False,flat,5.7,74.4,403.4,1731,7.7
26.3,56,25.2,rain,41,61.0,False,flat,2.9,93.4,536.3,2468,7.88
-28.7,99,11.0,none,73,70.2,True,flat,4.3,68.7,384.2,2021,65.0
37.4,98,59.4,none,99,58.6,True,flat,0.9,80.3,560.2,1871,24.34
20.9,67,70.4,none,72,47.0,False,hilly,1.3,56.3,350.8,2262,6.42
-8.7,50,75.5,rain,15,106.6,True,hilly,8.3,95.8,547.7,1602,51.75
28.1,54,4.7,none,53,69.5,False,hilly,4.6,62.2,423.9,2402,11.58
-10.3,71,59.2,none,79,113.2,True,flat,1.0,72.4,464.2,2312,42.8
31.1,19,58.1,snow,59,118.3,True,flat,9.6,77.0,493.3,1876,36.54
-22.1,40,75.8,none,96,105.1,True,flat,2.1,55.3,330.0,1686,65.0
19.3,17,20.2,rain,15,69.7,False,hilly,3.2,59.0,353.8,2360,14.93
7.8,17,59.4,none,36,102.1,True,hilly,9.7,70.1,453.2,2456,36.99
-23.2,28,4.4,none,30,45.5,True,flat,1.8,56.3,282.4,1548,59.38
-13.1,54,50.5,none,79,96.1,False,flat,9.7,47.8,280.9,2487,45.6
-29.1,81,28.1,none,57,70.6,True,flat,7.2,90.2,628.0,1886,65.0
2.8,54,61.5,none,22,95.6,True,mountainous,4.3,59.5,375.2,2306,49.18
-8.9,40,69.1,none,36,105.5,True,flat,5.9,65.0,374.0,1958,45.1
11.9,17,29.2,none,57,86.3,True,flat,5.1,72.8,388.9,2022,25.55
-9.2,60,42.0,none,100,94.2,True,flat,8.0,90.5,517.7,2036,50.72
-9.0,34,9.4,none,43,51.4,True,flat,0.6,48.4,288.6,2463,33.94
22.0,65,33.4,none,24,89.3,False,mountainous,8.1,77.6,485.6,2130,27.24
-26.6,98,28.9,none,55,76.0,True,flat,9.7,61.1,425.4,1796,65.0
33.2,20,14.6,none,38,72.8,True,flat,4.3,92.2,552.3,2127,11.87
29.7,29,71.6,none,61,71.0,False,flat,1.9,79.7,456.3,1590,8.89
16.7,53,11.8,none,52,61.1,False,flat,1.1,48.7,268.3,1831,2.11
11.5,97,50.9,none,72,60.5,False,hilly,3.5,57.8,377.7,1674,20.71
32.5,79,71.2,none,92,100.0,False,flat,1.3,42.2,250.0,2106,7.85
-17.0,91,73.0,none,28,85.8,True,flat,2.3,86.2,556.2,2032,52.92
-24.5,40,63.5,none,84,33.0,True,hilly,6.5,64.8,360.6,2225,65.0
-13.2,99,14.1,rain,95,34.9,True,flat,4.2,42.9,246.5,1839,47.94
25.6,19,65.4,none,44,87.0,False,hilly,9.0,40.8,282.0,2485,20.68
-27.6,15,22.1,none,20,114.6,True,flat,4.6,97.3,532.1,1820,65.0
10.8,87,73.8,none,84,34.4,True,flat,1.5,91.1,513.8,1552,14.9
39.7,93,56.7,snow,73,80.7,True,flat,1.4,60.1,361.5,1770,22.02
29.9,18,62.8,none,29,115.1,False,flat,6.9,71.0,429.6,2124,11.66
6.5,20,6.8,none,50,30.4,True,flat,6.3,74.6,382.7,2260,28.18
-25.5,13,46.6,snow,62,57.6,True,flat,7.1,70.9,492.4,1742,65.0
28.2,19,65.7,none,25,122.0,False,hilly,3.4,58.5,327.8,2280,18.15
11.9,29,68.9,none,74,38.1,True,flat,9.2,63.4,324.0,1836,26.59
-22.0,97,2.3,none,72,90.7,True,hilly,1.1,50.9,280.3,1664,65.0
-23.4,70,75.1,none,90,80.7,True,hilly,0.3,42.0,243.5,1640,65.0
33.7,80,3.5,none,61,45.2,False,flat,7.4,49.3,269.2,2318,5.84
16.8,80,49.2,none,62,34.2,False,flat,6.8,40.8,216.6,1737,8.99
28.1,58,55.5,rain,66,80.3,False,flat,4.9,66.0,396.8,1720,12.76
31.5,82,8.6,none,35,103.5,True,flat,0.4,79.7,525.1,2383,13.47
10.0,64,3.8,rain,78,47.7,True,hilly,1.1,50.9,326.0,1865,23.35
6.2,38,62.8,rain,70,99.1,True,flat,2.0,72.0,421.5,2490,30.02
0.1,60,30.8,none,86,84.6,True,flat,6.4,59.5,312.2,1769,33.56
-7.8,58,8.6,none,79,65.8,False,hilly,6.6,47.2,326.1,2160,37.73
0.4,84,61.0,none,67,96.4,True,hilly,6.8,47.7,270.4,1695,41.65
24.2,98,67.9,none,24,49.2,False,flat,8.0,77.1,401.3,1693,13.38
12.1,47,47.0,none,93,75.7,True,flat,0.2,47.1,267.0,2309,18.8
32.5,79,12.9,none,43,84.9,True,flat,6.4,73.2,468.0,2426,15.03
1.0,19,1.2,rain,97,75.9,True,flat,2.5,51.4,283.0,2394,30.37
12.5,80,56.1,none,46,69.8,True,flat,5.7,92.0,493.5,2334,20.73
14.2,43,44.0,none,23,104.1,True,hilly,7.4,43.0,237.7,2083,32.88
11.4,14,52.1,rain,90,95.6,True,flat,7.2,63.2,385.9,1613,25.27
19.2,43,65.1,none,82,93.9,True,hilly,2.9,85.7,578.3,1838,27.11
-13.4,65,34.7,none,81,119.2,True,flat,3.6,84.9,447.2,1781,48.55
5.9,21,10.0,none,18,129.4,True,flat,9.2,48.7,257.4,1751,38.93
-22.7,93,75.2,none,89,86.7,True,flat,8.5,51.8,303.4,2473,65.0
-3.1,17,43.6,none,64,64.8,True,flat,2.6,72.8,382.1,1650,26.72
4.1,94,49.2,snow,52,107.9,True,hilly,5.9,81.1,564.0,1969,49.89
15.7,74,74.7,none,92,44.2,False,flat,1.1,85.1,575.3,2426,8.5
36.5,40,74.5,none,70,81.3,True,flat,6.5,77.2,396.2,1561,20.13
12.0,45,45.8,none,22,82.5,True,flat,6.2,87.0,592.7,2246,20.3
22.1,77,23.8,none,57,128.3,True,hilly,2.6,66.4,369.7,2109,32.98
5.4,64,79.8,none,67,129.1,True,hilly,4.2,73.6,415.7,1860,39.7
14.4,70,54.5,none,91,109.9,True,hilly,7.8,66.0,374.6,2438,38.21
-25.0,45,32.7,none,35,77.3,True,flat,2.6,85.7,440.3,1835,65.0
-12.2,54,44.8,none,81,84.7,True,flat,7.7,50.5,331.1,1689,44.18
-4.7,99,33.3,none,82,62.0,True,flat,3.2,55.1,295.9,2225,33.39
3.1,29,71.1,snow,22,113.0,False,hilly,8.4,90.2,488.6,1833,41.32
-26.8,48,38.6,none,12,104.7,True,mountainous,0.3,82.9,541.7,1787,65.0
-20.2,36,65.9,none,62,107.1,False,flat,2.6,84.1,430.7,2431,57.99
-10.6,79,67.2,none,81,43.9,False,flat,1.8,45.9,260.6,1808,28.31
38.0,79,65.9,none,60,69.9,True,flat,8.9,69.1,422.8,2074,19.71
-6.8,36,57.8,rain,83,83.7,True,flat,4.3,73.9,386.4,2155,39.43
3.7,17,68.4,none,66,42.5,True,flat,5.5,86.8,507.8,1985,29.28
-16.3,11,31.0,snow,69,66.9,False,hilly,2.4,65.3,372.9,1811,54.65
12.8,48,9.2,rain,13,38.7,True,flat,1.3,72.4,408.8,2042,17.41
-10.4,47,67.4,none,18,125.9,True,hilly,6.0,54.3,300.9,1900,56.7
-15.5,99,39.9,rain,75,105.1,True,flat,2.8,89.9,510.6,1535,60.06
6.2,52,10.2,rain,79,92.1,True,hilly,9.3,94.8,548.5,1809,39.56
-29.6,33,9.2,none,59,50.5,True,hilly,4.8,67.8,356.6,2086,65.0
-29.5,90,12.7,none,63,63.4,True,hilly,1.4,66.2,358.7,1513,65.0
-14.7,54,60.1,none,65,44.4,True,flat,0.2,59.7,407.2,2150,47.57
-27.4,64,56.9,none,19,83.6,True,hilly,2.3,56.0,385.9,1531,65.0
-22.4,19,16.3,none,70,112.1,True,hilly,3.2,73.2,511.3,2063,65.0
-6.3,44,67.8,none,53,31.9,True,flat,2.1,50.1,298.6,1561,37.18
26.2,95,22.5,none,64,40.3,False,flat,3.7,75.4,397.2,2348,1.12
10.0,63,63.4,none,61,52.9,True,mountainous,8.8,73.7,469.2,2410,38.49
5.9,41,39.1,snow,79,101.4,True,hilly,0.5,81.6,561.2,2114,39.56
-9.5,66,58.5,none,39,119.4,True,flat,8.0,53.5,271.0,1626,52.03
35.2,92,30.5,none,44,105.3,True,flat,4.3,82.1,414.2,2404,19.15
-2.2,35,27.8,none,45,82.5,True,flat,9.1,41.0,255.3,2228,41.6
-23.9,55,67.3,none,79,40.5,True,flat,6.7,72.1,366.0,2379,65.0
13.2,96,2.8,snow,49,105.5,True,mountainous,1.6,90.6,524.2,1964,49.77
-22.0,26,78.0,none,26,40.6,True,flat,9.6,83.7,481.5,1922,65.0
-5.8,75,51.9,rain,98,64.8,False,flat,1.5,91.0,473.3,2093,28.61
5.5,65,34.6,none,54,60.8,True,flat,3.4,48.9,317.5,1956,26.5
31.2,71,50.2,rain,20,65.9,False,hilly,9.8,83.1,433.8,1671,17.1
4.5,42,9.8,rain,70,63.0,True,mountainous,2.1,68.1,378.0,2325,49.33
19.2,38,41.1,snow,77,106.9,False,flat,6.3,59.4,383.3,1690,19.34
39.5,72,78.8,none,55,47.2,False,hilly,9.8,61.3,382.6,2246,20.4
-20.8,29,18.8,none,68,114.6,True,mountainous,6.9,46.1,274.2,2391,65.0
-10.8,48,57.8,none,26,115.8,True,flat,6.6,81.8,417.1,2029,47.62
-2.4,27,34.8,none,43,79.1,False,flat,6.2,77.9,508.5,1753,24.23
-0.5,11,52.2,none,25,40.6,True,flat,5.6,49.2,326.9,1521,25.7
-1.2,97,16.4,none,45,87.5,False,flat,9.5,72.7,378.1,2155,27.4
33.5,49,37.6,rain,61,112.1,True,flat,5.4,47.8,333.1,2053,32.72
20.0,97,78.4,none,50,58.9,True,hilly,6.6,58.8,334.9,2191,26.59
12.6,23,15.6,rain,63,113.8,True,mountainous,7.4,42.6,249.4,2451,40.7
-8.3,63,50.9,none,55,97.7,True,flat,5.3,77.3,450.4,1951,42.34
27.7,28,46.0,none,39,128.7,False,flat,8.9,40.7,255.3,2173,15.4
36.9,81,45.2,none,23,112.5,True,flat,0.2,55.6,342.0,1642,9.87
27.5,81,49.2,none,33,50.2,True,flat,4.0,56.0,342.8,1640,18.12
-29.9,20,40.2,none,28,74.9,True,flat,6.2,84.9,557.2,1993,65.0
14.5,92,1.4,rain,74,40.4,True,flat,0.2,67.0,459.6,2087,11.48
-26.4,28,72.0,none,84,37.0,True,flat,9.4,74.4,494.2,2485,65.0
-12.0,65,66.2,rain,75,100.6,True,flat,8.3,54.9,354.0,2069,54.54
-25.8,99,13.9,rain,68,121.3,True,flat,2.2,72.9,371.7,2417,65.0
12.3,89,33.1,none,38,127.4,True,flat,3.3,49.0,269.1,2288,26.33
18.1,96,61.6,snow,74,57.0,False,hilly,6.8,99.5,518.6,2399,23.81
-22.0,41,78.4,rain,64,50.2,True,flat,3.4,71.0,476.5,2357,65.0
-3.1,20,76.1,snow,14,86.0,True,flat,8.6,92.8,584.8,2042,49.95
1.9,27,71.9,rain,92,50.1,True,flat,2.5,46.3,234.8,1500,27.27
-4.2,55,12.7,rain,17,59.6,False,flat,8.2,75.4,486.2,1955,29.15
-21.5,81,73.2,none,55,113.7,True,flat,4.6,80.3,455.4,1719,65.0
-0.7,24,70.3,none,56,111.0,True,flat,4.5,87.3,531.6,2214,36.83
22.6,69,30.2,snow,85,119.5,False,flat,1.7,69.2,426.0,1698,17.13
-25.0,39,31.6,rain,92,78.2,True,flat,9.8,42.2,224.5,1973,65.0
-24.4,41,36.8,none,95,86.4,True,hilly,3.4,55.7,322.8,1525,65.0
-5.2,70,52.5,none,61,107.1,True,hilly,2.0,56.8,332.7,1590,41.73
35.9,52,20.9,none,71,53.9,False,flat,0.3,59.1,368.2,1892,2.41
16.8,83,1.8,none,18,112.3,False,flat,4.9,45.5,308.7,2230,13.37
17.5,24,11.3,none,54,31.8,False,flat,0.3,40.0,249.5,2174,5.58
-4.7,81,35.2,none,91,109.8,True,flat,4.6,71.2,453.2,1928,42.12
11.6,16,22.6,rain,51,107.6,True,flat,9.0,84.2,533.0,1691,31.76
-29.3,27,61.2,none,16,60.2,True,flat,5.0,53.8,278.1,1806,65.0
14.5,69,8.5,none,28,102.8,True,flat,0.4,81.6,457.1,1994,19.09
33.9,87,73.4,rain,49,51.4,True,hilly,2.6,83.9,486.7,2449,18.27
12.9,33,71.6,rain,31,87.6,False,flat,0.5,64.7,380.9,2140,14.0
31.2,39,72.7,none,45,100.1,True,flat,8.8,71.5,477.9,1628,21.84
20.7,58,59.2,none,40,101.5,False,flat,2.4,58.8,356.0,2304,12.18
-21.6,29,8.6,none,39,128.3,False,flat,0.7,62.5,414.5,2221,57.64
33.2,83,35.1,rain,18,48.2,True,mountainous,9.6,75.3,513.3,2388,40.77
-25.3,80,10.5,none,89,78.1,True,flat,4.9,61.7,394.5,2111,65.0
7.4,23,79.0,none,72,118.0,True,hilly,4.1,70.1,366.2,1810,34.08
-20.1,52,26.6,rain,66,86.2,True,flat,9.3,84.6,457.1,2348,65.0
-29.2,80,46.8,snow,65,117.6,True,hilly,5.3,97.9,651.5,2077,65.0
-0.5,40,62.4,none,46,73.4,True,flat,2.8,93.5,572.7,2203,28.04
-9.3,67,73.6,none,84,109.5,True,flat,7.9,94.9,572.2,1970,49.03
4.0,15,60.4,none,94,117.0,True,mountainous,2.7,94.7,656.8,2304,45.2
10.4,65,54.0,none,11,114.6,True,hilly,4.4,54.5,312.6,2126,33.45
-26.9,24,37.3,none,17,117.1,True,mountainous,8.0,96.8,491.8,2391,65.0
-21.4,85,48.4,none,71,52.0,True,flat,9.3,53.3,293.9,1850,65.0
9.1,42,7.5,none,31,73.9,True,hilly,6.1,91.9,511.6,2347,23.1
-6.0,35,70.7,none,92,47.5,True,flat,5.0,74.9,451.1,2289,38.5
21.0,86,43.5,rain,70,48.1,False,flat,0.8,90.3,452.9,1870,4.75
15.7,15,3.2,none,43,78.8,False,flat,6.2,98.9,690.2,2376,6.59
29.2,46,73.6,none,47,126.0,False,flat,3.3,92.5,474.2,2093,9.33
18.5,43,39.1,snow,72,89.2,False,flat,5.1,89.0,486.3,1872,19.57
0.1,36,69.5,none,23,115.4,True,flat,7.4,52.4,332.4,1776,40.48
17.1,92,68.6,snow,90,123.7,False,flat,6.4,91.6,637.1,1588,23.05
-10.7,78,65.3,none,10,38.7,True,flat,1.0,49.9,300.9,1592,43.53
-8.6,16,4.9,none,98,46.2,True,hilly,4.0,70.8,402.2,2284,44.52
25.2,74,19.8,none,25,59.1,True,flat,2.0,70.1,373.5,1885,12.58
1.2,57,70.0,none,77,91.7,False,flat,1.5,71.1,484.1,2023,24.93
25.9,91,71.9,none,14,36.2,False,flat,2.2,83.4,425.3,2335,6.74
27.6,38,36.6,none,49,108.7,False,flat,9.2,63.8,327.7,2155,15.54
30.0,62,35.2,none,67,36.4,True,hilly,7.1,67.4,345.6,2442,26.25
34.2,55,14.0,none,16,45.8,True,flat,9.1,79.5,471.9,2023,26.73
0.2,54,77.5,none,50,68.2,True,flat,5.1,80.9,555.5,1611,29.11
-7.7,51,17.1,none,37,85.8,True,hilly,0.0,66.3,404.9,1847,44.78
10.8,29,15.3,none,55,118.2,True,hilly,0.3,43.1,246.2,1638,25.27
-4.0,78,52.9,snow,55,126.4,True,mountainous,1.4,55.5,304.2,2248,53.98
12.1,51,19.4,none,81,118.5,True,hilly,7.8,96.6,582.6,1966,35.42
19.4,96,75.1,snow,21,40.7,False,hilly,2.0,95.6,562.7,1557,18.58
18.2,33,0.9,none,17,93.1,False,hilly,1.0,79.0,409.7,1517,11.17
-3.8,71,0.5,none,46,74.2,True,flat,8.6,51.1,256.2,1555,33.62
-18.3,95,40.4,none,90,42.6,True,hilly,2.3,45.7,283.1,2172,49.8
0.1,70,39.0,rain,87,85.5,True,flat,5.0,97.0,651.3,1701,30.01
-20.0,88,13.1,rain,60,65.7,False,hilly,3.4,92.4,574.5,2278,57.01
32.3,84,39.6,rain,90,64.6,True,flat,9.0,63.9,361.1,2013,28.0
-5.8,42,32.9,none,82,39.4,True,flat,7.0,77.8,412.7,2081,39.65
-19.2,64,71.2,rain,35,127.9,True,flat,4.5,94.8,614.4,1670,65.0
-28.2,24,0.7,none,25,102.6,True,hilly,8.6,48.3,309.3,2378,65.0
15.2,58,78.1,none,37,58.0,False,flat,7.3,78.2,523.3,1971,10.01
14.6,31,50.0,none,30,121.7,True,hilly,8.1,95.2,662.9,1912,35.11
-6.2,77,12.1,none,66,124.8,True,flat,9.8,90.2,471.2,2295,42.74
-25.0,58,3.7,rain,63,111.0,True,flat,2.0,57.2,316.4,1533,65.0
-1.3,47,43.0,none,64,95.9,True,flat,2.0,97.1,552.4,2018,30.83
-8.2,34,18.8,none,27,67.6,True,flat,5.6,52.2,317.1,2220,45.44
17.4,100,24.1,none,81,73.4,False,flat,5.3,52.5,268.2,2295,8.68
12.4,16,19.6,snow,49,75.5,True,flat,8.7,45.8,254.2,1656,34.64
-4.5,14,52.0,none,53,124.9,True,flat,1.6,47.1,310.2,1890,38.33
-14.7,30,44.3,none,100,106.0,True,hilly,4.3,85.7,436.8,1821,59.97
39.2,97,6.2,none,35,59.2,True,flat,5.3,56.6,375.3,2492,12.62
1.8,98,42.1,rain,45,92.5,True,hilly,4.6,92.1,494.8,2235,34.71
18.2,69,63.3,snow,71,89.4,False,flat,0.7,91.5,513.1,1926,13.13
-20.2,89,6.5,none,89,111.2,True,hilly,1.5,47.0,302.4,1715,63.9
4.0,29,71.2,none,21,39.5,True,hilly,1.5,71.9,469.7,1674,27.75
-28.1,97,46.3,rain,76,100.1,True,hilly,6.0,84.4,457.4,2495,65.0
5.4,23,76.0,snow,93,63.1,True,flat,4.3,81.0,470.4,2083,31.06
37.5,19,11.9,none,48,43.0,False,hilly,1.8,46.2,253.5,2224,10.32
-3.1,20,79.5,none,36,103.2,True,flat,7.4,59.3,357.4,1657,42.1
-27.3,62,51.5,rain,71,63.2,False,hilly,8.0,76.7,483.7,2249,65.0
-27.8,80,45.4,none,32,103.0,True,hilly,2.1,75.1,415.8,1739,65.0
-2.8,43,41.2,none,45,46.2,True,mountainous,7.2,88.8,526.3,2262,48.45
-18.8,98,1.9,none,91,128.6,True,flat,0.6,43.4,263.3,2414,60.45
-28.4,49,75.2,none,63,110.3,True,flat,8.6,68.8,401.8,1888,65.0
22.9,24,51.5,none,19,58.9,False,flat,9.6,90.9,548.2,2403,8.63
2.1,52,7.3,snow,40,104.1,True,mountainous,1.6,99.6,526.8,1964,54.86
-9.8,71,1.7,none,66,43.6,True,flat,7.9,47.7,242.4,2309,39.67
33.0,85,4.1,rain,53,95.3,True,flat,1.0,78.8,403.7,1954,11.61
-21.9,51,48.8,rain,69,36.0,True,flat,9.6,40.1,278.4,1644,65.0
36.9,63,49.1,none,79,63.3,True,flat,4.5,61.0,313.9,2169,12.33
-8.0,34,40.0,rain,53,127.8,True,flat,5.4,66.7,384.9,1826,49.23
32.2,68,24.5,none,99,42.1,False,hilly,7.6,60.8,399.9,1576,13.24
12.2,99,42.5,none,92,89.7,True,flat,2.5,77.5,519.1,2152,18.85
27.9,14,41.3,none,15,37.1,True,flat,4.0,40.9,226.6,2079,12.9
38.9,90,1.6,none,34,96.9,True,flat,0.7,94.5,593.4,2430,19.15
-9.8,61,22.6,none,37,57.9,True,hilly,6.1,59.1,381.1,1587,44.02
37.3,33,4.3,none,27,61.0,True,hilly,8.0,49.0,334.9,1930,23.34
-2.7,96,72.0,none,38,63.8,True,hilly,8.5,66.0,447.3,1732,50.65
-3.0,54,58.0,none,48,50.5,True,hilly,5.4,70.8,415.8,1984,37.57
-6.2,40,79.7,snow,15,124.2,True,mountainous,7.7,43.1,262.3,2343,65.0
7.9,26,24.2,snow,21,120.6,False,flat,1.5,87.9,580.6,2442,23.94
-19.2,32,70.3,none,19,117.0,True,hilly,7.4,84.2,522.1,1880,65.0
8.8,85,48.2,none,14,40.6,True,flat,0.0,70.7,403.9,2119,12.8
7.9,65,36.3,none,53,53.3,True,flat,1.9,51.2,353.0,1736,16.31
23.3,92,17.8,none,40,91.2,True,flat,6.3,95.6,668.7,2262,17.2
28.4,31,59.1,rain,94,127.0,True,flat,3.2,87.7,601.8,2407,25.92
0.8,21,72.3,snow,19,90.5,True,flat,4.1,54.0,307.5,1976,43.68
-8.8,11,18.8,none,93,62.7,True,mountainous,8.3,84.2,461.6,2372,53.41
-11.8,56,14.0,none,18,111.7,True,flat,5.7,46.1,275.9,2484,50.6
-16.4,100,55.7,none,66,43.5,True,hilly,4.0,47.1,309.5,2108,53.55
-26.0,73,78.2,none,32,118.2,True,hilly,4.7,66.7,369.4,2061,65.0
-6.0,38,60.0,rain,84,127.5,True,flat,8.5,82.1,477.3,1881,46.39
-11.1,89,22.8,none,16,126.8,True,flat,4.9,95.0,504.0,2286,49.41
37.6,80,33.6,rain,96,44.8,False,flat,8.8,98.3,629.2,2315,14.32
9.0,11,30.7,none,14,85.0,True,flat,2.5,81.5,527.8,1510,23.23
-5.7,84,68.2,none,32,88.5,True,hilly,5.3,87.0,521.2,1752,42.51
10.6,37,61.7,none,52,49.5,True,flat,3.7,70.6,457.3,1532,17.86
-20.3,23,47.1,none,78,84.7,False,flat,5.9,43.4,272.7,2276,55.38
1.1,30,22.0,rain,96,94.7,True,hilly,5.8,47.5,325.9,1677,42.38
13.8,52,75.0,rain,49,62.9,False,mountainous,5.7,98.2,606.5,1608,30.68
4.2,48,52.3,rain,78,61.6,True,flat,5.3,63.6,363.3,2297,32.59
-1.9,36,77.6,none,75,36.0,False,hilly,4.5,86.3,557.5,2074,24.1
39.6,25,46.4,rain,61,125.7,True,flat,9.1,53.2,272.2,1653,31.74
31.6,79,65.7,none,72,110.4,True,hilly,2.7,72.0,428.4,2345,23.29
13.6,99,65.0,none,13,105.9,True,flat,4.3,49.2,340.8,1907,24.28
9.9,80,27.0,none,50,32.2,True,mountainous,2.1,88.5,567.5,1873,30.54
13.4,37,77.1,none,81,92.4,True,flat,3.3,50.1,350.4,2152,24.6
-15.9,32,1.8,rain,53,48.1,False,mountainous,2.5,82.4,476.5,1537,55.5
-2.3,30,61.5,none,89,96.2,True,hilly,6.7,49.1,283.8,1836,37.93
-27.2,22,77.2,none,85,92.1,True,hilly,7.1,89.1,456.2,1579,65.0
3.3,60,27.1,none,88,115.2,True,hilly,2.8,70.2,401.5,2235,31.64
8.0,64,51.8,none,22,55.5,True,hilly,9.8,64.7,342.0,1774,28.94
-14.1,73,45.0,none,32,32.7,True,hilly,2.8,60.2,348.7,2336,54.74
37.5,71,60.9,none,13,121.4,False,hilly,8.3,81.3,406.6,1919,26.69
33.7,36,69.3,rain,98,120.9,True,flat,2.9,45.3,266.1,2385,21.48
20.6,40,48.2,none,31,75.6,False,mountainous,4.1,91.4,628.5,1721,20.96
7.3,71,65.3,rain,43,37.8,True,flat,6.6,85.7,559.0,2153,29.9
30.9,41,25.0,none,35,79.8,True,hilly,5.6,62.4,342.0,2445,27.49
-20.9,29,18.3,none,14,82.4,True,hilly,5.1,98.7,546.6,1894,65.0
25.3,44,34.5,none,34,112.2,False,hilly,7.9,89.9,505.2,1658,17.04
-21.3,34,54.2,rain,19,101.7,True,hilly,7.1,56.2,291.7,2054,65.0
25.6,18,15.0,none,45,37.1,False,flat,9.1,93.3,651.3,1932,9.26
-10.7,85,54.4,none,97,100.5,True,hilly,2.3,45.9,291.1,2006,51.94
31.4,87,31.5,snow,73,43.6,True,flat,0.2,81.4,527.1,1976,21.85
36.1,30,63.6,none,74,38.9,True,flat,10.0,47.9,305.9,1766,23.46
-19.6,16,2.9,snow,51,69.9,True,hilly,2.8,98.6,584.4,2015,65.0
2.4,76,53.4,none,83,37.7,False,hilly,0.4,43.0,285.1,1648,20.15
38.7,29,52.0,rain,92,112.9,True,hilly,2.5,54.0,295.5,2083,26.56
3.8,45,75.3,none,97,76.3,True,hilly,6.7,71.8,414.8,1937,35.79
30.4,16,57.1,none,19,88.7,True,flat,5.9,75.0,424.1,2473,23.21
11.2,30,63.7,none,89,87.7,True,flat,2.1,70.8,488.7,1595,21.14
-3.7,81,72.4,none,30,127.8,True,flat,1.9,84.4,428.6,2252,39.47
-10.0,82,54.0,rain,46,121.6,False,flat,4.4,40.1,206.5,1849,42.39
-15.8,29,23.2,rain,41,114.9,True,flat,0.1,73.8,510.3,2197,50.78
23.3,40,69.6,none,71,68.3,True,hilly,0.0,76.9,490.2,2458,18.89
-2.9,22,59.8,none,64,44.5,True,flat,6.2,52.5,329.5,2398,38.47
5.8,17,34.0,none,20,89.2,False,hilly,3.3,79.5,528.1,1613,20.16
4.5,99,56.8,none,80,74.0,True,flat,0.2,79.2,541.5,2376,26.86
10.4,69,69.4,none,50,52.6,True,hilly,4.6,71.8,487.8,1891,26.54
30.6,59,78.1,none,10,39.8,True,flat,9.4,55.6,376.7,1571,21.13
38.7,79,76.2,none,47,73.6,True,mountainous,2.5,65.0,434.0,1708,36.86
-1.5,86,26.0,none,56,95.1,True,flat,2.5,56.3,295.3,1529,34.01
27.9,83,33.7,none,16,92.5,False,hilly,4.7,86.2,540.4,1639,13.68
23.5,11,8.8,none,24,107.4,False,hilly,1.5,77.1,461.3,1967,15.41
10.1,27,19.8,none,99,76.7,True,hilly,6.4,49.1,322.0,2445,24.53
36.9,69,70.6,none,88,62.2,True,flat,8.4,74.1,511.8,2310,25.49
-16.0,44,28.9,rain,22,83.9,True,mountainous,1.9,94.2,539.6,2031,65.0
-22.4,98,49.6,none,62,127.5,True,hilly,6.6,90.0,585.7,1824,65.0
29.8,70,53.3,none,44,34.5,False,hilly,8.9,93.5,507.0,1528,15.99
0.7,96,62.5,rain,59,82.9,True,flat,9.0,95.0,555.2,1557,43.05
29.3,28,14.6,none,52,62.9,False,hilly,5.5,51.3,330.6,2232,13.5
32.5,88,24.4,none,14,40.5,True,flat,1.5,83.2,430.4,2045,17.34
-25.6,39,35.9,none,38,73.5,True,flat,6.6,78.7,528.9,1622,65.0
31.8,99,29.2,none,21,94.1,True,hilly,7.3,42.0,287.1,2362,31.0
1.4,24,78.6,none,54,82.8,True,hilly,7.5,86.7,584.7,2018,34.99
5.7,56,66.8,none,92,32.9,True,flat,9.3,52.4,262.2,2337,29.71
13.9,81,38.4,rain,100,87.9,True,flat,6.2,95.0,627.8,2278,20.55
34.8,49,70.3,none,95,53.2,True,hilly,4.7,90.1,612.2,1833,20.86
-28.7,52,27.8,none,99,64.1,True,mountainous,5.0,86.1,600.2,2203,65.0
3.4,99,62.9,rain,11,61.2,True,mountainous,3.2,81.8,414.5,2492,44.42
18.1,48,17.9,none,76,115.9,False,hilly,0.6,68.2,417.9,2248,14.2
20.6,64,61.8,none,35,34.8,False,flat,7.2,87.9,594.3,1764,6.97
18.5,15,36.5,none,88,64.8,False,flat,0.2,89.2,576.1,2092,8.63
-20.6,86,8.6,none,83,69.5,True,flat,0.6,45.9,308.0,1933,58.4
-9.0,68,21.9,rain,48,91.9,True,flat,3.3,59.9,382.9,1800,42.31
-4.9,46,32.2,rain,53,108.9,True,flat,9.3,59.0,297.8,1784,51.96
26.3,11,59.9,none,34,102.8,False,flat,4.8,47.5,320.8,1960,13.53
-10.5,63,5.8,rain,36,105.3,True,flat,2.2,98.5,614.5,1810,45.68
-15.3,11,52.8,none,98,49.2,True,hilly,9.0,75.0,412.2,1648,59.38
37.0,10,57.3,none,90,121.2,True,flat,5.7,75.4,479.4,2257,17.34
-29.4,65,52.3,none,27,71.4,True,flat,3.7,62.9,379.5,1793,65.0
39.8,27,60.9,none,35,31.1,True,flat,7.2,86.1,554.2,1873,16.29
17.4,27,14.3,none,20,96.8,False,flat,4.4,68.5,407.5,2403,6.96
28.0,69,47.0,none,99,90.4,False,hilly,7.3,84.5,440.0,2162,14.21
-9.4,15,75.3,none,92,42.6,True,flat,2.2,92.7,632.5,2429,38.07
-29.0,38,48.9,snow,60,126.0,True,flat,1.5,79.4,505.5,2101,65.0
21.7,23,48.9,rain,72,86.2,False,hilly,4.6,77.4,497.4,1856,19.67
28.4,62,58.9,none,77,76.9,False,flat,3.2,87.2,570.0,1723,4.93
21.8,70,26.7,none,28,69.8,False,hilly,6.1,70.2,422.8,2325,13.51
-20.0,75,56.0,none,94,51.0,True,flat,7.9,88.7,570.1,1949,61.41
22.7,33,73.3,snow,57,125.3,False,flat,9.0,45.5,247.0,2151,23.09
23.8,18,0.9,snow,18,100.2,False,flat,7.6,54.5,323.7,2242,17.77
16.1,17,69.6,none,46,86.8,False,flat,3.4,95.5,609.4,1746,14.06
23.6,48,17.5,none,64,93.1,False,flat,7.3,50.3,332.3,2476,9.25
29.2,95,36.5,none,42,114.0,False,flat,5.3,67.2,466.0,1736,9.4
13.0,30,68.2,none,73,93.6,True,flat,9.1,68.8,462.7,2258,30.48
-23.8,33,65.9,none,89,41.5,True,hilly,7.1,65.1,330.7,1652,65.0
4.1,19,71.4,none,79,99.7,True,flat,1.5,92.0,492.6,2474,24.23
-24.6,65,75.2,none,68,86.5,True,flat,0.8,85.0,540.4,1751,65.0
-1.5,71,35.8,none,56,126.6,True,mountainous,5.4,88.6,457.6,2015,56.1
-1.5,68,52.5,none,33,103.4,True,flat,3.7,99.5,695.4,1869,32.39
-25.4,88,31.2,rain,51,64.4,False,flat,1.7,98.5,585.3,2404,65.0
-5.6,54,28.1,none,36,43.5,True,hilly,8.0,93.5,596.0,2022,44.43
-22.2,22,34.5,rain,94,78.2,True,flat,3.8,73.9,376.8,2172,65.0
26.6,36,59.4,none,92,97.9,False,hilly,0.9,58.1,340.4,1720,17.28
36.3,70,40.1,none,24,47.7,True,flat,2.6,83.4,457.1,2446,16.91
-24.9,65,65.1,none,84,94.9,True,flat,6.8,97.0,505.1,1855,65.0
36.9,58,59.6,snow,73,112.6,True,flat,6.5,99.4,630.8,1600,35.14
6.6,71,1.6,none,98,45.7,True,hilly,2.6,76.8,534.0,1718,21.05
-9.0,67,50.4,none,52,100.6,True,flat,3.4,82.0,460.3,1694,39.7
-24.6,89,34.9,none,75,36.8,True,flat,0.5,56.7,389.0,1608,62.04
5.0,63,36.5,none,57,30.8,True,mountainous,9.5,52.1,260.8,1991,44.53
25.6,80,65.5,none,16,33.3,False,flat,3.3,78.3,495.5,1812,4.92
19.5,32,43.8,snow,14,93.2,False,hilly,9.3,53.5,324.3,1994,24.27
-26.5,71,70.8,snow,21,127.3,True,hilly,8.1,63.7,365.6,1579,65.0
-24.9,91,57.0,rain,37,107.1,True,flat,3.4,69.6,405.9,2089,65.0
-1.8,45,44.2,snow,33,55.4,True,flat,6.9,96.0,595.1,2132,43.36
-9.3,80,60.4,none,76,37.2,True,mountainous,4.7,98.7,603.4,1755,49.91
-13.7,75,3.1,none,74,91.7,True,hilly,9.8,54.8,329.9,2069,53.92
-10.3,15,2.2,none,97,30.3,True,flat,6.4,47.9,333.8,1804,36.87
26.2,62,6.7,none,38,109.3,False,flat,5.2,53.5,349.7,1657,12.24
35.0,22,35.0,snow,94,54.3,True,flat,6.4,71.1,381.1,2181,22.5
-1.6,97,18.8,none,65,59.9,True,hilly,2.2,87.0,594.5,2335,34.52
33.4,83,78.7,rain,55,64.4,True,flat,3.1,71.3,426.8,1654,18.3
-7.5,20,43.4,rain,70,106.4,True,flat,7.1,96.0,482.6,2388,40.6
3.4,21,53.0,none,73,56.6,True,flat,0.8,78.2,514.2,2099,18.58
-14.2,64,22.3,none,25,58.4,True,flat,3.0,69.0,393.8,2273,48.21
14.8,41,25.7,none,78,84.1,True,hilly,6.2,86.2,603.3,2193,24.08
38.5,13,26.8,none,75,76.3,True,hilly,10.0,97.2,591.9,2383,33.55
12.2,59,55.9,none,100,125.6,True,flat,9.3,60.0,332.4,1560,36.21
-5.0,45,37.9,none,92,56.3,False,flat,8.3,56.5,367.5,2487,27.08
15.3,19,41.4,none,72,39.2,False,hilly,5.0,52.8,293.4,2380,14.28
-21.4,82,47.4,rain,74,84.1,True,hilly,8.0,72.1,364.3,1543,65.0
32.2,92,61.5,none,95,48.5,True,hilly,5.6,68.1,353.6,1752,21.53
5.2,78,7.2,none,97,71.4,True,flat,4.6,54.8,346.2,2035,28.83
1.5,84,62.1,rain,84,48.7,True,flat,2.2,83.3,452.2,2356,31.92
11.0,29,45.1,none,79,118.1,True,flat,9.5,57.9,316.8,1812,28.46
13.7,34,53.5,none,20,62.7,True,hilly,6.0,85.4,452.4,1550,28.08
-25.0,29,26.2,rain,85,107.5,True,flat,6.8,90.3,498.0,2280,65.0
17.8,79,32.8,snow,33,124.9,False,mountainous,1.4,92.0,599.6,1934,31.41
-13.1,95,18.5,snow,61,124.1,True,flat,4.3,48.8,294.1,2261,57.11
20.0,75,78.3,none,46,82.5,False,flat,9.6,58.4,317.0,1826,10.6
27.6,89,39.8,none,41,128.3,False,flat,7.6,71.4,392.6,2319,17.98
26.3,67,79.7,none,38,95.6,True,flat,8.8,90.7,522.3,1861,30.21
8.7,45,39.2,snow,87,42.8,True,hilly,4.0,64.1,448.0,1976,33.73
6.4,48,17.6,none,79,118.8,False,flat,0.7,79.6,425.6,2437,18.24
-20.0,17,40.6,none,57,76.9,True,flat,3.5,67.3,444.4,1648,59.99
24.3,13,3.2,rain,70,45.3,False,flat,3.8,41.8,281.2,2082,6.27
-11.0,73,72.4,snow,99,109.1,True,flat,3.0,59.0,407.6,2314,50.03
4.8,49,65.5,none,46,92.4,True,flat,5.3,85.4,530.3,2191,30.22
-10.1,60,58.1,none,60,118.2,True,flat,1.9,83.8,435.9,1927,46.31
-20.6,60,48.8,none,58,112.7,True,flat,9.4,93.0,469.4,2303,65.0
14.1,35,46.4,rain,94,62.0,True,flat,9.1,75.6,444.8,1979,25.34
-26.2,53,79.7,none,42,55.6,True,mountainous,2.6,86.0,490.2,2144,65.0
22.4,52,22.2,none,99,103.4,False,flat,6.5,64.9,436.5,1836,13.21
-7.8,45,62.4,none,37,87.3,True,hilly,5.0,61.0,377.7,1557,44.94
-30.0,84,46.5,rain,20,37.0,True,hilly,2.5,60.4,403.8,1705,65.0
5.8,51,78.1,none,27,48.2,False,hilly,9.0,49.5,304.2,1967,25.9
-26.7,64,66.2,rain,48,45.1,True,flat,2.3,66.3,361.5,2394,65.0
-10.7,91,79.9,none,68,89.0,True,flat,6.2,88.6,478.6,1632,47.23
19.5,88,47.1,none,57,38.6,False,flat,3.4,40.7,235.8,1817,9.11
-25.6,90,16.4,snow,44,50.8,True,flat,8.3,74.5,376.8,1830,65.0
28.8,34,40.3,none,61,84.5,False,flat,6.2,50.4,302.0,2278,9.91
-29.7,13,56.9,none,85,43.3,True,flat,8.3,84.7,469.4,2044,65.0
-12.7,33,61.9,none,86,54.8,True,hilly,3.5,48.4,246.5,1916,49.93
21.9,35,0.0,none,75,120.7,False,flat,0.1,49.8,296.5,1563,8.52
-7.9,92,40.4,rain,96,99.7,True,hilly,2.2,42.6,267.3,2470,50.8
-22.9,68,18.8,rain,63,60.7,True,flat,8.1,66.6,346.2,2307,65.0
-4.8,17,70.0,none,11,117.7,True,hilly,3.2,78.9,490.2,1556,44.36
-11.1,22,12.2,none,36,55.0,True,hilly,3.2,57.3,394.7,1546,48.67
29.0,24,53.3,none,40,88.9,False,flat,4.5,42.5,244.4,1753,10.85
-8.1,67,21.3,snow,59,66.8,False,mountainous,2.7,96.0,668.2,1551,51.86
25.2,76,28.5,none,91,105.2,False,flat,8.1,91.6,601.5,2241,12.07
32.4,87,75.2,rain,85,67.2,True,mountainous,3.2,67.8,340.1,1705,34.59
0.4,95,19.2,none,31,54.9,True,flat,6.0,89.4,616.0,2381,30.98
33.7,28,7.6,snow,57,90.8,True,hilly,4.5,88.1,530.2,2110,28.17
-3.6,38,5.5,snow,69,104.5,True,flat,2.9,73.7,457.0,1986,44.61
37.5,32,40.4,none,99,83.6,True,flat,2.7,71.6,445.3,1612,15.34
-23.7,42,51.3,rain,13,101.6,True,flat,5.0,79.1,457.2,1631,65.0
18.1,92,26.2,none,52,72.2,False,flat,2.1,83.3,490.7,1621,7.62
4.6,62,55.2,none,99,109.5,True,flat,3.5,89.2,538.8,1712,23.29
-2.9,76,4.9,none,98,88.5,True,hilly,0.4,74.5,516.2,1604,35.69
14.3,54,68.6,none,40,49.6,True,hilly,7.9,84.8,460.9,1821,32.25
19.3,13,65.3,none,10,119.1,False,flat,0.4,51.1,349.2,2312,8.89
-29.7,16,78.8,none,63,113.7,True,flat,8.7,84.8,589.3,1647,65.0
-18.3,58,74.9,none,88,126.4,True,flat,0.5,43.5,254.4,1799,57.54
19.9,75,28.5,none,39,86.9,False,flat,8.5,79.5,436.8,1950,13.67
16.6,29,31.9,none,94,97.6,False,flat,6.4,82.8,490.2,2114,12.18
37.6,75,59.7,none,40,116.4,True,hilly,5.1,98.1,510.2,1737,27.9
23.3,83,10.7,none,65,35.3,False,hilly,1.4,65.3,433.8,2114,6.97
36.6,47,25.1,none,75,121.2,True,flat,2.6,46.8,263.7,1684,20.44
19.2,77,9.5,rain,41,57.1,False,hilly,6.9,60.1,336.9,2127,15.04
-9.1,46,36.4,none,42,35.7,True,mountainous,5.1,65.2,413.5,2289,52.05
-22.6,71,44.2,none,52,53.8,True,mountainous,5.1,86.2,527.8,1523,65.0
24.7,79,16.9,none,85,88.6,False,hilly,1.3,51.2,315.8,2436,10.14
15.1,99,2.1,none,19,34.8,False,flat,4.8,50.2,299.6,2213,5.95
-26.6,41,57.5,none,67,30.1,True,flat,5.9,53.2,313.9,2450,65.0
-4.8,47,1.6,none,71,93.9,True,flat,1.2,53.9,303.3,1765,39.52
37.0,25,77.9,none,60,75.3,True,flat,9.7,95.4,531.1,2438,27.32
5.0,28,17.7,none,94,114.4,True,hilly,8.3,49.6,346.7,1954,36.03
0.3,72,53.1,none,64,55.8,True,mountainous,3.2,64.8,376.1,1652,38.63
2.0,93,34.8,none,67,58.1,False,flat,5.6,64.2,386.1,2237,23.8
-15.4,46,4.8,none,64,37.8,True,flat,5.6,47.7,276.1,2195,45.82
-4.2,26,37.8,none,75,83.9,True,flat,1.1,46.5,300.3,2422,28.32
-4.1,36,41.3,none,22,66.6,True,hilly,4.4,94.6,505.8,1804,37.22
-26.3,51,68.4,none,90,64.0,False,flat,2.1,90.2,460.3,2129,65.0
23.7,36,58.6,none,14,75.8,False,flat,3.3,96.0,667.0,2460,10.24
-0.8,31,6.3,snow,68,115.0,True,flat,9.4,59.0,358.4,2372,51.18
27.6,76,16.7,rain,65,40.5,False,hilly,5.5,71.6,436.8,2322,13.84
29.5,11,25.0,none,29,82.4,False,flat,0.7,55.3,328.4,2379,6.34
-15.2,59,9.3,none,14,49.6,True,hilly,6.7,63.5,323.9,2344,52.81
16.0,81,36.6,none,22,51.2,False,flat,10.0,87.6,556.9,1879,9.44
3.1,34,78.7,none,34,55.7,True,hilly,1.7,68.6,420.5,1516,28.24
31.6,64,41.2,none,89,75.9,True,flat,6.8,46.6,246.2,2488,14.1
-14.9,70,59.4,none,87,79.4,False,hilly,8.2,40.2,243.0,2275,54.33
17.4,69,54.6,none,16,117.2,False,hilly,8.4,54.2,296.2,1726,23.5
12.5,50,68.0,none,36,119.2,True,flat,7.1,51.0,320.2,2248,34.18
-9.3,41,17.3,none,90,88.7,True,flat,9.1,87.6,555.3,1865,44.21
-20.4,85,60.3,none,31,58.1,False,flat,0.3,80.0,447.4,1747,48.59
15.6,78,70.5,rain,100,111.8,False,flat,0.6,90.3,468.5,2066,11.14
21.7,39,13.7,none,33,109.3,False,hilly,1.3,65.1,429.6,1511,14.15
-7.9,19,27.7,none,77,109.8,True,mountainous,0.4,75.0,470.6,2476,54.78
15.1,16,77.6,none,48,31.6,True,hilly,1.2,65.0,403.8,2443,17.06
-2.3,18,62.5,none,22,105.4,True,flat,8.2,53.3,330.1,2290,36.36
19.9,62,22.6,none,33,115.3,False,flat,9.0,77.9,501.3,1553,11.65
-16.1,15,45.1,none,71,90.5,True,hilly,3.4,63.3,345.5,1575,51.37
32.3,40,32.3,none,40,105.1,False,mountainous,9.6,55.0,319.5,2148,27.88
-9.9,78,39.2,rain,64,107.6,True,flat,4.2,96.3,524.2,2300,48.49
-4.3,36,28.4,none,28,80.7,True,flat,1.7,46.5,239.0,1554,35.73
-25.9,79,22.3,none,50,111.4,True,flat,6.8,86.6,590.1,2064,65.0
-22.2,77,54.0,snow,56,109.2,True,flat,4.2,73.0,371.7,2199,65.0
6.1,32,62.3,none,47,121.6,True,flat,0.2,85.8,436.8,1664,30.7
-11.3,76,69.9,rain,28,122.1,True,flat,9.7,45.4,256.2,1676,61.72
28.5,77,12.4,rain,52,83.0,False,flat,6.0,63.4,357.6,2431,13.02
-29.0,46,65.8,none,72,33.1,True,flat,6.1,87.8,445.8,1901,65.0
-3.5,29,20.4,none,97,31.9,True,flat,9.8,88.9,581.0,1775,37.63
-6.4,57,34.2,rain,81,123.9,True,hilly,8.3,87.3,457.2,1546,52.81
-28.6,93,72.1,rain,25,63.7,True,flat,3.6,84.7,438.3,1537,65.0
-21.3,68,36.4,none,35,67.8,True,hilly,0.4,62.6,323.9,1758,61.28
-1.0,26,15.8,none,17,77.0,False,flat,2.2,83.0,521.8,2120,17.47
4.5,71,12.8,none,22,56.6,True,flat,3.5,46.6,248.6,2105,23.95
-1.7,48,37.8,rain,33,89.0,True,mountainous,9.6,49.8,306.3,1725,51.51
7.2,63,61.0,none,28,108.5,False,hilly,8.9,72.4,391.1,2243,25.65
11.7,76,79.8,snow,29,55.7,True,hilly,0.2,73.0,487.0,1961,31.65
-29.3,56,63.0,snow,31,104.3,True,hilly,9.9,68.3,367.1,2299,65.0
2.5,83,70.2,rain,37,97.2,True,flat,2.6,84.1,492.8,2424,30.68
37.4,75,59.8,none,21,82.6,True,hilly,7.8,73.8,450.7,1737,31.9
6.3,65,71.6,none,35,62.5,True,flat,1.2,43.9,297.1,1948,22.77
17.4,24,6.1,none,72,117.3,False,hilly,2.2,93.2,506.3,1553,17.57
-8.2,85,74.4,none,31,70.3,True,flat,5.1,77.7,484.8,2263,41.64
24.2,94,31.7,none,25,67.5,True,hilly,7.0,93.7,474.5,1823,25.15
24.1,22,73.7,none,16,94.1,False,hilly,3.5,65.8,430.8,2151,15.55
6.5,54,6.1,none,55,122.0,True,hilly,8.7,40.1,242.8,1881,36.55
38.3,33,57.2,none,86,80.8,True,flat,9.4,85.8,590.9,1643,22.71
-21.2,78,58.9,rain,15,102.3,False,flat,1.2,74.0,484.5,1507,55.61
-28.8,75,79.8,none,59,75.7,False,hilly,7.2,41.2,238.9,2140,65.0
23.9,23,61.5,none,69,51.9,False,flat,1.3,74.4,433.6,2434,4.78
26.5,89,30.6,none,63,42.4,False,flat,3.4,95.9,480.6,2404,5.92
-21.6,26,44.6,snow,89,43.6,True,flat,8.2,52.5,350.7,2441,65.0
-11.4,82,29.3,rain,88,32.1,False,flat,3.4,56.9,376.2,2188,35.46
-28.8,51,15.7,none,15,85.3,True,hilly,9.1,79.0,484.7,1929,65.0
-9.5,40,19.9,none,42,43.1,True,mountainous,4.1,89.3,513.3,2026,54.12
24.1,24,17.8,snow,70,116.6,False,flat,3.1,78.5,518.9,2226,20.93
6.3,25,43.9,none,96,128.3,True,hilly,9.9,80.3,499.5,1799,43.2
-5.6,70,72.5,none,82,79.6,True,flat,4.4,59.6,320.6,1692,36.09
-4.0,60,73.0,none,26,75.0,True,hilly,7.4,40.6,222.7,1568,43.13
-29.9,21,4.4,none,35,64.8,True,hilly,6.0,90.4,561.5,1977,65.0
-9.0,20,6.4,none,79,93.8,True,hilly,2.0,99.7,633.8,1592,48.15
15.3,17,19.6,none,52,90.8,True,flat,5.0,92.0,480.8,1960,19.3
38.2,77,20.4,none,59,64.3,True,flat,0.8,63.9,426.5,2313,13.48
29.3,74,7.6,none,65,64.3,False,mountainous,7.1,61.1,367.1,1653,19.7
-28.3,15,31.1,none,19,94.5,True,flat,5.2,97.6,527.0,1621,65.0
32.9,60,47.0,none,87,85.5,True,flat,1.2,99.3,608.8,1745,10.79
24.8,18,46.3,none,88,101.9,False,flat,7.7,76.7,518.2,1583,14.11
24.6,91,43.5,none,52,124.1,False,hilly,8.0,70.9,362.2,1865,17.59
2.1,92,27.1,none,66,108.0,True,hilly,7.3,71.0,386.3,2109,37.71
-2.1,73,56.5,none,69,60.4,False,flat,3.3,52.1,319.2,1972,20.89
-8.8,93,66.1,none,27,105.9,True,hilly,7.2,83.7,418.8,2220,49.78
-25.4,83,27.7,none,20,75.0,True,hilly,5.8,50.3,269.4,1620,65.0
-14.0,85,6.8,none,12,107.8,True,flat,5.4,52.6,287.8,1840,48.74
-12.7,61,23.7,none,92,118.7,False,flat,6.5,80.4,544.5,1917,43.78
3.9,38,11.0,none,41,55.0,True,flat,6.3,92.2,557.4,1960,27.51
22.3,30,37.4,none,18,53.9,False,flat,8.0,80.0,500.9,1569,9.96
3.2,39,12.5,none,52,73.3,True,flat,9.9,68.5,342.9,1564,37.01
-26.0,67,37.0,none,17,35.2,True,hilly,7.3,81.7,471.8,1584,65.0
37.0,26,17.7,rain,18,98.6,True,hilly,4.4,67.3,396.7,1640,24.9
36.0,33,59.1,rain,54,105.0,True,hilly,4.6,79.3,529.2,1500,34.6
25.0,52,2.2,rain,56,64.5,False,flat,0.3,86.8,467.9,1802,8.48
39.4,31,44.4,none,62,76.5,True,hilly,1.6,40.9,209.7,1911,19.45
8.1,63,13.6,none,69,89.0,True,flat,2.3,53.1,353.4,2049,20.95
37.4,93,0.1,rain,70,37.4,True,hilly,9.9,82.2,445.8,1527,19.53
-24.7,77,69.5,none,49,101.1,True,mountainous,7.6,64.1,409.0,1945,65.0
-4.4,70,53.7,none,68,82.7,True,hilly,1.4,71.3,369.7,2438,45.45
-14.2,62,7.9,none,37,92.4,True,flat,5.0,81.1,514.6,2251,50.79
-16.3,54,53.1,snow,50,102.4,True,flat,2.1,71.6,418.6,1821,63.89
-20.1,27,48.9,none,45,97.6,True,hilly,3.0,90.2,618.5,2026,65.0
13.6,91,37.9,none,40,39.5,True,flat,6.0,62.7,338.9,2199,22.4
24.7,32,33.5,none,31,108.3,False,flat,6.0,81.5,418.5,1654,13.05
10.5,18,71.0,none,17,91.0,True,flat,8.7,65.5,397.5,1572,24.6
-19.7,78,19.6,snow,56,101.5,True,hilly,1.6,71.8,490.5,2119,65.0
26.8,26,31.9,none,58,56.2,False,flat,5.0,46.8,253.2,2237,7.29
14.5,43,26.3,none,40,52.1,True,flat,6.0,89.9,599.5,2014,23.56
-2.8,13,61.7,none,98,112.6,True,flat,9.3,59.2,336.2,2195,37.46
17.2,22,73.3,rain,60,69.0,False,flat,5.2,58.1,301.9,2219,10.69
-11.8,26,68.0,rain,90,87.5,True,flat,3.4,45.3,280.1,2144,48.28
-5.8,15,63.8,rain,61,85.2,True,hilly,2.9,70.4,425.4,2437,47.14
34.2,69,78.9,rain,27,88.5,True,hilly,2.2,65.1,434.5,2036,32.72
-9.7,85,55.8,none,98,37.0,True,mountainous,9.6,45.9,239.1,1557,64.29
2.9,44,60.1,snow,90,60.2,True,flat,6.0,85.1,535.3,2065,36.27
32.3,89,78.6,none,52,36.6,True,flat,3.0,44.0,274.5,2139,18.55
19.5,29,0.6,rain,32,78.0,False,flat,7.5,48.7,340.4,1841,10.25
-25.6,39,50.7,none,30,120.2,True,flat,2.9,67.6,382.6,1973,65.0
-19.7,24,59.1,none,83,68.9,True,flat,5.0,61.5,312.8,2270,56.24
-29.5,66,73.4,none,16,108.2,True,flat,0.3,56.5,329.1,2219,65.0
14.2,48,70.7,none,67,58.7,True,hilly,8.5,73.8,437.8,1678,29.19
1.3,65,67.4,none,68,115.6,False,flat,9.6,71.5,410.0,1738,29.96
-20.6,79,75.7,none,26,72.0,False,flat,8.7,65.9,412.9,2071,58.89
37.1,59,43.0,none,73,65.5,True,hilly,1.7,86.6,478.9,1890,21.88
7.1,66,0.6,snow,73,99.7,True,flat,8.3,69.9,375.0,2250,36.68
-13.1,94,0.9,snow,42,81.3,False,flat,3.5,98.7,583.0,1601,42.47
5.0,37,43.6,rain,54,63.7,True,mountainous,9.4,88.1,568.6,1826,48.5
17.6,42,34.8,rain,85,35.8,False,flat,3.0,46.4,314.6,1868,4.26
-24.7,75,36.1,none,57,46.7,True,flat,0.9,56.4,357.1,1931,65.0
-10.8,65,32.0,none,66,107.2,False,flat,8.5,72.2,415.2,2266,37.49
26.5,26,73.4,none,47,122.1,True,flat,1.2,68.1,442.4,1518,19.37
2.2,44,28.7,snow,23,46.9,True,flat,5.4,42.8,230.3,1645,35.02
8.3,52,68.5,rain,100,86.9,True,flat,3.8,71.7,466.3,2051,28.85
0.3,48,72.2,rain,58,33.4,True,hilly,7.6,76.3,455.0,1987,43.97
-26.9,26,40.0,snow,40,59.1,True,flat,7.5,67.8,375.7,2451,65.0
-18.4,93,35.8,none,74,74.9,True,flat,7.8,92.0,587.2,1556,62.33
1.2,79,60.9,none,66,103.6,True,mountainous,0.6,73.4,428.1,1797,43.05
-15.4,53,56.6,snow,31,34.4,True,flat,8.6,87.2,544.1,2278,60.77
-26.5,71,26.3,none,89,108.1,True,flat,4.7,75.2,475.9,2461,65.0
29.1,91,8.2,none,16,50.3,False,flat,2.2,94.6,547.2,2494,2.92
38.7,22,21.2,none,65,106.0,True,flat,3.0,52.9,368.5,1792,16.44
25.5,33,10.5,none,53,92.5,False,flat,9.0,89.9,531.7,2096,14.4
29.8,59,23.6,rain,39,64.0,False,flat,0.1,66.9,466.0,2458,7.46
-13.1,82,20.9,none,84,102.4,True,flat,8.0,81.9,447.8,2477,45.33
37.2,13,51.0,none,69,53.6,True,mountainous,9.2,74.0,394.5,1618,32.43
-16.2,99,76.4,none,78,52.0,True,flat,2.5,46.5,291.4,1854,56.19
36.6,51,54.9,none,47,36.2,True,hilly,8.2,66.2,403.4,2234,32.46
39.6,42,74.1,snow,95,69.3,True,flat,1.6,80.4,489.1,2059,29.24
19.8,36,62.7,none,41,39.8,False,flat,0.2,93.9,656.4,2076,2.31
38.7,26,58.2,none,58,72.0,True,flat,6.0,53.1,265.7,1931,18.35
9.9,81,33.1,none,94,31.0,True,mountainous,6.5,61.3,362.2,2344,35.28
-11.8,96,26.0,snow,17,45.5,True,hilly,1.5,61.6,346.0,1564,54.89
0.6,47,67.7,none,20,123.2,True,flat,5.1,71.5,418.5,1729,40.58
11.5,96,72.4,snow,99,109.6,True,mountainous,3.9,91.8,631.1,2203,44.22
-24.9,84,36.2,none,97,53.6,True,hilly,0.8,63.7,421.7,2319,65.0
13.6,53,0.7,none,79,101.8,True,mountainous,5.1,48.8,263.7,2471,33.27
38.7,71,63.4,rain,54,96.8,True,hilly,5.9,70.4,451.1,1796,23.56
-16.7,49,22.8,none,56,47.7,False,flat,2.2,42.3,260.3,1720,33.86
25.5,60,0.8,none,33,67.1,False,hilly,7.4,60.7,352.9,1758,11.05
33.6,15,64.4,none,49,121.4,True,mountainous,0.7,70.9,402.7,1749,34.25
36.1,73,41.4,none,49,103.9,True,flat,5.5,71.1,440.4,1977,14.85
37.2,15,54.8,none,13,106.0,True,hilly,3.0,89.2,529.5,1784,21.47
6.5,84,73.2,none,51,86.4,True,flat,4.4,88.1,537.2,1639,21.5
38.4,84,43.3,none,53,96.6,True,flat,8.9,57.0,372.8,1554,23.07
23.0,31,40.3,none,70,80.9,False,flat,6.7,58.1,402.6,1756,9.01
-18.7,39,23.3,rain,56,104.1,True,flat,1.5,98.9,575.8,2318,57.59
3.4,53,24.4,none,88,103.3,True,hilly,8.9,63.5,371.6,2345,41.31
20.3,64,63.7,none,43,33.1,False,flat,3.7,48.6,324.5,2091,1.4
-12.7,36,35.9,none,47,93.2,True,flat,3.4,79.4,417.7,1896,47.58
14.8,63,13.1,none,61,93.0,True,hilly,5.0,54.6,360.5,1766,23.19
16.7,37,7.6,none,28,36.7,False,mountainous,2.1,76.2,440.6,1539,17.89
-18.6,15,37.8,rain,45,71.0,True,flat,9.1,89.3,520.5,2490,65.0
9.6,10,37.2,rain,72,119.9,True,flat,4.7,50.4,282.0,1882,27.57
24.0,19,52.3,none,47,125.3,False,flat,3.9,67.1,352.0,1873,12.17
4.9,81,37.7,none,92,108.2,True,flat,1.7,63.0,408.8,1897,27.09
-29.2,97,11.5,none,65,45.1,True,hilly,8.0,100.0,679.5,2277,65.0
-29.4,48,40.6,snow,24,67.5,True,mountainous,9.5,82.7,496.5,2158,65.0
-5.0,56,72.5,none,54,48.3,True,flat,8.7,44.9,241.9,2443,36.45
34.8,23,12.8,none,79,95.2,True,flat,1.6,53.7,301.9,1575,18.84
-14.0,60,55.2,none,68,107.3,True,hilly,7.5,49.4,255.5,2461,61.06
14.4,23,47.5,none,90,118.4,True,flat,2.0,40.9,272.5,2090,18.38
-14.5,65,59.9,none,77,116.1,True,flat,0.4,59.0,356.1,2429,50.75
-7.5,94,12.0,rain,16,39.9,True,hilly,4.8,59.5,413.7,2264,45.71
29.4,28,75.3,none,20,42.6,False,flat,6.7,54.1,354.1,2486,6.75
21.0,79,49.7,none,68,121.0,False,flat,1.2,73.2,472.2,1713,9.83
-23.3,12,67.8,none,31,114.4,True,flat,6.1,53.1,312.1,2021,65.0
0.0,44,19.7,none,63,76.0,True,mountainous,8.4,96.5,549.6,2439,53.82
-28.0,20,59.2,none,81,73.0,True,flat,2.1,83.9,466.1,1638,65.0
3.7,42,62.5,rain,62,85.3,True,flat,4.3,47.3,329.9,2280,26.75
16.4,26,31.8,none,47,89.7,False,flat,5.0,56.1,306.6,2414,8.73
-21.7,44,30.7,none,68,55.4,True,flat,8.3,98.9,523.8,1875,65.0
-9.8,48,52.6,rain,23,70.4,True,flat,7.7,52.0,309.0,1943,53.86
-2.2,37,7.5,none,75,92.0,True,hilly,7.7,47.0,283.8,2332,38.28
34.4,69,58.8,none,73,50.6,True,flat,6.8,53.9,288.8,2066,16.51
39.5,93,3.4,none,56,129.9,False,hilly,6.2,82.8,472.1,1979,16.28
-26.9,46,15.2,rain,35,58.3,True,flat,5.1,71.1,396.9,1774,65.0
23.3,27,53.1,none,82,85.2,False,flat,3.7,44.1,285.6,2036,7.33
-4.0,34,7.9,none,56,85.4,True,flat,5.1,61.7,368.8,1876,33.28
-2.5,87,77.7,none,15,75.1,True,flat,8.5,45.2,296.2,1971,37.0
22.8,61,69.5,none,93,54.2,False,hilly,5.7,57.4,297.8,2350,14.08
34.3,51,50.1,rain,79,86.5,True,flat,9.9,50.3,283.1,2346,29.07
36.6,23,65.5,none,63,39.1,True,hilly,1.4,53.2,297.9,1521,18.5
10.4,50,71.0,rain,49,68.7,True,hilly,4.4,86.7,512.9,2046,26.69
-5.0,35,20.8,none,96,52.4,True,flat,2.0,87.0,505.2,2451,36.33
25.1,95,68.0,none,80,42.4,False,flat,3.7,83.9,463.6,1946,7.12
-12.4,90,15.6,rain,58,122.5,True,flat,7.9,81.3,539.5,1610,55.15
9.5,18,33.1,none,69,100.0,False,flat,8.2,54.7,372.8,1511,17.23
-4.9,56,44.7,none,35,46.9,True,hilly,0.3,66.4,435.2,1908,33.06
16.0,30,57.1,none,28,124.9,False,hilly,9.5,67.6,432.7,2377,22.99
-13.2,47,2.4,none,35,51.6,True,hilly,8.7,72.1,445.4,2393,52.92
-16.6,89,23.2,none,36,53.6,True,flat,9.0,91.4,518.3,2162,54.92
34.3,57,48.7,snow,77,43.3,True,flat,3.8,93.3,638.0,2453,23.09
-22.9,40,28.6,rain,23,102.8,True,hilly,5.0,53.0,333.5,1572,65.0
5.4,29,62.0,snow,80,87.1,True,mountainous,1.7,65.9,446.9,1870,47.11
-14.5,82,52.1,snow,57,35.8,True,hilly,4.0,48.9,288.7,2293,58.85
-27.3,66,18.8,none,45,32.5,True,flat,1.3,78.9,459.5,2340,65.0
-27.5,52,11.7,none,37,83.3,True,flat,8.6,74.3,383.1,1591,65.0
-17.7,30,50.3,none,56,95.2,True,hilly,5.8,91.0,516.7,2087,65.0
30.7,40,36.0,rain,39,112.3,True,flat,1.4,71.1,410.6,2166,17.9
-10.2,96,13.5,none,49,77.8,True,flat,8.8,86.9,520.2,1722,45.22
36.5,57,26.1,none,77,97.7,True,flat,0.8,59.1,351.6,1533,15.59
10.7,46,24.2,none,66,103.4,True,flat,9.3,81.7,558.2,1521,27.07
0.6,57,8.7,none,77,91.3,True,flat,1.1,42.4,255.1,1859,29.62
10.6,80,43.8,none,74,65.2,True,flat,7.2,49.1,328.5,1627,25.17
6.2,41,61.1,none,83,43.2,True,mountainous,6.5,66.8,351.3,2071,39.08
23.1,26,46.0,rain,28,94.8,False,flat,7.8,93.2,572.7,1750,19.36
-10.2,63,66.1,none,100,106.9,True,mountainous,5.6,93.1,565.7,1838,62.14
-5.3,70,10.2,snow,53,49.0,True,flat,3.5,75.9,403.3,1845,39.5
32.6,74,34.8,none,75,79.5,True,hilly,2.7,47.8,262.4,2431,25.53
36.3,89,48.8,snow,71,69.7,True,mountainous,9.5,80.9,485.2,2362,41.28
32.5,43,54.1,none,61,50.6,True,flat,4.4,50.6,305.8,2149,16.96
-0.6,17,55.7,rain,100,54.5,True,hilly,8.4,61.0,415.0,1657,37.58
24.6,96,58.3,none,30,53.8,False,flat,7.2,58.9,313.6,1577,11.22
3.3,49,52.1,none,48,71.9,False,flat,6.6,93.1,522.1,1856,21.07
4.8,66,7.5,rain,21,69.0,True,flat,9.7,81.6,447.3,2071,33.01
-15.7,70,55.6,none,26,85.4,True,hilly,5.7,44.3,290.6,2225,59.43
11.4,59,58.0,none,74,39.3,False,hilly,7.3,90.6,492.1,1524,17.62
-17.0,28,79.5,none,10,88.1,True,flat,8.5,65.8,447.4,1695,57.51
-6.8,78,55.5,none,90,32.2,True,flat,0.5,85.3,585.2,1938,33.8
29.9,82,54.9,none,67,55.7,False,hilly,10.0,86.6,452.4,1860,16.94
-15.5,60,41.2,none,50,80.2,True,flat,2.6,99.9,542.9,1958,48.95
-25.0,54,69.4,none,40,98.7,True,flat,7.0,60.8,350.8,1827,65.0
-25.2,20,79.7,none,21,107.1,False,flat,9.5,91.9,618.6,2088,65.0
35.9,18,62.3,rain,93,33.6,True,flat,7.6,57.2,300.0,2366,24.72
5.5,41,49.0,none,74,83.7,True,flat,2.3,99.7,567.4,1582,32.55
-1.3,38,6.3,none,40,65.4,True,hilly,3.6,64.6,413.7,1793,41.84
26.8,96,58.1,none,16,99.5,False,hilly,4.1,79.6,513.2,1766,17.93
28.5,81,56.7,none,39,58.4,True,flat,5.9,99.7,569.4,2044,15.34
-6.7,69,62.0,none,27,104.4,True,hilly,6.0,52.0,360.3,2392,46.22
18.6,57,10.0,none,81,90.2,False,flat,7.9,77.4,441.8,2320,12.92
24.0,25,52.3,snow,75,109.0,True,flat,8.6,99.9,622.1,2403,27.91
15.8,98,23.7,rain,55,128.4,True,hilly,0.9,96.6,602.1,1713,26.28
-19.4,44,60.8,none,90,120.9,True,mountainous,2.7,53.2,351.5,1844,65.0
31.3,20,19.2,none,26,89.3,True,flat,3.4,45.9,262.4,1775,16.55
7.7,54,54.7,none,51,119.4,True,mountainous,0.1,65.6,381.6,2046,40.63
-10.2,89,23.6,snow,74,45.3,True,mountainous,4.2,85.8,500.8,2171,62.22
-0.2,90,0.7,snow,16,34.3,True,flat,3.6,87.4,447.2,1915,33.86
-27.4,11,50.7,none,44,83.3,True,mountainous,5.3,76.4,494.2,1808,65.0
-21.0,90,9.1,none,61,127.4,True,hilly,1.0,76.9,502.7,2132,65.0
23.6,34,52.7,none,43,101.0,False,flat,4.1,47.2,313.7,1998,9.98
-30.0,14,74.0,none,53,60.5,True,flat,6.0,66.5,427.3,2329,65.0
-0.8,86,77.5,none,65,96.9,True,hilly,8.0,74.6,461.2,1554,45.6
6.6,88,18.9,none,43,34.0,True,hilly,7.7,81.0,496.5,2236,22.66
-26.2,64,64.7,none,20,77.1,True,flat,4.0,45.5,286.1,2193,65.0
38.1,62,28.3,none,23,53.7,True,flat,3.9,81.4,408.5,2367,16.33
-14.2,83,72.0,none,57,34.9,True,hilly,0.4,96.5,568.8,2345,45.34
-8.7,81,63.0,rain,26,55.0,True,flat,0.8,87.2,442.8,1650,37.67
-8.7,90,5.9,none,90,102.2,True,hilly,8.7,77.4,462.8,2141,46.76
-13.9,60,32.6,none,85,85.1,True,mountainous,8.1,45.8,242.8,2104,64.15
-29.9,97,27.0,rain,41,32.3,True,hilly,0.2,87.7,439.9,2194,65.0
21.1,100,62.8,none,85,71.0,False,flat,8.8,79.8,515.4,2481,11.24
37.7,20,32.8,none,58,105.2,True,mountainous,6.1,72.9,467.4,1609,36.52
-14.3,86,54.8,none,24,125.5,False,hilly,8.0,88.1,508.8,2129,48.45
16.4,55,48.2,none,65,117.4,False,flat,5.0,80.5,412.9,2097,13.58
21.9,45,78.1,none,71,30.2,False,flat,1.5,68.2,473.9,1507,3.36
29.4,65,75.0,rain,18,51.9,False,flat,3.6,54.1,286.7,2159,11.67
-0.4,15,34.2,none,38,50.8,True,flat,4.5,70.3,419.9,1997,32.37
-8.8,56,57.9,none,10,71.3,True,flat,7.5,49.2,273.0,2273,44.42
-7.2,88,66.4,rain,38,94.6,True,flat,8.1,43.6,229.6,2255,53.07
19.9,29,71.9,none,40,45.3,False,hilly,7.4,54.0,325.6,1544,14.17
27.2,48,5.5,none,67,121.6,False,flat,4.8,62.0,334.4,2280,12.4
-17.3,95,24.2,none,28,107.7,True,hilly,6.6,78.8,450.9,2397,64.32
-4.0,49,25.6,none,13,71.9,True,mountainous,3.0,70.0,434.7,2132,48.99
33.1,42,34.8,none,38,88.4,True,hilly,9.9,84.1,485.6,2369,24.11
26.5,50,13.5,rain,84,84.2,False,hilly,1.7,84.2,508.8,1708,11.54
38.9,57,39.7,none,46,88.2,False,mountainous,7.2,82.4,450.0,2401,23.94
22.8,67,53.1,none,47,116.0,False,hilly,1.5,72.8,465.6,2436,15.62
-2.5,82,39.8,snow,52,50.0,True,hilly,2.8,79.8,500.2,1785,45.61
11.3,51,53.3,none,78,98.4,True,flat,7.5,98.6,629.9,1845,32.01
16.3,84,5.3,none,53,40.7,True,flat,7.3,82.3,467.7,2211,12.55
-24.5,58,70.1,rain,18,75.9,True,flat,1.2,84.5,581.8,1836,65.0
8.1,40,75.1,rain,29,93.6,False,flat,6.8,57.5,359.1,2490,23.6
19.7,69,49.4,none,27,31.3,False,flat,2.0,68.7,360.9,1788,6.76
-18.3,75,70.5,rain,56,40.8,True,mountainous,9.7,66.1,459.5,1529,65.0
24.6,60,10.5,none,13,39.1,False,hilly,6.0,61.2,375.7,2318,10.0
10.9,15,63.8,rain,36,67.5,True,flat,0.0,67.6,432.3,1543,21.8
36.7,25,9.5,snow,65,92.2,True,flat,2.1,75.9,435.9,2474,19.4
-27.0,36,32.6,none,42,129.6,True,mountainous,2.3,77.5,455.8,2100,65.0
-11.4,35,25.9,none,74,55.4,False,flat,2.5,90.4,584.3,1939,34.89
12.1,71,46.8,none,45,43.6,True,hilly,5.6,79.4,534.3,2233,20.97
-9.2,12,24.1,rain,98,71.5,True,flat,2.1,92.2,637.9,2216,35.8
20.0,78,51.0,rain,97,44.6,False,flat,4.1,79.4,554.2,1889,7.41
23.1,34,29.4,none,82,32.5,False,flat,1.7,61.0,377.6,1714,0.0
-22.8,38,68.9,rain,96,86.4,True,flat,6.7,77.9,402.9,2345,65.0
6.0,58,50.7,rain,28,118.0,True,mountainous,5.7,83.7,515.6,2422,52.13
5.6,29,17.2,rain,78,116.1,True,flat,6.3,81.1,438.9,2495,28.95
-4.2,90,26.9,rain,39,40.1,True,flat,9.7,91.0,573.0,1863,45.02
35.3,18,67.8,none,75,44.7,False,hilly,4.0,94.3,535.0,2077,10.54
27.9,50,30.9,none,44,79.1,False,flat,2.2,60.1,363.3,2481,7.76
18.8,86,42.9,rain,36,66.8,False,flat,10.0,44.7,282.8,1912,16.99
20.0,65,51.9,snow,96,100.3,False,hilly,0.6,79.4,541.1,2290,20.38
2.3,36,27.8,none,29,79.5,True,hilly,8.1,46.6,307.0,2440,35.85
34.5,48,23.5,none,78,32.0,True,mountainous,1.6,93.0,469.1,1685,32.39
18.6,74,38.0,rain,71,58.5,False,hilly,6.6,89.3,474.0,2225,16.08
21.0,98,17.2,rain,37,120.1,False,hilly,4.7,82.8,557.9,2203,19.27
30.3,90,22.7,none,51,81.2,True,flat,8.4,95.6,619.9,1889,19.94
-10.8,41,5.0,none,23,109.8,True,flat,7.3,93.2,493.7,2481,50.33
26.5,100,24.3,rain,93,70.2,False,flat,1.7,95.4,589.2,2367,7.7
-16.3,10,25.7,rain,97,97.7,True,hilly,6.7,84.1,519.5,2494,65.0
-5.8,12,76.9,rain,76,46.9,True,flat,2.2,62.1,406.8,2050,36.26
-6.5,84,47.2,rain,86,103.7,True,mountainous,1.7,42.9,284.1,1722,55.25
38.5,28,63.0,none,17,108.7,True,hilly,0.8,43.7,277.4,1779,23.41
30.0,15,3.6,snow,45,39.0,False,flat,1.1,87.6,562.9,2292,8.56
19.1,31,8.5,rain,40,48.3,False,flat,7.0,51.5,326.1,1862,13.01
20.9,48,65.2,none,61,76.3,False,hilly,9.9,58.8,311.7,1715,20.33
9.3,76,49.9,snow,27,93.7,True,hilly,6.8,75.2,478.7,2422,37.25
36.3,66,15.3,snow,61,93.7,False,hilly,7.1,47.9,284.4,1841,25.01
4.7,31,32.4,rain,69,96.8,True,hilly,7.8,99.1,689.4,1582,42.18
-3.4,55,43.1,none,22,101.4,True,flat,8.9,89.0,571.3,2067,38.29
-18.6,93,67.5,none,22,80.6,True,hilly,2.7,75.1,431.6,2050,65.0
25.0,83,4.8,none,13,87.5,False,hilly,6.0,94.5,644.6,1922,14.95
21.4,39,47.7,none,78,30.8,False,hilly,2.2,69.6,380.1,1946,11.48
-3.1,98,57.4,none,40,46.7,True,flat,5.3,93.8,556.8,1720,30.94
-28.2,74,78.2,none,30,79.9,False,hilly,2.1,89.6,459.2,1796,65.0
28.7,16,64.6,none,80,104.6,False,mountainous,0.6,40.8,255.6,1987,19.35
-29.2,13,22.1,snow,23,110.9,True,flat,0.9,87.8,537.1,2472,65.0
19.3,25,56.8,none,48,102.9,False,hilly,9.8,87.0,523.0,2480,19.27
37.9,76,61.1,none,77,78.6,False,flat,0.1,59.0,319.6,1587,6.56
0.6,27,58.4,none,62,58.1,True,flat,6.9,69.6,416.7,2406,33.53
-13.6,56,65.6,none,60,74.5,True,flat,8.9,48.3,285.8,1940,53.65
19.3,18,72.3,rain,24,30.9,False,hilly,3.9,80.0,403.5,1959,13.71
27.2,93,7.9,none,26,89.8,False,flat,7.1,80.5,428.4,1859,9.35
8.3,41,8.4,none,62,37.5,True,mountainous,3.5,98.9,672.8,2379,33.52
37.7,92,63.7,none,12,44.5,False,hilly,5.3,83.4,548.4,1957,15.27
-26.4,95,20.2,none,88,92.6,True,flat,9.4,66.8,350.2,1506,65.0
5.3,11,4.7,none,42,31.3,True,flat,0.4,50.8,352.9,2435,17.59
20.3,52,32.1,none,47,87.4,False,flat,2.7,87.3,517.5,2474,8.94
30.4,12,65.6,none,33,93.8,True,hilly,1.1,61.2,398.0,1932,22.55
-17.5,92,10.1,none,89,108.8,True,flat,5.0,96.6,587.8,1936,54.8
26.0,57,53.7,rain,68,36.8,True,flat,7.7,56.6,369.7,1518,20.43
8.7,17,0.3,none,50,30.3,False,flat,9.8,51.8,327.6,1702,13.08
-2.2,20,8.8,none,63,106.7,False,flat,1.6,77.2,396.2,1620,21.53
-20.8,45,28.1,none,44,59.0,True,hilly,0.4,94.9,648.2,2296,65.0
30.6,95,6.7,none,52,118.7,True,flat,1.4,48.5,316.8,2015,17.69
-19.0,72,67.7,none,42,48.5,True,flat,9.7,42.5,231.2,1789,65.0
-8.3,88,69.1,none,47,88.6,True,flat,3.2,98.0,534.6,2425,34.58
-9.7,43,60.4,none,38,40.9,True,flat,2.7,48.2,307.2,2146,44.15
31.0,14,19.4,none,17,70.3,True,hilly,7.4,76.5,489.4,2437,25.29
17.1,98,41.9,none,13,118.2,True,hilly,1.2,51.9,268.8,1754,24.45
25.8,12,14.7,none,26,90.8,False,hilly,3.5,50.1,340.9,2366,12.52
-12.5,95,22.5,snow,33,99.0,True,flat,1.4,49.4,320.6,2355,51.81
13.7,43,41.3,none,90,52.6,True,flat,9.7,82.6,575.6,2397,27.42
10.0,11,58.8,none,65,122.3,True,hilly,2.9,85.6,501.9,2317,35.0
28.3,72,7.6,snow,96,92.3,False,flat,2.7,47.2,244.1,2306,17.72
33.4,98,23.7,none,41,40.6,True,flat,6.3,48.2,328.3,2349,11.85
-29.1,97,74.1,none,46,31.6,True,flat,0.2,96.1,636.5,2396,65.0
17.2,24,34.3,none,75,31.6,False,flat,6.5,75.3,376.7,1924,9.74
-26.4,26,75.1,none,62,35.1,True,hilly,4.5,86.9,526.5,1719,65.0
8.4,61,79.3,none,58,121.2,False,flat,1.8,44.8,224.8,1572,19.7
-9.9,67,42.1,snow,62,65.8,False,flat,4.9,43.1,246.1,1775,43.99
-8.5,77,23.0,none,63,59.8,True,hilly,10.0,63.8,429.8,2363,49.77
-5.3,26,63.3,none,79,71.7,True,hilly,8.4,73.3,465.4,2497,48.2
13.5,96,12.7,none,70,71.0,True,flat,9.7,62.3,417.8,1923,21.97
-6.6,67,20.2,none,96,53.8,True,flat,9.3,82.8,506.3,1968,37.38
21.3,86,62.8,none,95,39.2,False,flat,8.2,80.2,525.0,1893,8.24
-1.7,59,34.7,none,48,40.9,True,flat,3.3,66.8,399.0,2051,32.06
-25.2,47,16.1,none,13,89.9,True,flat,7.3,44.8,268.8,1978,65.0
24.9,98,52.1,none,11,69.7,False,flat,3.9,75.7,469.2,2184,6.92
-10.0,62,58.6,rain,21,120.2,True,flat,4.3,54.5,287.9,1775,54.15
0.3,88,10.0,none,17,76.4,True,hilly,8.7,63.2,397.0,1903,33.39
18.0,96,22.2,none,44,80.3,False,flat,2.1,40.9,274.3,1903,4.69
-6.7,71,17.7,none,15,122.8,True,hilly,3.0,71.3,379.1,1819,48.04
-26.0,59,30.4,none,66,80.2,True,flat,9.3,81.9,471.5,2298,65.0
-3.8,10,61.1,none,27,80.2,True,hilly,7.0,74.6,510.6,2040,43.85
36.1,14,57.1,rain,56,66.3,True,mountainous,0.6,85.1,478.5,2060,32.12
14.9,28,53.0,none,19,101.0,True,mountainous,1.2,100.0,674.8,1741,34.03
17.0,27,0.5,none,84,69.2,False,flat,5.8,78.0,489.7,1924,8.45
14.3,33,11.4,snow,80,88.8,True,flat,8.0,53.3,356.2,1845,29.07
-16.1,37,17.9,none,45,74.7,True,mountainous,7.9,74.3,392.9,2408,65.0
-0.7,42,21.8,rain,92,82.9,True,flat,4.2,54.7,359.6,1538,38.5
22.6,48,11.7,none,27,112.7,False,mountainous,2.6,59.8,302.6,1675,24.02
-22.9,19,32.8,none,83,71.4,True,hilly,7.9,61.1,353.8,2161,65.0
-10.6,14,6.0,snow,59,53.0,True,mountainous,9.4,71.2,395.8,2105,65.0
-10.7,71,60.0,rain,40,87.0,False,hilly,4.4,71.4,448.7,2215,43.98
0.2,58,63.0,none,18,123.8,True,mountainous,1.4,80.0,522.6,1545,57.72
38.6,50,45.9,none,25,99.3,True,flat,6.1,66.3,377.1,2383,24.76
-25.3,67,7.2,none,88,60.8,False,flat,0.7,51.3,342.1,2431,60.21
6.3,84,71.2,none,65,126.3,True,flat,6.1,69.5,423.9,2282,31.05
-17.4,48,77.3,snow,31,64.3,True,flat,1.7,87.8,571.1,1675,59.43
37.9,68,16.2,none,55,128.3,True,flat,5.2,82.2,530.0,2289,15.72
-22.1,96,56.4,none,20,49.2,True,hilly,6.3,46.9,247.6,1817,65.0
-1.7,86,67.4,rain,19,130.0,True,flat,4.5,96.9,626.3,1652,43.79
21.7,48,43.2,rain,92,37.6,False,hilly,8.3,58.3,388.2,1581,16.49
19.3,68,25.9,none,51,101.3,False,flat,3.7,75.2,381.2,1547,5.93
-0.4,26,38.3,rain,43,104.0,True,mountainous,1.6,41.9,223.2,2342,58.86
-5.7,60,41.0,none,95,98.0,True,flat,4.6,94.6,571.3,2343,41.23
-2.2,98,32.1,rain,46,107.8,True,flat,9.6,81.0,414.6,1533,39.81
-11.5,57,74.4,none,40,77.2,False,hilly,8.8,56.6,324.2,2216,46.16
-15.6,93,59.5,snow,35,35.4,True,hilly,3.1,81.0,541.0,1754,61.15
3.8,47,19.3,none,61,65.8,True,flat,2.4,57.6,299.4,1723,19.54
-11.2,100,46.8,none,60,94.2,True,flat,4.8,55.6,293.5,2062,47.84
-9.9,62,55.1,none,11,94.6,True,flat,6.6,66.8,350.0,1958,52.69
16.0,14,11.2,rain,69,49.5,False,flat,9.3,76.0,462.8,1689,12.78
37.8,63,28.7,rain,81,55.3,False,hilly,6.1,52.6,294.8,1506,12.72
12.3,35,72.4,none,65,78.7,True,hilly,8.4,84.6,561.0,1823,32.75
-24.6,13,45.4,none,88,102.9,True,flat,7.0,74.7,460.4,1905,65.0
-24.7,84,17.4,none,35,115.3,True,flat,1.0,40.4,256.4,1975,65.0
36.6,35,9.8,none,27,38.6,True,flat,8.9,73.0,409.7,1908,16.34
-9.2,82,41.5,none,73,122.6,False,hilly,2.0,65.3,390.5,1880,38.69
-23.6,36,43.8,none,27,122.8,True,mountainous,3.7,80.2,460.2,2463,65.0
11.9,27,26.8,none,18,30.8,True,hilly,8.4,93.9,562.7,2420,26.49
13.7,98,50.4,none,19,80.6,True,flat,9.8,55.8,355.5,1891,29.16
15.4,43,5.5,snow,79,88.7,False,flat,3.1,80.4,474.6,2441,15.24
-11.3,64,11.6,none,13,85.4,True,mountainous,3.8,49.1,252.0,1587,56.57
-28.9,65,43.7,none,36,91.6,True,flat,4.9,45.1,259.2,1513,65.0
37.6,60,4.9,none,22,80.3,True,flat,5.0,95.9,650.0,1831,18.81
-12.4,92,70.5,none,78,59.4,True,flat,7.5,91.7,609.7,1685,48.34
17.3,71,11.4,none,55,39.6,False,flat,8.2,70.1,467.2,2204,10.58
19.5,46,53.9,none,28,50.8,False,mountainous,9.9,48.3,259.0,2126,29.32
12.7,88,31.3,none,78,104.0,True,flat,8.0,55.8,287.9,2474,22.95
-8.1,26,32.0,none,78,54.1,True,hilly,3.0,74.0,490.6,2254,42.14
-11.0,59,61.2,none,57,113.0,True,flat,3.6,79.1,500.9,1895,42.12
11.8,96,40.0,none,35,70.3,True,flat,6.2,81.4,490.0,1769,15.66
30.6,66,58.1,none,63,71.4,True,hilly,6.9,84.9,541.0,1555,19.71
36.3,84,40.4,none,94,116.8,True,hilly,0.9,52.6,360.9,1764,22.59
-22.6,69,47.4,none,15,51.4,True,flat,3.4,57.8,303.8,1682,62.92
-19.2,86,60.9,none,34,49.0,True,hilly,2.0,40.8,217.6,2339,59.55
36.1,95,48.6,none,36,128.5,True,mountainous,5.1,44.4,274.6,1826,39.44
21.6,35,49.2,rain,67,84.1,False,mountainous,1.7,58.6,375.6,2184,25.17
31.8,25,63.1,snow,69,49.1,True,flat,5.8,51.1,321.6,2148,28.64
-15.8,54,75.9,none,29,46.6,True,flat,4.7,69.6,383.1,1559,48.83
11.1,73,30.1,none,29,116.2,True,hilly,4.0,90.9,567.7,1523,32.07
19.1,30,46.2,none,94,90.0,False,hilly,6.5,83.4,510.3,1945,14.65
17.6,10,6.9,none,78,41.5,False,flat,4.2,85.3,430.5,2426,1.86
-1.4,41,28.7,none,94,118.7,True,flat,4.0,76.0,474.7,2139,41.3
-28.9,97,33.0,none,85,74.4,True,hilly,6.5,82.0,484.1,2357,65.0
10.8,73,66.8,rain,46,128.9,True,flat,0.6,50.8,340.7,1544,31.81
-12.3,46,41.1,none,21,58.2,True,flat,4.3,73.1,461.6,1878,38.49
1.5,27,58.5,snow,67,82.9,True,hilly,2.0,74.2,452.4,1559,40.44
37.0,42,1.5,none,42,47.3,True,hilly,0.4,77.7,527.8,1841,10.95
-2.1,25,37.2,none,48,74.0,False,flat,0.3,86.8,549.0,1784,21.87
28.8,20,72.1,none,48,47.7,False,hilly,1.7,96.6,531.6,2421,8.49
-16.8,92,17.9,none,94,60.7,True,flat,4.3,82.7,490.9,2318,47.77
17.1,100,2.5,snow,16,57.0,True,flat,5.7,95.4,605.0,2306,25.29
38.4,25,34.7,none,27,58.3,True,mountainous,8.0,73.0,484.8,1525,30.87
-22.9,15,56.4,none,65,127.0,True,flat,6.1,57.4,319.3,2008,65.0
-29.4,40,36.4,none,90,33.8,True,flat,5.2,79.5,513.1,1597,65.0
0.4,52,36.8,none,93,79.7,True,flat,0.4,98.9,629.3,2366,27.77
-23.5,28,53.6,none,60,92.9,True,flat,3.0,82.6,437.2,1952,65.0
22.4,37,20.4,none,13,96.1,False,flat,6.9,98.1,520.7,1597,11.15
34.0,28,60.2,none,43,105.5,True,mountainous,2.7,41.3,248.2,2484,32.1
0.4,80,12.2,snow,93,106.1,True,flat,5.9,55.5,323.1,1788,41.05
-11.9,74,31.7,none,55,125.6,True,flat,6.0,56.4,297.2,1700,54.23
0.4,67,52.5,none,75,105.6,True,hilly,3.1,65.6,339.5,2065,34.27
20.6,45,66.3,none,34,112.4,False,flat,5.7,41.8,284.4,1984,12.97
-29.4,92,63.3,rain,12,83.2,True,hilly,1.1,94.9,510.6,1774,65.0
11.3,97,57.7,none,62,95.8,True,flat,7.3,82.4,472.7,2237,25.8
12.9,26,28.7,snow,85,77.8,True,mountainous,0.2,45.0,267.2,1789,39.27
14.6,30,9.8,none,99,57.6,True,flat,0.4,50.5,260.8,1845,10.84
-13.1,57,17.3,none,86,61.3,True,hilly,8.7,76.2,402.0,2200,46.96
20.0,18,69.2,none,60,66.1,False,hilly,5.8,94.5,571.9,2071,13.88
-23.6,49,68.6,snow,65,64.1,True,flat,1.6,45.3,289.6,1789,65.0
-16.1,62,76.1,none,84,83.3,True,hilly,6.0,66.0,441.5,2423,58.69
31.4,57,6.1,none,12,54.8,True,hilly,3.7,52.0,349.7,2219,26.32
21.7,40,42.9,none,96,81.7,False,mountainous,2.7,50.8,309.5,1802,24.96
-29.0,59,51.9,none,58,121.6,True,mountainous,8.1,83.8,467.1,2363,65.0
-12.6,96,56.9,none,96,70.6,True,flat,4.8,89.6,551.8,1813,47.21
-15.0,29,51.5,rain,79,52.3,True,flat,2.9,95.3,595.0,2476,51.1
-11.0,69,61.6,snow,24,64.7,True,mountainous,9.4,81.0,451.7,2408,65.0
-12.7,14,28.8,snow,25,117.7,True,flat,1.7,43.9,278.3,1901,54.51
-25.6,16,14.4,none,42,124.2,False,hilly,1.4,61.4,328.5,2163,65.0
2.1,60,16.4,none,34,118.7,True,flat,1.0,66.5,371.8,2036,25.73
21.3,19,1.0,none,50,58.7,False,hilly,1.2,56.6,388.0,2317,9.21
12.5,12,28.0,none,64,68.8,True,hilly,2.5,72.4,435.8,2362,30.48
17.1,25,7.3,rain,49,127.5,False,hilly,7.0,54.0,286.0,2130,23.41
-24.3,61,25.7,none,15,62.4,True,mountainous,6.7,94.0,595.4,2056,65.0
36.6,73,50.3,rain,98,43.8,False,flat,7.6,48.6,265.4,1839,11.95
28.7,28,71.6,rain,48,58.2,False,flat,5.8,65.6,332.4,2400,16.86
26.4,70,67.2,none,87,126.4,False,flat,4.9,47.5,320.3,2106,14.36
27.6,26,20.2,none,17,71.6,False,mountainous,4.3,61.5,360.9,1568,17.96
35.3,65,10.7,none,83,123.4,True,mountainous,8.7,69.1,452.8,2169,44.85
8.1,47,15.4,none,26,40.4,True,mountainous,3.4,73.2,491.3,1713,29.62
-16.0,69,77.7,none,71,106.6,True,mountainous,8.9,59.9,368.1,1641,65.0
13.2,100,44.0,snow,70,39.3,False,hilly,2.8,88.6,460.1,2486,21.0
22.0,94,14.6,none,92,49.7,False,mountainous,1.6,70.9,400.0,2397,16.71
21.7,10,67.3,none,39,91.6,False,flat,2.6,99.5,548.1,2228,8.73
6.5,90,31.6,rain,20,73.4,True,flat,5.0,47.4,294.3,2087,26.76
-25.2,16,71.9,rain,88,96.7,True,hilly,9.3,51.0,297.0,1885,65.0
-4.0,96,20.9,rain,40,127.3,True,hilly,1.8,88.1,513.2,1816,41.77
34.5,35,31.5,none,31,35.3,True,hilly,5.8,73.3,462.2,1837,21.29
10.9,44,40.4,none,54,49.2,True,hilly,2.2,61.6,311.9,1953,25.61
7.7,18,71.4,none,23,94.0,True,flat,6.8,64.6,340.2,1842,32.68
-11.2,20,69.5,none,37,119.7,True,mountainous,4.7,73.8,500.3,1725,65.0
-4.2,75,45.9,none,45,109.8,True,hilly,7.3,45.1,301.2,2412,49.93
32.7,95,17.7,none,35,76.6,True,flat,8.6,85.9,591.2,2259,21.06
16.7,65,32.3,snow,51,104.5,True,flat,3.3,66.9,362.8,2141,25.82
25.1,74,78.1,none,45,50.8,False,flat,9.4,64.8,367.9,1943,12.41
1.8,79,48.6,none,80,31.4,True,flat,4.7,86.4,451.3,2304,25.33
14.1,34,62.5,none,93,87.0,True,hilly,9.4,74.2,465.7,1661,33.34
-12.6,14,36.0,none,19,111.3,False,mountainous,2.3,85.2,559.5,1639,53.63
19.4,10,42.6,none,84,73.3,False,flat,9.0,95.7,596.9,2454,12.47
-0.1,42,34.3,none,94,86.9,True,flat,3.3,96.8,599.2,2442,27.82
1.0,32,56.2,snow,72,72.2,True,flat,7.5,65.8,434.3,2168,40.21
15.5,16,68.1,none,100,81.4,False,hilly,9.7,44.2,228.7,1966,21.09
35.5,26,40.6,none,40,118.4,True,hilly,9.1,40.7,264.2,2390,26.54
-25.5,21,38.5,none,85,77.8,True,flat,4.6,82.3,558.5,2240,65.0
27.7,92,27.2,none,71,30.7,False,flat,3.4,44.9,282.5,2269,4.16
-9.5,23,14.2,snow,39,110.0,True,hilly,6.1,63.4,403.8,2151,62.94
1.1,58,75.1,none,73,91.8,True,flat,7.1,79.7,501.2,2422,36.49
-28.5,63,25.3,none,56,103.0,False,flat,5.4,99.9,664.1,1811,65.0
-8.9,59,64.1,none,27,120.1,True,flat,8.5,53.4,309.3,1766,53.82
5.2,19,57.2,rain,26,58.6,True,mountainous,0.6,40.6,272.6,2088,37.48
-26.1,39,63.3,none,74,80.3,True,flat,6.0,42.5,235.3,1851,65.0
4.4,15,74.9,none,74,90.2,True,flat,5.3,53.4,279.3,1557,35.29
34.9,46,49.9,none,58,64.5,True,mountainous,0.4,99.6,510.2,2462,26.75
-22.6,27,71.8,snow,55,114.6,True,flat,0.1,44.6,231.9,2404,65.0
23.5,61,13.4,rain,26,99.8,False,hilly,6.1,85.0,502.3,1510,13.73
-1.3,72,50.1,none,49,103.3,True,flat,1.2,49.0,303.3,2368,30.99
15.9,58,61.8,rain,88,110.8,False,hilly,7.7,52.2,327.5,2018,20.42
-11.8,49,21.7,none,87,55.8,True,flat,9.5,45.2,276.8,2005,48.86
-18.8,45,59.3,none,69,104.6,True,hilly,1.8,53.7,290.7,1667,65.0
-18.8,86,62.3,none,100,107.4,True,flat,8.0,46.9,315.9,1697,65.0
-25.1,30,66.5,rain,90,114.2,True,hilly,5.9,41.0,222.5,1781,65.0
-17.0,76,25.0,none,23,78.9,False,hilly,4.5,87.9,584.8,2056,46.95
16.5,78,54.5,rain,46,80.4,True,mountainous,6.5,51.4,330.6,1983,42.05
31.7,48,24.3,none,22,39.8,True,flat,8.0,47.1,269.1,1776,13.35
27.0,37,59.1,rain,52,115.2,False,hilly,9.7,56.3,329.2,2306,26.96
18.0,52,37.0,none,80,83.3,False,mountainous,6.6,85.2,564.8,1852,24.47
-22.3,18,47.8,none,24,89.4,True,flat,7.5,53.5,372.8,1697,65.0
-9.8,14,33.3,none,89,42.1,True,flat,6.1,72.5,397.8,1914,37.16
-8.3,20,13.0,none,61,90.2,False,hilly,5.7,53.0,338.1,2206,34.6
-12.5,27,14.2,none,77,34.2,True,flat,0.6,63.2,325.5,1824,45.62
6.1,55,6.2,none,14,122.3,True,flat,1.6,71.3,367.9,1819,25.51
7.5,86,49.4,snow,18,116.4,True,flat,3.8,85.5,504.4,1616,40.41
-5.0,31,67.9,none,66,49.4,True,mountainous,6.5,56.9,286.6,1602,46.64
-5.2,94,1.7,none,85,89.4,True,flat,0.8,66.8,455.6,1793,28.23
28.0,96,5.3,none,89,90.3,False,flat,5.4,78.6,453.6,2220,11.43
25.3,96,36.6,none,72,110.3,False,flat,0.1,56.5,325.7,2038,8.49
-8.5,85,59.0,none,28,105.7,True,hilly,7.7,53.2,300.7,2325,52.71
34.0,43,12.6,rain,28,129.3,True,flat,6.7,74.1,415.0,2218,30.78
36.7,17,21.7,none,89,65.1,True,flat,5.2,97.1,503.8,2138,13.96
-7.1,61,18.6,rain,20,42.5,True,mountainous,5.7,94.6,588.0,1643,59.76
-5.2,60,31.9,none,72,87.3,True,flat,9.3,76.0,418.6,2415,40.86
5.4,86,18.0,snow,58,106.4,True,hilly,9.1,65.3,371.9,1530,51.18
35.9,100,28.2,none,48,58.6,True,flat,7.9,73.9,419.5,2458,16.48
31.3,56,58.3,none,50,53.6,True,flat,3.4,88.1,500.5,2303,17.32
-22.8,41,48.9,none,95,110.2,True,mountainous,1.1,45.6,308.0,1752,65.0
-2.5,27,6.5,snow,88,105.4,True,mountainous,3.2,86.9,516.2,2485,62.33
8.7,10,51.0,none,88,50.3,True,hilly,7.5,79.5,478.5,1948,29.31
5.2,56,38.2,none,47,116.9,True,mountainous,6.1,56.1,368.7,2305,42.82
-16.4,60,74.8,none,20,43.5,True,hilly,7.1,92.6,519.8,2432,57.74
30.1,84,23.1,snow,100,40.9,True,flat,1.1,44.8,292.1,1998,18.6
17.4,55,58.1,none,23,65.1,False,mountainous,1.6,95.1,509.9,2120,21.57
28.7,92,58.5,none,56,118.7,False,flat,6.6,63.3,406.0,2155,16.7
30.1,67,17.7,rain,34,99.5,True,hilly,3.7,88.6,468.6,2083,28.04
22.4,86,72.3,rain,56,69.5,False,flat,3.7,49.3,314.2,1686,9.52
0.7,23,39.3,rain,37,45.7,True,flat,3.9,74.1,439.7,1792,33.08
12.7,87,54.3,snow,91,101.3,True,hilly,8.0,42.0,215.5,1607,42.0
-18.8,71,11.7,none,97,89.9,True,mountainous,7.0,56.7,351.8,1936,65.0
17.2,25,20.6,none,47,128.8,False,flat,1.1,89.8,573.0,1685,10.94
-17.5,27,46.9,none,16,106.6,True,flat,3.4,67.3,363.5,1675,53.82
18.6,93,25.5,rain,70,40.2,False,hilly,6.7,79.6,546.7,1615,15.87
-13.9,13,40.0,rain,44,102.8,True,flat,9.8,88.4,482.4,1923,62.21
-21.8,52,29.9,snow,99,55.7,True,flat,9.1,71.8,403.8,1593,65.0
-18.4,38,51.2,none,18,126.2,True,flat,2.5,75.1,486.4,2230,65.0
-29.9,70,39.0,none,21,31.9,True,flat,0.7,86.0,464.4,2400,65.0
20.3,86,0.4,none,73,53.8,True,hilly,5.7,47.2,323.2,1813,17.63
21.3,42,52.0,none,78,79.9,True,flat,4.1,44.3,278.2,2339,18.12
6.0,48,33.8,none,52,37.9,True,hilly,1.8,77.3,502.4,2089,24.11
-18.7,98,27.3,rain,35,64.4,True,flat,6.5,98.5,516.0,1906,58.67
-24.2,81,7.5,none,38,79.7,True,mountainous,1.6,78.7,522.7,2312,65.0
-28.7,91,17.6,none,40,74.7,True,flat,3.5,82.3,505.2,2288,65.0
-18.4,49,17.9,none,30,76.1,False,flat,7.9,79.5,519.9,2440,47.43
32.4,31,74.8,rain,87,117.9,True,flat,6.8,76.3,392.6,2441,25.39
-13.1,47,34.6,none,16,80.5,True,flat,6.1,51.9,322.4,2197,48.79
-5.2,74,3.4,rain,47,124.1,True,flat,9.3,90.4,576.8,2413,45.94
-22.6,20,11.1,none,77,44.8,True,flat,1.3,74.6,446.7,1555,55.0
-14.4,34,6.3,none,10,58.0,True,flat,6.9,98.7,658.4,1690,55.14
6.3,14,47.1,none,89,95.7,True,hilly,1.2,44.1,303.7,1806,27.15
12.5,49,14.9,rain,74,58.3,True,flat,1.4,57.9,315.4,2293,22.98
-12.8,84,39.9,none,17,64.7,True,flat,5.1,46.0,235.4,1543,45.6
-26.0,12,29.6,snow,91,120.1,True,hilly,0.2,91.5,599.3,2258,65.0
-2.6,71,64.3,none,54,83.9,False,hilly,5.0,89.1,531.0,2171,31.44
-13.6,94,25.6,none,69,63.5,True,flat,0.1,86.4,441.9,2378,41.61
-14.6,31,36.7,none,89,107.7,True,flat,6.0,80.7,418.0,1547,57.81
37.2,72,57.7,none,89,37.1,True,flat,3.1,46.4,253.1,2121,13.91
13.1,98,34.7,none,47,86.4,True,flat,0.8,64.4,322.4,1600,18.98
9.0,97,63.5,none,31,40.0,True,mountainous,7.8,82.3,488.7,1556,43.71
-0.9,31,52.9,rain,33,47.7,True,hilly,3.9,61.7,353.9,2448,39.96
0.0,19,32.8,none,79,36.2,True,hilly,4.4,83.1,422.9,1722,37.09
7.9,23,40.3,none,94,120.2,True,hilly,3.7,57.1,313.2,1689,38.29
18.8,73,77.4,none,17,34.8,False,flat,0.8,72.6,470.5,2375,6.38
19.2,75,52.9,none,11,81.6,False,flat,4.6,61.3,405.3,1813,9.72
-18.0,71,72.4,none,84,52.5,True,mountainous,6.7,95.3,477.2,2347,65.0
5.0,40,14.3,snow,45,68.4,True,flat,9.0,66.5,346.9,2170,39.42
-1.2,25,38.7,none,35,79.4,True,flat,7.6,57.2,400.2,1690,36.89
30.9,62,72.7,rain,27,75.0,True,flat,0.8,43.4,273.4,2020,15.33
14.2,54,25.8,none,41,104.8,True,flat,1.7,48.7,310.4,2161,10.99
7.3,76,77.4,none,97,121.2,True,flat,0.4,73.9,425.5,2223,24.88
-21.9,50,7.8,none,98,60.0,True,flat,1.2,82.1,493.1,1982,61.59
12.4,40,72.2,none,40,32.5,False,flat,4.8,97.3,585.1,1855,12.18
-21.8,36,35.6,none,97,119.4,True,flat,2.2,75.8,431.8,2449,61.77
-6.4,29,5.9,none,37,127.9,True,flat,6.5,80.8,515.8,1917,46.2
-20.0,34,70.4,rain,87,73.3,True,flat,0.3,77.2,474.3,2192,61.27
18.4,19,20.2,snow,29,75.6,False,flat,8.6,94.1,648.4,2337,20.02
-15.6,41,1.8,none,84,44.4,True,flat,6.8,58.1,291.5,1669,49.5
-2.6,13,10.9,rain,42,77.6,True,mountainous,9.7,76.2,515.9,1983,57.06
32.7,27,52.7,none,28,60.3,True,hilly,9.5,97.6,673.2,2052,26.29
-15.7,77,78.2,none,94,129.4,False,hilly,6.9,40.4,214.0,2070,53.78
5.5,39,8.9,snow,29,48.5,True,hilly,1.6,56.3,306.3,1649,38.83
-0.7,70,37.0,none,99,67.9,True,mountainous,2.2,85.5,436.3,1526,42.8
-28.7,75,14.5,rain,20,91.7,True,mountainous,2.8,68.2,373.0,2165,65.0
25.5,62,59.6,none,11,64.5,False,hilly,4.3,50.1,314.6,2121,12.76
-25.2,96,9.4,none,88,77.4,True,hilly,5.7,74.3,403.7,2200,65.0
3.2,12,19.2,none,63,127.3,True,flat,6.8,70.9,475.4,1723,32.89
9.2,76,15.7,rain,48,80.8,True,flat,0.8,67.2,459.2,1838,18.88
14.0,96,44.2,none,17,121.0,True,flat,6.1,60.5,305.9,2070,25.4
18.2,88,69.9,none,62,34.3,False,hilly,0.6,43.2,259.5,1558,10.09
-12.3,25,40.9,none,45,42.0,True,flat,8.3,76.2,383.6,1706,48.6
-29.3,39,4.7,none,54,124.5,True,hilly,0.4,71.0,443.2,2381,65.0
20.6,26,45.1,none,67,42.9,False,flat,3.9,75.1,427.8,1654,7.15
7.5,64,63.8,rain,68,103.7,False,flat,4.2,40.1,268.7,1664,21.23
28.5,74,10.6,rain,96,74.6,False,flat,5.7,45.0,307.3,2221,12.7
27.5,39,5.8,rain,69,70.7,False,hilly,1.0,50.1,300.2,2383,8.54
29.0,59,15.0,snow,41,95.9,False,flat,9.3,66.9,462.0,2471,21.29
4.0,72,59.7,rain,40,102.8,False,flat,3.8,88.5,595.7,2336,24.9
-6.6,48,47.3,snow,53,123.2,True,hilly,4.0,54.8,284.3,2212,53.42
25.4,87,43.2,none,33,55.7,False,hilly,2.4,88.5,505.5,2386,9.46
1.6,79,20.0,none,44,99.8,False,flat,7.8,54.1,307.4,2001,26.57
-17.2,16,26.6,snow,86,64.2,True,flat,0.1,84.9,476.3,1791,56.6
29.8,66,77.3,none,87,101.8,True,hilly,1.1,92.5,609.7,2220,19.99
31.8,31,19.3,rain,67,44.2,True,hilly,4.7,89.0,498.5,1907,19.51
2.6,60,72.1,none,62,75.8,True,flat,9.7,84.3,485.5,1876,40.28
-24.7,96,46.4,rain,48,48.4,True,flat,0.4,42.3,218.8,1926,65.0
-2.9,89,9.9,none,67,63.6,True,mountainous,0.6,59.8,361.2,2125,43.74
26.2,46,37.4,none,83,101.6,False,mountainous,7.1,51.8,271.1,2402,26.14
33.1,36,75.9,none,76,53.3,True,flat,7.4,68.5,461.4,2452,22.41
-15.8,31,33.5,none,13,98.5,True,flat,9.0,61.3,404.1,2154,54.12
-25.3,58,69.1,snow,76,79.6,True,flat,5.8,77.1,431.9,1536,65.0
31.4,20,20.5,none,75,39.2,True,hilly,4.0,73.9,370.4,1907,20.15
-2.7,59,45.7,snow,19,68.7,True,flat,4.5,65.9,338.7,1630,40.13
7.9,10,67.5,none,24,116.9,False,flat,4.3,86.0,467.7,2058,19.67
37.8,39,73.7,snow,81,128.9,False,flat,9.7,40.9,245.2,1895,28.91
-25.3,30,38.9,none,60,66.9,True,hilly,3.8,91.9,594.2,2238,65.0
15.4,97,51.2,none,84,35.5,False,flat,1.0,40.2,208.8,2101,4.34
-24.8,75,0.2,none,27,43.0,True,flat,2.9,67.1,430.7,1683,65.0
-3.7,41,20.3,snow,13,108.8,True,hilly,9.6,92.9,566.0,1654,58.15
26.3,18,22.3,none,25,95.6,False,hilly,4.3,65.1,406.1,1600,11.84
0.3,57,7.5,none,51,58.5,True,hilly,3.2,85.3,585.1,2243,37.57
39.8,29,22.4,none,57,69.1,True,flat,3.1,64.2,443.2,1832,10.03
9.1,58,25.7,none,87,111.1,True,hilly,0.1,91.1,589.6,1940,30.24
-7.5,85,77.5,rain,74,71.3,False,hilly,6.3,100.0,638.2,1928,39.03
-14.6,65,53.5,none,99,105.6,False,mountainous,7.2,93.9,612.7,2159,65.0
-5.5,67,34.1,none,17,59.5,True,flat,3.5,43.3,275.1,1546,30.88
-3.9,59,79.0,snow,22,102.5,True,flat,8.7,48.9,245.5,1855,52.14
-25.2,93,12.3,none,18,76.6,True,mountainous,7.4,72.5,507.1,1597,65.0
-4.1,94,38.1,rain,58,84.5,True,flat,6.0,97.7,612.9,1548,45.2
2.5,56,51.8,none,34,89.9,True,hilly,7.0,64.4,384.8,1582,36.97
20.6,38,4.4,snow,72,75.1,False,mountainous,7.7,56.6,334.4,1921,31.95
16.0,51,57.4,none,22,76.6,False,hilly,5.3,97.9,535.4,2194,10.34
19.6,27,8.0,rain,19,56.6,False,hilly,4.0,82.5,491.4,1963,16.96
-29.4,67,11.2,none,51,128.6,True,flat,1.3,86.2,557.6,1745,65.0
-14.8,55,12.8,none,44,120.6,True,flat,4.0,46.6,256.9,2151,54.89
16.3,19,74.3,none,85,82.7,False,hilly,5.5,55.8,373.0,1702,16.55
3.9,28,54.7,none,85,33.5,True,hilly,9.5,70.2,380.7,1879,33.33
-29.6,53,52.4,none,21,46.8,True,flat,1.5,84.2,565.5,2452,65.0
26.3,90,44.4,none,83,115.4,False,flat,7.6,60.8,375.2,2329,10.19
24.1,61,23.4,snow,61,123.1,True,flat,2.4,52.3,348.8,2414,31.89
8.4,71,49.7,none,55,46.1,True,hilly,9.6,66.2,386.4,1658,28.35
-25.3,41,32.8,none,19,103.5,True,flat,5.9,65.5,369.3,2121,65.0
23.7,61,11.6,none,77,92.3,False,flat,4.3,92.4,590.8,1810,5.02
10.9,50,55.2,none,15,60.3,True,flat,3.5,96.0,549.8,2316,22.16
24.7,69,10.4,none,35,73.6,True,hilly,2.0,50.1,346.2,1955,15.64
22.6,15,15.3,snow,19,97.7,False,flat,7.1,56.8,367.9,2236,14.85
26.2,54,65.4,rain,58,40.1,True,flat,6.4,87.2,510.7,1812,18.7
6.3,37,52.8,none,68,48.9,True,flat,8.9,54.7,292.5,1569,25.47
-20.2,39,50.5,none,90,33.3,True,hilly,6.0,55.9,341.6,2252,63.06
17.0,96,33.5,none,76,120.2,False,flat,1.7,80.6,499.0,2102,14.98
13.4,26,31.7,none,96,87.4,True,flat,6.8,70.7,490.1,2367,21.87
22.0,38,55.2,none,78,82.3,False,flat,8.8,82.2,533.4,1616,11.51
-18.1,56,59.2,rain,37,100.6,True,flat,9.9,44.4,244.3,2470,59.85
-16.4,88,40.8,none,59,128.8,True,hilly,6.9,70.3,388.1,2413,60.83
32.3,48,77.5,snow,51,47.2,True,flat,2.9,80.4,495.1,2153,29.13
22.5,77,76.5,none,61,43.3,False,mountainous,5.7,68.5,358.7,2026,25.47
33.6,87,33.0,none,61,59.5,True,hilly,5.1,47.7,304.7,1899,21.28
23.1,38,65.6,snow,73,120.4,False,hilly,5.1,48.0,247.8,1594,28.95
11.8,45,43.5,none,17,71.1,False,flat,0.8,75.3,462.7,2429,9.95
15.8,42,40.9,none,77,109.3,False,flat,1.9,48.6,338.8,1695,9.31
32.2,85,4.4,none,23,50.3,True,hilly,5.2,58.2,392.8,1857,22.66
10.5,14,45.9,none,12,79.4,True,flat,8.0,66.5,444.6,1686,30.17
14.3,38,72.0,none,57,42.7,True,flat,1.8,75.6,491.4,1761,14.57
-19.0,71,62.4,none,62,71.3,True,flat,1.6,55.9,383.5,1893,53.47
3.2,61,62.9,none,13,56.2,True,flat,7.6,64.3,441.2,2197,23.5
20.1,49,12.8,rain,56,84.9,False,flat,6.9,62.1,330.5,2311,12.0
-11.0,59,28.7,none,58,108.0,True,flat,4.9,45.8,250.1,1558,44.87
-15.8,28,18.7,none,15,123.8,True,flat,0.5,88.2,604.2,2315,55.24
-8.0,49,25.3,none,74,58.4,True,hilly,4.7,84.5,469.2,2293,48.39
-13.1,55,46.4,none,29,104.3,True,hilly,8.3,87.0,501.3,1635,57.78
-15.0,91,29.2,none,82,118.6,True,flat,0.1,48.8,248.3,1774,47.5
-0.3,33,44.9,none,38,42.5,True,hilly,1.0,71.1,483.1,1584,28.84
33.5,88,35.1,none,53,88.6,False,mountainous,8.1,59.8,307.7,1984,27.93
5.5,68,22.9,none,90,91.2,True,hilly,5.3,60.9,369.1,2469,34.17
-16.8,12,7.6,rain,83,57.2,True,hilly,6.6,43.9,239.0,2377,62.45
-24.6,75,71.3,rain,80,32.3,True,flat,7.5,96.8,489.1,2374,65.0
18.7,13,0.9,none,24,55.7,False,mountainous,3.0,96.4,537.8,1627,20.88
-3.2,100,0.1,none,14,88.5,True,flat,3.0,64.5,408.2,2401,33.5
27.5,89,66.1,none,65,49.6,False,hilly,2.6,91.3,472.6,1520,11.61
16.2,37,79.7,none,47,58.7,True,flat,1.7,59.8,400.9,2262,21.19
25.7,33,58.2,none,92,100.8,False,flat,3.0,73.6,469.6,1800,9.95
-11.0,44,1.2,snow,41,69.8,False,flat,9.5,84.7,433.3,2002,42.64
18.5,42,18.1,none,47,36.5,False,flat,0.9,71.4,414.6,2234,4.98
-11.5,44,77.7,snow,57,69.9,True,hilly,2.4,49.8,329.7,2147,51.19
35.7,39,64.7,none,82,130.0,False,mountainous,3.2,62.7,430.7,1835,26.14
14.5,66,45.3,none,34,56.1,True,flat,1.5,85.6,535.5,2318,20.2
-7.3,25,18.9,none,95,56.5,True,hilly,0.8,86.9,552.6,2152,43.31
-11.1,86,1.1,rain,59,47.0,True,hilly,1.6,60.3,407.1,2344,49.47
-16.6,83,1.7,none,86,57.2,True,flat,5.3,72.4,428.0,1866,53.94
18.6,53,49.0,none,57,87.5,False,mountainous,6.0,52.4,336.3,1617,25.78
-14.7,87,1.7,none,79,126.5,True,flat,2.2,55.1,338.9,1872,52.27
11.7,32,79.5,rain,15,90.8,True,mountainous,5.0,48.7,311.1,1995,46.45
-11.5,12,14.7,rain,82,71.0,True,mountainous,0.1,66.3,448.3,1644,57.52
16.3,66,56.9,none,57,69.0,False,flat,6.0,83.2,547.4,2062,10.49
27.0,51,12.4,none,50,32.4,True,hilly,0.0,92.8,487.4,2161,17.51
24.5,61,43.2,snow,20,30.3,False,hilly,6.4,72.7,498.9,1503,19.66
23.3,91,6.4,rain,77,109.7,False,hilly,4.8,79.1,403.5,2055,17.4
-16.9,97,61.3,none,22,79.0,True,flat,1.1,56.0,364.8,1628,48.35
-23.8,67,46.8,rain,27,33.3,True,hilly,0.9,52.1,290.4,1643,65.0
18.9,79,6.9,none,21,58.6,False,hilly,0.1,63.7,418.1,1877,4.69
-4.2,18,67.9,none,11,65.7,True,flat,5.5,73.5,369.8,1593,36.71
0.3,24,43.8,none,70,108.3,True,flat,8.1,42.0,228.6,2072,38.0
-27.8,76,73.7,none,34,73.4,True,hilly,8.6,45.5,234.9,2237,65.0
-11.8,49,73.3,rain,23,108.9,True,flat,5.7,77.8,506.4,1826,51.58
-27.6,50,73.6,none,39,93.4,True,mountainous,8.9,52.0,280.0,2435,65.0
31.5,38,6.2,none,55,33.3,True,flat,8.6,67.2,460.7,2211,17.1
-13.0,65,9.7,rain,55,126.9,True,hilly,7.0,96.2,560.0,2489,58.43
9.0,27,79.0,rain,43,48.1,True,flat,3.6,91.8,590.8,2107,27.34
-27.3,66,39.0,none,55,57.6,True,mountainous,8.3,43.8,291.4,1961,65.0
16.7,26,19.1,none,48,110.9,False,hilly,3.9,43.5,300.6,2264,17.43
-7.4,16,61.6,rain,84,49.0,True,flat,4.0,48.7,288.6,1895,39.29
32.9,40,21.1,rain,13,70.1,True,hilly,6.8,47.0,298.0,1501,21.65
32.2,31,58.2,rain,88,116.5,True,flat,9.3,55.2,316.4,1713,29.45
-7.2,90,67.0,none,32,93.7,True,flat,5.0,62.3,347.0,1706,37.06
33.1,15,62.7,none,75,60.2,True,flat,1.8,45.0,286.7,1989,11.9
39.7,26,21.9,rain,46,94.4,True,flat,1.4,67.6,392.8,2212,20.77
27.8,59,32.1,rain,36,111.3,False,mountainous,3.0,71.8,441.1,2057,29.13
29.1,53,33.1,none,65,70.4,False,flat,4.6,79.7,430.1,1603,8.33
-12.6,14,39.3,none,79,87.2,True,flat,3.0,64.4,413.9,1761,47.09
10.4,11,13.4,rain,50,128.8,True,flat,7.1,57.8,400.7,1637,32.85
-25.3,99,36.2,none,52,126.5,True,mountainous,5.4,78.6,477.5,1580,65.0
-23.4,69,40.9,none,15,80.9,True,flat,4.1,94.7,571.8,1657,65.0
39.9,43,42.5,none,93,39.6,True,flat,2.1,63.8,427.9,2020,9.57
-7.1,52,65.6,none,86,100.1,True,hilly,6.1,57.6,305.5,2256,54.89
22.4,34,41.4,none,46,56.9,False,mountainous,6.7,83.1,480.7,1897,21.72
26.5,41,18.5,none,79,96.9,True,hilly,7.8,92.6,495.4,1701,28.88
30.1,68,53.1,none,38,65.2,True,hilly,9.9,97.6,594.6,1930,26.31
39.8,89,63.8,snow,76,101.9,True,flat,2.3,53.2,331.6,1830,26.55
-13.1,27,25.5,snow,57,66.7,True,hilly,0.2,58.2,397.2,1545,61.81
-27.2,86,51.6,snow,51,124.1,True,hilly,5.0,94.4,628.5,2423,65.0
-1.2,21,11.8,rain,15,43.7,True,hilly,9.2,56.2,353.7,1511,40.3
-20.9,29,27.4,none,97,36.8,True,flat,2.5,60.7,397.8,1541,61.45
-28.4,13,72.7,none,85,108.1,True,flat,7.6,78.4,490.4,1800,65.0
-4.8,23,72.9,none,81,70.1,True,flat,3.2,74.1,455.0,2277,40.65
24.9,93,46.0,none,37,76.6,True,hilly,3.9,92.7,472.2,1989,26.58
9.6,51,56.2,none,36,123.4,True,hilly,9.5,76.7,387.3,2011,39.24
-8.1,17,68.3,none,62,89.0,True,flat,4.6,69.3,464.8,2117,35.66
15.8,96,76.7,snow,86,96.0,True,flat,7.3,44.4,247.2,1540,31.39
-13.8,89,39.2,none,94,31.9,True,mountainous,5.5,98.5,561.6,2459,62.79
-29.0,78,44.9,none,34,97.1,True,flat,7.6,65.3,385.4,2050,65.0
23.5,94,33.3,none,65,68.8,False,hilly,3.2,74.4,378.1,2324,16.22
13.7,30,5.8,none,75,76.0,True,flat,8.8,70.1,485.5,1929,22.61
23.4,85,33.8,snow,30,110.8,True,hilly,5.5,84.3,438.8,1936,37.54
-27.3,72,63.3,none,47,82.4,True,flat,3.1,78.8,546.5,1668,65.0
28.6,88,64.4,none,27,128.7,False,hilly,0.4,60.6,388.5,1860,19.51
13.4,82,71.4,snow,73,109.7,True,hilly,0.1,71.2,490.3,1685,33.11
9.4,41,4.1,none,88,102.9,True,hilly,3.5,89.6,457.2,2413,27.6
13.7,80,42.2,none,89,88.9,True,flat,2.2,78.0,459.8,1828,26.83
30.5,34,8.6,none,70,71.2,True,hilly,0.5,97.3,671.7,1900,14.77
11.1,40,16.1,rain,41,35.3,True,flat,5.5,85.2,536.4,1634,17.73
10.7,20,72.0,none,69,31.8,True,mountainous,9.9,69.1,421.1,2492,40.18
39.3,94,39.7,rain,88,34.7,True,flat,4.2,88.4,560.9,2071,14.84
23.0,36,60.7,snow,66,125.9,True,hilly,5.5,66.5,357.4,2075,37.92
1.0,57,5.2,none,47,62.3,True,flat,2.2,52.8,342.7,1646,33.94
19.5,45,33.3,none,93,100.1,False,flat,2.0,77.8,431.8,2179,9.08
-2.8,96,53.9,rain,85,89.4,True,flat,3.3,61.2,340.7,2181,35.53
-14.0,40,10.7,none,89,87.2,True,flat,8.4,41.5,257.0,2404,52.03
11.8,80,26.1,snow,91,87.9,True,flat,9.6,52.8,266.5,1784,29.47
35.0,87,5.2,none,45,60.2,True,flat,7.4,50.0,255.5,2370,11.66
35.0,49,52.1,none,87,118.7,True,flat,0.2,87.7,441.2,1944,21.13
-6.1,44,77.7,none,61,121.9,True,flat,4.4,83.6,546.2,1725,44.75
6.9,77,66.2,none,13,94.5,False,flat,4.2,76.9,388.5,2161,17.06
-15.2,92,78.0,none,67,116.4,True,flat,9.4,96.1,498.7,1533,63.13
39.7,78,67.6,rain,52,36.0,True,hilly,7.5,50.7,314.9,2358,25.68
38.7,30,68.4,none,35,40.0,True,hilly,7.1,49.8,296.3,1565,21.65
15.5,90,46.2,rain,97,85.9,False,flat,5.6,94.5,541.9,1899,12.22
26.3,45,41.5,none,15,114.7,False,hilly,6.5,78.8,450.1,1643,19.29
20.1,62,32.5,none,95,61.5,False,hilly,7.0,73.5,493.6,1971,12.88
11.5,85,65.4,rain,24,84.8,True,flat,5.5,84.4,435.1,2457,23.08
-26.3,27,14.6,snow,44,31.0,True,hilly,8.4,56.9,389.9,1643,65.0
1.8,81,4.5,rain,48,128.7,True,hilly,0.4,75.7,414.2,1608,36.87
17.2,64,75.8,rain,76,106.7,False,flat,9.4,65.6,392.1,1698,20.17
17.4,90,0.3,none,29,66.1,False,flat,7.7,58.4,403.9,2438,9.55
-3.9,25,78.1,rain,99,128.3,True,flat,5.3,92.6,581.2,1781,49.52
35.9,48,58.3,none,77,39.2,True,flat,8.6,49.6,273.1,2107,18.82
-18.3,85,26.3,none,81,76.4,True,hilly,8.3,41.1,286.1,1789,65.0
5.0,12,55.8,none,20,35.9,True,hilly,4.2,61.5,408.0,2220,26.6
18.4,20,65.4,rain,53,63.5,True,flat,8.4,51.9,292.1,2131,27.83
18.8,99,19.6,none,95,51.9,False,flat,1.9,88.7,549.6,2460,3.62
15.4,35,61.7,none,34,61.7,False,flat,4.7,47.6,290.9,1829,7.65
-10.7,98,64.3,none,23,124.7,True,flat,2.3,96.2,599.9,1813,46.3
-19.1,26,19.9,none,54,72.7,True,flat,1.2,50.1,262.5,2279,58.48
14.5,42,3.4,rain,94,62.5,True,flat,8.9,93.4,587.3,1658,16.87
12.0,78,16.3,none,54,94.1,True,flat,3.7,50.1,272.0,2228,21.43
-17.4,69,16.1,none,46,98.3,True,flat,6.8,42.9,241.8,2272,55.66
19.4,62,5.2,none,69,128.4,True,flat,3.8,69.3,421.9,2358,24.84
1.9,58,58.1,none,94,84.6,True,hilly,5.4,61.4,333.1,2190,39.63
16.7,86,30.4,none,14,105.3,False,mountainous,3.5,75.9,514.7,1667,24.08
28.6,31,70.8,none,24,68.2,False,hilly,7.4,78.4,457.7,1836,16.75
-18.1,50,20.2,none,22,47.1,True,hilly,7.9,96.1,512.1,1556,60.29
-28.7,24,36.3,none,18,73.0,True,hilly,4.3,97.2,497.6,2253,65.0
24.5,64,51.1,rain,37,71.9,False,flat,8.6,69.7,457.4,2191,14.42
12.7,33,70.2,snow,31,72.1,True,flat,3.6,52.5,349.6,2015,31.97
19.0,40,42.0,none,59,99.5,False,flat,7.6,54.8,283.0,2479,13.17
28.7,52,29.9,none,39,70.6,False,flat,6.5,46.0,279.8,1820,12.14
26.2,12,69.4,rain,46,125.4,False,flat,4.6,56.8,358.2,2390,20.73
37.3,18,24.8,none,95,128.3,True,flat,8.9,94.7,645.4,1682,27.77
7.5,72,6.4,none,24,82.3,True,flat,5.7,61.9,315.4,2455,26.39
4.2,49,35.6,none,45,85.8,True,hilly,8.4,77.8,442.9,1789,42.47
-1.9,88,62.8,snow,33,70.8,True,flat,7.3,98.9,518.0,2306,44.49
-19.2,73,2.5,none,59,65.6,True,flat,5.3,46.4,271.8,1612,57.12
10.1,11,46.9,none,76,128.5,True,hilly,3.3,86.5,497.0,1909,30.6
-10.6,66,47.6,none,84,34.1,True,flat,9.5,82.0,507.5,2466,42.27
34.5,18,74.3,none,56,71.0,True,flat,0.6,89.1,566.1,1811,14.65
10.8,80,22.9,none,87,45.1,True,flat,8.9,48.2,334.2,2281,18.8
11.5,99,22.3,none,81,102.6,True,hilly,5.1,70.1,373.4,1984,33.77
-5.2,58,35.2,rain,24,49.4,True,flat,7.5,77.9,514.2,2105,37.12
-26.4,71,28.6,none,32,118.5,True,hilly,3.3,85.6,572.9,2099,65.0
-27.8,31,58.9,none,70,67.4,True,flat,3.8,82.8,507.3,2070,65.0
-0.4,49,51.3,none,98,121.7,True,flat,1.9,74.3,488.3,1983,33.56
-24.1,87,60.7,none,44,128.7,True,flat,9.5,68.2,388.4,1691,65.0
12.5,25,65.6,snow,31,107.1,True,flat,0.4,96.5,489.2,1512,26.55
31.7,34,73.8,none,88,92.3,True,hilly,3.9,50.9,269.9,2177,22.92
31.8,50,34.5,none,28,45.0,True,flat,3.3,52.3,278.8,2206,14.3
16.1,74,78.8,none,73,123.3,False,flat,8.1,46.7,315.0,2274,22.63
-15.2,44,17.3,none,13,107.7,True,flat,5.0,46.8,323.4,2431,51.05
30.4,93,57.1,snow,12,58.8,True,mountainous,1.7,92.4,536.5,1663,41.19
32.0,19,42.7,none,51,76.9,True,flat,5.1,76.4,482.2,2390,15.32
-16.2,43,65.4,none,69,36.8,True,hilly,2.4,96.1,538.8,1736,53.23
21.6,74,38.1,none,23,95.9,False,flat,0.2,93.2,549.1,2042,3.5
-9.9,30,62.7,rain,79,42.5,True,hilly,5.4,58.0,362.2,1759,54.15
26.2,69,74.4,none,22,95.2,False,hilly,3.6,78.5,526.8,1639,17.91
39.8,25,58.6,none,58,97.2,True,flat,2.4,62.8,367.4,1551,23.57
-27.9,15,62.1,none,38,62.5,True,mountainous,1.7,92.6,592.3,1844,65.0
32.8,21,5.4,snow,78,124.9,True,hilly,4.5,84.1,462.1,2471,36.8
13.6,94,16.4,none,82,107.9,True,mountainous,8.7,47.4,268.2,1973,44.85
38.1,60,77.9,none,16,79.7,True,hilly,7.6,55.2,300.2,1538,26.73
2.6,82,55.5,none,27,121.9,True,hilly,0.0,79.5,534.7,2175,35.35
29.3,40,44.9,none,90,115.6,False,hilly,7.3,54.8,286.8,1702,21.71
-25.6,63,29.4,none,47,99.2,False,flat,0.7,72.0,471.2,1558,64.29
-6.5,55,3.6,none,53,45.3,True,flat,5.5,54.7,342.3,2293,38.85
-25.3,95,29.5,none,25,79.7,True,flat,7.8,81.0,510.0,1946,65.0
38.3,77,39.9,none,100,116.4,True,flat,4.5,44.5,300.6,2477,18.1
27.2,76,16.9,none,93,90.9,False,mountainous,3.8,83.3,504.8,2215,21.17
29.7,14,13.9,none,10,84.6,False,flat,9.4,60.2,310.2,1789,10.49
35.7,59,40.7,none,60,125.5,True,flat,0.3,67.2,461.2,2481,24.47
-24.0,52,46.9,rain,89,31.7,True,flat,1.1,69.0,391.6,2371,65.0
-3.0,94,19.2,none,49,31.2,True,hilly,8.7,51.7,261.4,1816,37.7
-25.0,33,47.0,none,49,119.3,True,hilly,8.9,96.5,585.6,1791,65.0
-15.2,34,72.0,rain,44,33.9,False,hilly,3.7,40.0,228.7,2002,44.57
-13.9,47,37.9,none,13,63.3,True,hilly,5.4,62.4,425.5,2042,50.82
2.8,32,68.6,none,81,122.4,False,flat,1.6,47.7,287.3,2079,26.09
-11.2,22,74.2,none,51,99.1,True,mountainous,8.8,61.6,314.6,1718,65.0
-22.9,87,7.4,none,58,94.8,False,flat,4.7,46.2,253.2,1555,63.17
-18.3,60,7.7,none,33,95.7,True,flat,5.6,62.7,341.6,2042,53.13
-19.7,88,38.1,none,81,61.8,True,hilly,1.2,51.6,337.1,2106,58.21
38.1,85,47.0,none,81,83.1,True,flat,6.1,73.2,375.8,2458,23.18
23.2,35,34.1,rain,60,93.0,False,hilly,7.0,40.7,230.1,2044,15.98
37.7,59,26.1,none,91,60.6,True,flat,2.9,70.4,446.2,1656,16.84
0.8,17,51.3,rain,20,109.5,True,flat,9.0,57.0,354.7,1807,39.62
-10.5,92,0.2,snow,81,62.2,True,flat,2.0,59.3,373.2,1552,50.48
25.9,46,77.4,none,60,37.1,False,hilly,9.0,61.3,375.0,1515,14.03
-7.2,45,18.6,rain,31,50.1,True,flat,7.0,79.2,423.6,1978,46.0
-9.0,37,73.4,none,22,70.8,True,flat,8.3,85.5,542.6,2162,40.82
-13.7,51,8.7,none,37,120.8,True,hilly,7.0,59.8,412.6,2451,59.2
-20.9,33,19.0,snow,87,71.6,False,hilly,4.3,95.5,485.3,2134,62.53
-12.0,44,18.8,none,81,39.0,True,flat,3.3,84.8,485.2,1681,41.09
-5.1,82,79.7,none,68,49.6,False,flat,7.3,64.2,358.6,2407,29.52
17.2,85,0.4,none,18,84.4,False,hilly,3.0,45.9,242.9,2380,11.13
-25.6,37,51.2,none,96,47.8,True,flat,0.6,73.6,407.0,1908,65.0
-15.3,52,69.6,none,37,36.4,True,mountainous,2.5,76.8,388.0,2022,65.0
26.6,89,53.8,none,65,101.5,False,flat,7.6,48.2,302.8,1999,16.31
-19.7,15,29.0,none,82,108.4,True,flat,7.9,91.1,567.2,1940,65.0
-6.0,90,76.7,none,22,115.1,True,flat,2.8,62.9,377.7,1830,47.28
30.5,30,71.5,none,69,114.4,True,flat,3.3,49.1,276.6,2487,23.6
-19.2,71,34.7,none,13,67.9,True,hilly,5.5,71.3,495.4,2408,59.52
-24.2,62,45.9,none,19,103.4,True,hilly,2.6,65.3,407.5,1833,65.0
3.9,60,77.4,none,75,88.4,True,flat,6.1,78.5,532.0,2114,36.58
-8.8,87,78.6,none,24,32.3,True,mountainous,2.8,50.4,282.6,1585,51.22
9.4,19,36.0,rain,50,70.2,True,hilly,1.2,41.2,268.5,2245,22.87
26.3,41,67.8,none,32,35.3,False,flat,1.5,68.6,343.7,2344,7.59
-20.4,58,24.2,none,48,38.3,True,flat,2.5,49.4,314.1,1967,52.46
10.6,83,29.7,rain,17,35.6,True,flat,1.7,49.4,320.8,1576,20.03
5.4,29,13.2,none,78,126.1,True,hilly,9.7,80.7,446.9,2082,38.78
-19.9,82,16.7,none,17,114.4,True,hilly,6.6,55.5,388.5,1555,65.0
13.7,46,52.5,none,85,73.9,True,flat,1.8,90.4,542.1,2316,14.8
-10.8,27,40.9,none,70,54.8,True,hilly,4.2,70.9,406.8,2085,51.0
4.1,78,18.5,none,47,37.2,False,mountainous,2.7,76.5,410.7,2371,27.31
-24.2,18,32.2,snow,88,73.1,True,hilly,6.8,59.3,314.7,1879,65.0
2.2,56,29.9,none,27,90.0,True,hilly,8.7,53.4,289.2,1750,31.81
-8.5,16,79.0,none,34,109.7,True,flat,4.0,49.5,300.8,2439,49.06
27.6,42,68.3,rain,22,35.2,False,flat,4.3,82.4,500.6,2401,11.32
-26.0,64,31.0,none,44,71.8,True,mountainous,4.0,81.3,493.0,1566,65.0
-0.7,60,73.1,none,99,127.7,True,hilly,4.5,69.6,467.4,2363,46.32
2.1,46,27.4,none,24,42.1,True,hilly,0.4,86.9,434.7,2428,24.04
20.8,49,53.4,none,85,70.0,False,flat,5.9,88.2,487.8,1953,5.91
10.2,30,77.3,rain,69,57.5,True,hilly,9.5,66.5,450.5,2393,28.72
16.7,51,31.2,none,11,43.4,False,hilly,7.9,79.1,411.1,1947,15.35
24.4,96,54.4,rain,95,113.9,False,flat,8.6,94.7,510.5,1557,15.07
30.4,87,23.7,none,97,99.7,True,hilly,2.3,44.9,253.8,2046,23.17
-8.0,23,21.3,rain,93,71.2,False,mountainous,6.1,40.7,269.8,2436,47.07
7.7,13,45.9,none,55,66.9,True,flat,8.9,68.4,421.9,2034,27.43
28.8,94,78.3,rain,30,112.8,False,flat,0.7,59.9,366.1,1639,12.64
39.3,57,36.3,none,45,39.1,True,hilly,8.8,45.2,309.8,1940,25.49
32.3,58,75.0,rain,65,44.7,True,flat,0.6,49.0,292.7,1606,16.19
-4.0,80,73.1,none,44,120.7,True,mountainous,9.8,55.4,382.3,2085,58.4
-16.3,38,20.3,none,74,111.7,True,flat,0.8,46.0,242.1,2125,50.9
4.3,53,32.1,none,82,107.5,True,hilly,3.7,59.1,343.0,2164,33.56
21.9,97,51.5,none,29,92.4,False,hilly,0.5,48.0,318.7,1553,9.78
4.5,70,41.4,none,46,59.2,False,hilly,0.6,77.5,410.7,2348,15.54
3.8,24,7.7,none,96,123.5,True,hilly,8.7,81.8,437.7,2417,44.35
28.7,22,79.5,none,32,79.2,False,flat,0.6,86.5,498.7,1787,6.61
-4.7,28,60.2,rain,41,58.1,False,flat,7.9,92.2,632.1,2283,31.82
30.2,79,35.0,none,13,66.6,True,hilly,9.1,40.2,215.6,1983,26.05
-1.5,37,49.5,none,40,31.7,True,hilly,9.4,50.6,349.6,2031,39.41
-7.0,12,7.0,none,43,55.5,True,flat,8.6,88.9,563.8,1743,37.47
1.8,95,39.6,none,19,48.8,False,hilly,9.6,41.8,248.6,2395,24.27
23.4,25,74.5,snow,10,43.6,False,flat,0.5,79.9,402.5,2458,18.2
-21.2,11,71.7,none,62,33.2,False,flat,10.0,50.8,307.6,2155,52.96
-16.3,31,27.0,none,37,52.7,True,flat,0.2,70.4,410.4,1652,48.58
36.6,31,42.5,none,12,40.4,False,flat,1.7,97.7,643.3,2035,1.49
-17.7,48,55.8,none,87,34.5,True,flat,0.8,78.9,482.9,1802,47.86
9.7,93,27.2,none,63,43.7,True,hilly,7.4,62.1,431.4,1951,23.94
10.6,89,5.2,none,25,50.2,True,hilly,0.9,81.3,424.9,2175,15.48
4.3,51,40.4,none,88,71.6,True,flat,2.9,40.3,275.5,1571,29.01
15.1,47,48.1,none,33,88.4,False,flat,6.4,97.0,558.8,1703,12.7
-13.9,60,0.5,none,30,62.2,True,flat,5.0,60.7,364.9,2250,50.13
8.7,32,7.6,none,91,44.1,True,flat,1.4,98.8,662.6,1538,16.48
-3.9,15,16.6,none,26,124.0,True,hilly,5.2,80.6,513.3,2102,44.77
16.3,95,27.8,snow,89,81.5,True,mountainous,3.4,57.2,394.5,1767,37.58
-20.1,27,43.3,snow,82,104.2,True,hilly,5.9,76.9,536.1,2402,65.0
10.0,28,23.5,rain,38,99.4,True,flat,5.4,62.8,394.7,2333,24.36
-17.0,53,22.1,rain,13,58.5,True,hilly,9.9,78.6,480.8,2419,61.76
-10.5,54,69.5,none,17,86.0,False,flat,8.6,87.4,481.4,1594,38.86
-14.7,12,11.6,none,20,90.2,True,flat,0.0,68.2,378.8,2495,42.83
-17.2,23,39.6,none,90,65.2,True,hilly,1.8,53.3,293.7,1643,54.6
27.8,44,76.2,none,46,97.1,False,flat,9.1,98.9,649.6,2370,15.81
-10.0,72,50.0,rain,13,109.1,True,flat,5.4,64.8,403.5,1876,57.35
34.9,31,57.4,none,60,66.4,True,flat,7.6,50.6,327.4,2455,18.3
37.9,48,34.5,none,29,31.5,True,flat,5.0,84.4,559.5,1501,20.06
10.0,60,1.6,none,31,64.9,False,flat,7.9,79.3,538.3,2189,13.5
-20.0,90,51.7,none,24,41.7,True,hilly,1.3,89.0,471.1,2496,62.87
-3.8,39,50.6,none,79,45.6,True,flat,7.4,40.1,270.7,2194,33.94
25.8,22,8.8,none,10,66.6,False,flat,8.7,60.8,382.8,2207,5.65
-4.3,54,37.0,snow,50,50.8,True,mountainous,2.7,58.9,402.4,2167,56.64
-23.9,77,73.2,none,18,123.5,True,mountainous,3.7,95.4,654.4,2479,65.0
9.0,20,16.4,none,60,95.3,False,hilly,5.9,61.0,356.9,2218,23.87
29.2,48,36.9,none,41,81.8,False,flat,8.7,71.6,460.5,1997,10.85
25.7,12,36.9,none,13,31.0,False,hilly,9.1,40.2,267.5,1748,15.26
-17.7,13,64.9,none,51,40.4,True,hilly,5.3,88.5,488.0,2277,55.95
17.1,53,66.0,none,61,108.8,False,flat,6.6,46.8,279.7,1661,16.47
-14.6,37,60.7,none,32,69.0,True,flat,8.7,92.9,512.9,1562,49.59
-14.7,86,29.2,none,79,34.5,True,hilly,2.3,84.1,435.4,2263,54.48
31.2,64,5.8,none,43,112.6,True,hilly,8.3,73.4,469.4,1869,26.27
-12.5,51,28.0,none,77,60.3,True,mountainous,2.6,84.9,521.9,1712,56.56
-11.6,47,54.4,rain,62,68.6,False,hilly,5.8,87.6,507.9,2267,45.29
-30.0,55,56.2,none,88,127.4,True,hilly,9.3,85.1,461.7,2368,65.0
30.9,14,77.2,none,59,31.6,True,flat,5.1,79.7,428.5,1605,17.98
25.5,90,36.3,rain,27,102.1,False,flat,0.9,92.8,516.1,1915,11.79
13.9,100,50.6,none,84,124.9,True,flat,9.0,65.4,455.3,1524,25.51
22.5,26,43.1,none,80,36.4,False,flat,5.8,74.0,512.3,2328,5.73
-19.4,21,12.0,none,98,116.6,False,hilly,0.7,98.2,656.7,1508,49.22
2.1,23,36.9,rain,18,71.6,True,flat,0.1,62.3,320.2,1891,28.57
-5.4,69,43.6,rain,63,117.8,False,hilly,2.6,85.1,566.8,2403,38.39
-23.4,70,76.1,none,54,60.8,True,hilly,1.2,63.5,413.5,2083,65.0
4.0,86,29.3,none,70,128.3,True,flat,6.3,68.2,469.1,2303,32.54
34.5,78,78.4,none,98,94.7,True,flat,6.0,60.1,356.8,1635,19.31
-27.2,50,43.4,snow,58,92.7,True,flat,8.4,49.2,296.6,1615,65.0
-9.6,65,19.4,none,72,110.6,True,flat,5.1,98.3,603.3,1854,50.28
-15.5,72,15.3,rain,41,73.7,True,flat,2.5,66.8,407.2,2173,52.39
-13.3,56,11.3,none,37,55.9,True,flat,0.5,56.8,319.4,1663,48.25
33.6,53,36.2,none,40,56.3,True,hilly,0.1,78.8,419.3,1566,19.57
2.8,68,1.8,none,13,63.1,True,flat,9.3,46.7,299.7,2476,27.95
2.6,60,35.6,rain,36,91.7,True,flat,1.4,72.6,495.5,1791,32.1
23.2,68,79.1,none,26,113.8,True,mountainous,5.0,74.4,471.5,2124,32.14
-19.2,65,53.6,none,51,80.0,True,flat,7.9,51.8,344.6,2160,62.4
4.1,75,60.8,none,51,70.3,True,flat,9.3,97.6,589.6,1539,35.38
0.1,68,9.5,none,79,109.4,True,hilly,2.0,75.7,454.9,2066,34.29
11.8,57,37.8,rain,55,59.0,True,flat,2.3,53.4,371.9,1700,19.48
40.0,71,22.9,none,52,98.9,False,flat,1.8,90.0,629.1,1590,10.4
23.9,50,71.5,none,31,40.6,True,hilly,1.6,58.4,363.2,1897,24.34
-2.1,32,14.5,none,87,41.3,False,flat,4.5,83.8,481.1,2293,21.65
27.9,10,36.7,none,18,94.4,False,mountainous,6.4,77.7,446.4,2469,23.74
-18.1,60,47.0,rain,98,38.3,True,flat,7.1,49.6,314.5,1995,59.26
-27.9,63,41.1,none,53,45.5,True,hilly,3.3,45.7,248.8,2387,65.0
-15.7,97,66.4,rain,27,92.4,True,hilly,6.2,76.5,532.1,2445,65.0
-6.2,43,18.5,none,42,73.8,True,flat,0.0,80.1,514.7,1943,32.99
5.7,45,30.2,none,11,86.1,False,hilly,8.9,47.9,254.7,1645,27.45
13.1,28,63.4,none,25,127.7,True,mountainous,8.7,50.4,288.5,1810,43.3
33.7,16,42.2,snow,40,93.2,True,hilly,5.4,43.0,234.3,1888,36.25
5.7,80,32.2,none,60,89.1,False,hilly,2.4,48.1,248.6,1955,18.68
5.1,32,2.4,none,22,68.0,True,flat,9.7,75.3,473.5,2145,30.35
-26.5,65,60.3,rain,71,93.1,True,flat,8.1,52.0,271.1,2145,65.0
-27.6,72,77.8,snow,86,31.3,True,flat,0.2,57.3,332.0,2043,65.0
8.6,52,49.6,none,62,85.7,True,hilly,4.7,73.3,464.7,1728,34.94
0.7,89,68.5,none,37,36.9,True,flat,1.0,64.8,345.2,1863,23.03
28.7,50,41.4,none,21,52.0,False,hilly,1.3,90.7,614.0,1913,7.96
-18.8,36,18.5,none,11,86.3,True,flat,0.0,74.3,398.8,2164,60.57
-28.3,91,1.2,none,76,96.8,True,flat,6.9,47.9,298.1,1641,65.0
1.4,88,52.3,snow,67,68.5,True,flat,2.5,63.1,431.8,1742,40.76
-13.4,25,39.4,none,53,71.9,True,flat,3.0,55.5,288.2,1784,46.92
-26.5,12,62.6,none,19,79.8,True,flat,0.5,55.5,289.4,2018,65.0
20.7,18,55.6,rain,29,105.9,False,flat,0.1,55.4,290.9,2257,12.74
-22.2,36,79.0,none,83,31.8,True,flat,7.9,65.1,372.1,2344,65.0
12.6,98,40.8,none,53,74.7,True,flat,6.6,47.9,304.0,2242,18.26
-10.3,60,34.2,rain,97,31.4,True,flat,3.8,55.1,335.1,2248,41.02
-17.9,44,22.9,snow,100,61.9,False,flat,0.7,82.1,459.4,1741,47.43
-3.4,90,38.1,none,82,82.0,True,hilly,7.8,89.6,559.0,2385,46.1
26.1,51,69.8,none,33,38.0,False,flat,9.3,40.8,240.6,1553,12.5
-2.6,38,3.4,none,31,78.5,True,flat,5.3,45.0,256.8,2040,35.56
22.6,95,78.2,none,33,122.5,False,flat,1.4,91.3,526.4,1588,12.64
-21.2,86,79.5,none,99,98.5,False,flat,6.5,52.9,302.4,2101,56.32
24.1,86,47.8,none,40,108.2,False,flat,0.7,58.7,353.8,1547,8.22
-13.4,56,26.5,rain,74,88.0,True,hilly,1.7,60.2,346.9,2141,59.08
17.4,81,17.8,rain,96,119.6,False,flat,4.7,92.0,518.5,1534,14.02
9.6,26,22.1,rain,84,44.7,True,flat,2.5,49.8,280.8,1665,19.86
35.0,62,4.0,none,64,75.0,True,flat,9.3,88.8,482.6,2253,25.06
-2.9,99,38.0,none,25,89.7,True,flat,8.1,68.1,368.9,1803,32.19
-25.4,36,4.6,rain,26,117.3,True,flat,2.8,87.0,484.7,2384,65.0
-28.7,81,57.5,rain,54,60.8,True,flat,9.6,81.3,564.5,1598,65.0
27.9,54,29.8,rain,96,30.1,False,flat,3.8,83.9,453.9,2031,3.46
6.7,14,15.9,snow,91,127.4,True,flat,5.7,46.8,275.8,2426,36.39
24.3,79,43.6,rain,25,32.6,False,flat,5.6,58.5,399.0,1913,12.05
-13.6,25,77.9,none,36,45.2,True,hilly,6.5,53.6,269.4,1828,53.64
-5.8,67,55.6,none,63,72.2,True,mountainous,2.4,47.6,295.3,2466,48.14
-27.9,18,39.3,none,53,79.6,True,flat,9.2,78.4,528.1,1924,65.0
37.3,95,62.2,none,21,113.4,True,flat,2.7,81.7,435.9,2199,20.33
16.8,36,59.0,none,43,74.8,False,flat,6.6,48.5,321.3,2420,9.85
35.3,30,71.3,rain,96,84.7,False,flat,7.7,86.1,541.8,1511,12.13
-11.4,22,16.4,none,96,50.0,True,hilly,8.8,57.2,380.0,2069,54.35
12.8,95,68.7,rain,60,86.9,True,flat,4.6,62.6,321.9,2213,19.94
17.5,74,24.1,none,67,64.8,False,hilly,7.1,99.6,512.1,1919,11.2
-7.8,77,75.3,none,30,39.9,True,flat,0.9,51.5,272.3,2173,30.64
29.4,55,22.5,rain,77,124.6,False,flat,7.8,47.1,327.6,2306,18.16
36.3,53,74.1,none,15,38.2,True,hilly,7.6,56.1,379.2,1816,20.69
31.9,20,77.1,none,30,97.8,True,flat,4.1,95.9,589.3,1823,18.95
21.7,60,11.6,none,11,120.8,False,flat,3.1,47.2,285.9,1588,14.15
-10.6,32,78.0,rain,45,47.9,True,mountainous,3.8,77.0,424.0,2455,55.62
-10.3,98,6.9,rain,87,53.7,True,hilly,0.9,87.6,475.0,1533,48.5
37.4,82,17.5,snow,98,72.7,True,hilly,6.4,95.3,521.4,1971,33.31
-29.3,47,35.5,rain,70,59.5,True,flat,9.1,68.7,443.7,2033,65.0
20.1,24,79.5,rain,77,105.9,False,flat,6.7,67.5,422.9,1641,15.41
19.4,81,39.1,none,34,63.8,False,flat,5.8,89.7,538.3,1990,7.49
13.6,21,44.0,none,57,128.6,True,hilly,9.9,51.8,345.0,1795,30.39
39.3,27,55.6,none,76,115.9,True,flat,5.4,67.7,346.7,2303,22.98
-8.2,29,77.5,none,55,119.5,True,flat,3.5,78.3,397.0,2323,46.62
-6.2,60,62.7,rain,18,36.4,True,hilly,7.0,82.0,544.6,1933,51.53
-24.5,81,17.9,none,77,47.6,True,hilly,5.2,46.7,272.4,1934,65.0
1.0,38,24.2,none,30,46.9,True,mountainous,9.7,92.0,582.6,1576,50.56
-11.7,18,7.8,none,19,97.2,True,flat,9.0,89.1,517.5,1857,48.79
-6.0,52,51.6,none,53,31.2,False,flat,9.5,59.0,346.9,1906,28.98
28.4,77,14.5,none,17,110.6,False,mountainous,0.0,68.6,346.0,1947,24.16
35.5,30,20.6,none,67,84.7,True,hilly,3.3,63.0,382.1,1953,28.25
-17.0,30,71.0,rain,68,86.6,True,flat,6.3,98.9,501.3,1592,65.0
-3.9,95,26.1,none,33,83.7,True,flat,3.1,75.0,427.9,1663,33.08
35.0,96,45.3,snow,97,83.5,True,flat,6.6,56.2,296.5,1934,19.3
-25.7,99,31.8,none,84,49.8,True,flat,7.1,84.8,460.7,1878,65.0
-23.5,83,5.9,none,20,58.3,True,flat,6.2,89.3,608.6,1642,65.0
-18.6,27,29.0,none,77,78.8,True,flat,4.6,83.6,579.8,2149,63.28
11.7,29,32.6,none,42,97.8,True,flat,7.0,45.0,228.0,1618,24.91
-19.5,41,71.7,none,78,57.2,True,flat,7.8,57.3,391.0,1505,65.0
37.8,39,26.0,none,82,110.6,True,flat,7.0,61.7,413.8,2113,24.72
1.3,96,30.3,none,24,111.1,True,flat,8.1,53.0,319.8,1583,33.85
5.1,81,62.6,rain,70,57.4,True,hilly,9.5,68.9,411.0,1560,35.68
-12.7,75,60.7,none,88,86.0,True,flat,1.0,59.2,341.6,1586,45.89
3.0,27,63.9,none,39,64.9,True,hilly,9.1,42.2,266.1,2436,33.56
16.3,92,76.3,none,17,49.1,False,hilly,2.7,79.1,424.5,1605,11.4
22.6,85,63.6,none,12,110.6,False,flat,5.6,66.2,340.6,2339,12.3
22.8,25,32.6,none,20,129.1,False,flat,9.4,41.7,290.1,2277,17.93
10.5,88,65.7,rain,10,86.6,True,flat,6.2,96.0,637.5,2341,31.02
33.3,35,40.7,none,39,121.4,False,flat,0.8,79.1,455.4,2105,11.56
27.2,17,22.2,snow,37,94.2,False,flat,5.0,44.4,228.0,1655,21.13
23.0,69,24.2,none,20,86.6,False,flat,8.9,93.4,645.6,2271,13.76
-26.1,69,17.9,none,69,78.0,True,flat,4.1,65.3,333.0,2065,65.0
-29.5,19,11.6,snow,99,53.6,True,hilly,8.5,54.4,272.2,2068,65.0
-15.1,39,14.8,none,91,38.4,True,flat,7.9,42.8,238.5,2109,46.3
16.4,99,5.1,rain,33,74.2,False,hilly,9.1,84.7,549.7,1648,19.94
-1.2,71,71.1,none,79,86.1,True,flat,2.6,98.2,656.7,1791,35.96
-1.8,76,74.5,none,94,80.9,True,hilly,5.0,51.1,315.4,2493,42.1
31.9,29,46.9,none,92,99.6,True,flat,3.4,65.0,384.9,2373,21.19
32.7,17,67.2,rain,90,49.2,True,flat,5.3,54.3,272.9,1859,21.71
33.6,35,14.7,none,81,65.4,True,flat,0.2,74.3,423.5,2487,10.04
-8.0,32,72.1,none,36,71.6,True,flat,2.4,92.3,476.9,1570,35.88
18.4,31,40.5,snow,18,48.7,False,flat,9.7,47.8,260.2,1849,20.11
-11.0,27,5.4,none,54,120.6,True,flat,6.0,57.9,297.4,2055,46.45
-16.7,62,11.3,none,15,98.2,False,flat,1.7,49.9,338.9,2121,39.91
-17.1,40,24.7,snow,100,39.2,True,hilly,5.1,53.7,344.7,2305,65.0
-6.1,84,3.5,none,42,101.3,True,flat,7.0,47.8,282.4,2237,45.56
0.1,27,24.7,none,96,84.8,True,hilly,6.0,78.1,535.8,2188,32.22
28.2,52,4.8,rain,80,82.4,False,flat,5.0,42.6,230.8,2474,9.25
-21.6,11,18.9,none,47,129.0,True,flat,6.7,83.7,578.4,2098,65.0
21.4,53,21.3,none,21,91.8,False,flat,1.7,48.5,249.8,1507,5.28
7.2,15,79.5,none,31,119.7,True,flat,4.4,56.0,369.6,2117,28.91
-9.8,98,18.8,rain,71,121.4,True,hilly,7.5,60.7,343.5,2259,57.12
4.5,81,19.1,none,85,40.1,True,flat,5.8,62.9,330.9,2418,28.49
-9.0,54,54.9,none,98,30.8,False,flat,9.1,50.4,318.5,1892,32.97
11.7,18,68.7,none,22,73.5,False,hilly,4.4,69.3,434.7,1552,19.19
0.4,63,31.0,none,24,106.9,True,mountainous,1.3,93.7,643.5,1627,49.02
-18.5,78,70.0,none,14,112.4,True,flat,0.5,67.5,374.9,2408,57.69
-21.8,27,27.2,none,33,108.7,True,hilly,4.8,41.7,272.2,2451,65.0
8.3,61,15.8,none,84,74.7,True,flat,4.4,61.8,422.9,1733,19.41
33.2,83,26.4,none,28,105.0,True,flat,2.6,64.2,379.5,2176,18.42
-5.9,79,48.7,none,59,101.9,False,hilly,5.9,57.0,332.5,1973,38.67
21.3,82,29.4,none,50,61.4,False,hilly,2.5,57.8,331.4,2104,9.21
16.1,89,53.8,none,39,46.9,False,hilly,2.2,51.9,361.9,1550,9.06
35.2,94,19.0,none,66,92.1,True,flat,6.2,97.4,605.5,2464,27.87
27.5,46,56.1,none,55,97.7,False,flat,9.4,71.8,491.2,1972,14.12
9.7,61,27.8,none,40,86.8,True,hilly,2.0,72.2,425.9,2273,22.65
16.0,81,36.5,none,72,51.3,False,flat,1.8,65.5,443.3,2017,4.29
32.9,73,44.6,none,35,57.7,True,hilly,5.2,77.0,456.3,2357,18.06
-2.0,100,54.9,snow,68,100.8,True,flat,1.2,65.4,347.6,2133,40.54
-7.1,11,19.1,none,96,126.3,True,flat,2.9,81.3,504.1,1821,46.49
-29.2,42,66.9,none,76,124.5,False,flat,9.9,45.3,305.2,1999,65.0
27.9,35,57.7,rain,48,82.0,False,hilly,8.4,41.8,211.8,2291,16.18
26.1,34,18.7,none,77,118.7,False,flat,7.1,73.7,410.6,1768,11.8
-22.7,30,78.0,rain,83,32.9,True,flat,0.3,84.0,579.3,2287,61.62
10.4,74,53.2,snow,39,116.1,True,flat,2.7,80.1,444.0,2209,29.75
2.5,18,36.2,none,73,77.6,True,flat,5.7,63.9,370.5,1508,32.02
-21.7,77,12.6,rain,49,108.2,True,hilly,7.1,40.2,227.3,2367,65.0
38.6,72,42.7,none,84,30.6,True,hilly,6.7,47.2,260.9,2021,27.73
-15.0,33,13.2,none,37,116.9,True,hilly,1.9,63.5,367.4,2428,61.04
-25.3,33,34.4,none,94,89.5,True,flat,4.7,79.9,535.4,1511,65.0
11.6,67,32.7,none,62,54.0,True,flat,2.0,58.7,332.4,2362,18.11
21.7,79,57.6,none,42,64.7,False,hilly,9.2,71.9,460.6,2270,18.9
-27.7,89,15.4,none,48,50.1,True,hilly,5.6,50.5,277.5,2161,65.0
16.1,87,65.7,rain,41,72.4,False,mountainous,3.9,50.2,269.0,2098,28.92
7.3,97,26.1,none,23,63.0,True,flat,9.2,84.6,559.3,2099,32.66
-22.8,62,35.5,none,16,83.5,True,flat,9.0,66.3,348.5,2339,65.0
-17.9,92,61.8,none,39,111.5,True,hilly,5.0,96.9,634.7,2494,65.0
9.8,83,50.0,none,51,128.2,True,mountainous,6.9,52.7,330.4,1962,46.02
-9.3,91,24.6,none,43,55.1,True,mountainous,3.2,66.9,406.0,2066,49.33
35.7,11,30.9,rain,11,40.7,True,hilly,3.1,51.3,303.7,1682,23.38
27.3,97,24.5,none,62,69.6,False,flat,5.5,55.4,336.1,1892,7.57
38.8,53,47.6,none,23,44.4,True,flat,8.5,78.4,411.7,1669,21.15
-11.8,82,26.6,none,29,113.4,False,hilly,6.0,94.6,519.5,1510,43.13
37.9,21,58.1,none,21,80.1,True,flat,4.6,47.7,240.3,2224,16.64
0.2,46,46.4,none,57,92.0,True,mountainous,6.6,47.8,305.7,1806,47.49
-5.7,34,11.7,none,19,45.1,True,flat,8.1,97.1,640.7,2370,38.41
-26.5,36,24.8,none,33,105.0,True,flat,7.9,84.2,537.0,1991,65.0
-26.3,21,17.7,none,51,127.4,False,flat,3.7,58.8,377.1,2304,65.0
18.4,83,31.2,rain,25,78.2,False,flat,9.4,64.4,433.3,1924,12.93
2.1,11,41.3,rain,50,126.2,True,hilly,0.2,87.3,559.3,2333,44.06
-14.1,38,40.5,none,41,33.5,True,hilly,4.5,81.9,467.1,2356,55.43
13.0,26,60.4,rain,87,33.6,True,flat,9.1,76.6,419.5,1967,32.97
-12.3,63,15.1,rain,82,126.0,True,hilly,7.0,91.9,534.8,2433,57.1
10.4,33,75.7,none,99,100.0,True,flat,7.0,58.7,348.1,1795,25.24
-4.9,33,27.4,none,58,48.9,False,flat,1.6,52.7,292.1,1874,20.46
27.6,54,24.0,none,62,66.4,False,flat,5.8,64.6,360.9,1977,7.41
27.4,69,54.8,none,95,80.8,False,hilly,9.7,40.4,259.7,2248,17.45
3.4,21,64.4,none,46,100.3,True,mountainous,2.1,70.4,381.4,1899,43.95
-5.4,26,30.3,none,60,114.2,True,flat,3.3,61.9,404.6,1584,42.49
-4.6,32,59.7,none,44,38.3,True,flat,3.9,47.9,264.2,1502,37.0
26.4,98,70.7,none,59,95.7,False,mountainous,3.6,92.5,537.9,2373,26.57
-7.0,46,61.3,none,17,77.7,True,flat,6.3,51.7,286.8,2140,39.55
-15.4,64,2.7,none,81,89.8,True,flat,2.3,82.4,547.1,1670,52.43
-24.1,32,66.2,none,99,80.9,True,hilly,5.1,82.3,476.6,2402,65.0
2.7,54,62.0,none,16,75.1,True,flat,4.0,42.6,296.1,2222,28.21
3.7,17,53.5,none,82,50.6,False,flat,6.4,65.7,407.2,2265,20.67
28.9,13,60.8,rain,32,77.2,False,flat,2.4,68.6,345.2,1949,11.12
-14.5,52,78.4,none,28,49.0,True,hilly,5.5,89.1,590.4,2253,50.42
-3.3,46,34.5,none,72,34.5,True,hilly,7.4,77.5,494.1,2106,43.92
26.6,22,5.4,none,14,67.4,True,flat,6.9,43.8,241.4,2235,14.51
27.7,72,36.9,none,52,32.5,False,flat,8.3,66.9,370.6,1838,8.22
-3.1,99,3.7,none,10,86.3,True,mountainous,9.6,58.1,347.4,2035,52.69
2.1,46,23.5,none,60,37.2,False,flat,8.5,50.3,318.3,1536,20.57
-8.8,66,47.0,none,52,73.8,True,flat,9.4,56.6,384.6,1662,47.05
35.3,97,24.8,none,92,128.0,False,flat,0.2,90.4,482.1,2356,9.5
-21.7,85,54.8,none,75,31.0,True,hilly,6.3,77.2,411.8,2156,65.0
35.4,52,65.8,none,21,66.7,True,hilly,2.7,66.1,422.8,2328,24.33
17.9,76,33.6,rain,42,97.3,True,flat,8.1,83.2,469.1,2061,25.31
7.2,22,72.0,none,94,45.9,True,flat,8.2,98.1,535.0,1932,31.1
-27.7,56,6.4,none,75,86.1,True,hilly,0.5,95.6,609.6,2315,65.0
3.3,35,67.2,rain,63,55.8,True,flat,6.0,45.8,234.6,1547,31.49
-1.5,25,66.3,rain,60,52.3,True,flat,8.5,59.9,363.4,2187,38.43
-18.7,48,25.8,none,46,119.5,True,hilly,5.9,58.8,369.3,2109,60.69
15.9,22,23.9,none,63,50.3,False,flat,4.3,73.2,422.5,1536,6.91
38.0,73,24.4,none,79,67.7,True,hilly,0.8,45.4,238.5,1836,24.94
9.4,51,64.9,none,21,47.0,True,flat,7.3,95.3,541.8,2018,22.52
20.0,58,66.5,none,97,58.4,False,flat,0.7,87.0,509.8,1532,6.61
-25.2,23,26.4,snow,32,59.3,True,flat,6.0,47.4,252.1,1808,65.0
-0.8,23,47.4,none,50,62.7,True,hilly,9.2,55.3,330.3,1515,40.42
-21.9,63,11.1,snow,12,94.1,True,hilly,4.2,48.6,275.8,1772,65.0
12.9,99,37.5,none,60,104.3,True,hilly,7.7,68.7,466.9,2477,29.86
35.7,19,79.9,rain,44,81.1,True,flat,8.0,93.4,479.0,1954,24.35
16.3,36,12.7,none,32,91.0,False,hilly,0.1,78.7,498.8,2450,10.41
-24.6,88,75.8,none,99,111.3,True,flat,9.1,76.3,491.9,2304,65.0
-5.2,17,65.9,rain,49,130.0,False,hilly,1.9,44.5,276.5,1762,39.93
8.5,89,77.8,none,47,75.7,True,flat,2.8,94.4,570.4,2437,26.76
-1.8,57,14.4,none,52,123.6,True,flat,8.7,56.8,297.3,1800,39.81
28.4,47,17.1,none,20,79.0,False,flat,6.9,94.0,584.4,1845,8.5
27.0,38,1.3,none,45,108.2,False,flat,3.7,67.2,412.4,1803,11.13
12.8,37,58.0,none,40,87.3,True,flat,0.9,71.7,489.6,1942,13.71
-3.9,38,51.5,none,52,118.4,True,flat,3.9,76.3,514.6,1574,38.3
-12.1,90,14.2,rain,87,74.9,True,flat,9.7,57.3,288.9,2316,52.65
-22.6,75,63.3,none,27,99.6,True,flat,1.0,90.1,628.2,1582,65.0
-5.2,70,23.9,none,65,76.6,True,flat,8.5,97.5,597.8,1979,43.9
-1.1,82,10.8,none,13,115.7,True,flat,3.3,57.0,389.5,1569,33.17
17.3,33,33.8,rain,39,129.4,False,flat,6.5,40.0,212.0,2155,19.06
16.1,66,7.3,none,53,54.3,False,hilly,6.3,71.5,457.3,1950,14.37
-25.1,51,21.1,none,17,77.4,False,mountainous,3.3,75.6,447.1,1501,65.0
-2.3,80,29.7,none,59,38.1,True,flat,0.5,43.8,230.8,1931,25.94
-17.3,38,68.1,none,38,44.1,True,mountainous,1.5,80.4,405.5,1864,65.0
-19.0,68,63.4,none,99,122.9,True,flat,5.7,57.5,312.5,2414,61.52
27.9,89,35.4,none,67,84.4,False,hilly,9.5,97.5,490.9,2099,18.15
-27.1,46,58.0,none,32,69.5,True,hilly,9.3,86.9,538.3,2327,65.0
-0.7,16,45.5,none,19,97.1,True,flat,1.1,44.4,248.8,1645,28.9
-18.2,56,27.3,rain,14,86.0,True,hilly,8.8,97.3,671.8,1626,65.0
31.6,41,58.1,none,18,58.9,True,mountainous,2.3,53.6,336.0,1683,33.47
9.0,71,54.7,none,71,52.7,True,mountainous,9.1,87.9,573.8,2444,34.2
-13.8,96,49.5,none,87,89.0,True,hilly,7.6,78.6,461.2,1599,53.0
5.2,54,49.4,none,24,48.8,True,hilly,9.6,72.2,399.5,1983,37.73
21.2,52,54.6,none,46,43.9,False,flat,4.4,96.0,627.1,1576,6.11
37.1,69,30.8,none,42,61.8,True,flat,7.3,76.4,453.2,2259,22.22
-14.6,19,69.5,none,68,116.1,True,flat,7.4,91.5,640.6,1885,53.02
32.0,33,13.0,none,26,33.7,True,flat,5.0,89.7,554.6,2112,13.34
35.4,93,70.7,none,96,113.3,True,flat,9.7,80.3,537.4,1572,29.03
34.1,70,27.4,none,76,92.1,True,hilly,2.4,69.4,387.1,1931,21.94
14.5,11,10.0,none,96,34.0,True,flat,9.9,45.9,268.6,1634,22.7
14.1,28,48.0,none,35,90.2,True,hilly,8.1,49.2,269.9,1824,31.22
-1.8,71,30.1,rain,63,72.6,True,hilly,6.2,72.0,471.5,1689,37.38
22.7,79,65.2,none,76,114.1,False,hilly,0.8,59.9,390.4,1982,16.21
7.2,86,34.5,none,74,120.7,True,hilly,2.6,52.5,324.6,2394,31.04
17.4,36,53.5,rain,12,58.6,False,hilly,8.4,98.0,633.5,1897,23.71
-0.0,94,24.7,rain,100,108.4,True,hilly,7.3,91.5,523.6,2404,41.6
21.2,60,16.8,none,94,61.0,False,flat,9.6,65.8,444.7,2275,8.3
27.7,73,31.0,none,21,59.6,False,hilly,4.0,92.3,631.5,2247,7.44
-19.7,64,48.5,rain,59,49.3,True,flat,8.9,43.6,275.7,2281,65.0
28.3,21,52.6,rain,38,97.8,False,hilly,8.6,46.0,264.0,2211,18.09
7.8,97,46.3,rain,89,56.2,True,flat,9.7,96.9,647.5,1703,26.19
29.1,21,79.0,none,73,76.5,False,mountainous,2.7,81.3,566.1,2338,25.3
0.2,33,55.3,none,30,111.2,True,hilly,4.9,85.9,528.7,1876,39.07
-3.5,83,74.5,none,13,109.2,True,flat,0.8,90.0,568.6,1769,32.78
34.1,66,9.4,snow,36,115.5,True,flat,5.9,43.2,289.5,2333,27.79
-12.4,85,4.9,rain,13,46.1,True,hilly,7.3,83.1,527.1,2117,57.66
29.1,56,24.9,rain,23,88.7,False,flat,2.4,61.4,331.2,1753,8.38
3.9,44,10.9,none,67,121.5,True,flat,1.7,89.1,520.8,2388,33.14
6.0,93,42.1,none,77,34.2,True,flat,6.4,63.3,393.7,2039,23.96
-8.4,13,41.5,none,52,109.5,True,hilly,3.9,86.1,510.1,1524,41.92
10.1,87,46.0,rain,64,54.6,True,flat,4.3,94.1,598.3,2027,19.64
-7.2,31,59.6,none,24,97.0,True,flat,4.7,60.4,335.8,2455,45.68
-27.3,86,77.7,snow,39,101.7,True,flat,5.1,68.2,362.5,1662,65.0
-11.0,23,70.3,none,74,122.6,True,flat,2.0,72.2,365.3,1801,54.9
-29.6,62,9.5,none,43,80.9,True,mountainous,5.8,81.3,412.7,1728,65.0
38.5,90,27.1,snow,41,114.8,True,flat,0.7,90.6,517.9,1720,24.99
37.6,53,20.5,none,27,34.5,True,flat,1.1,52.6,265.4,1577,17.1
-2.3,77,14.1,none,64,72.1,True,hilly,7.1,96.7,536.3,1966,44.41
21.0,82,43.6,rain,83,74.0,False,hilly,7.3,87.1,525.1,2318,14.86
-5.8,76,44.3,none,52,83.8,True,mountainous,2.7,48.4,313.9,1740,55.28
17.0,93,18.2,rain,20,78.1,False,flat,1.8,60.2,371.6,2211,9.38
26.4,50,57.0,none,85,126.8,False,flat,0.5,55.1,334.3,2073,10.5
36.3,26,58.6,rain,16,37.9,True,mountainous,4.2,49.5,271.7,1712,29.85
-2.0,14,1.7,none,52,56.5,True,flat,5.1,78.7,395.9,2070,32.34
24.8,32,31.7,none,33,126.9,False,hilly,9.0,43.9,231.1,2023,19.6
-11.4,23,71.2,none,94,74.5,True,flat,0.0,75.9,528.7,1726,39.68
39.3,60,41.6,none,76,87.1,True,flat,4.1,89.7,614.7,1517,16.03
-28.2,27,27.8,none,61,38.1,True,mountainous,4.2,61.7,347.0,1907,65.0
12.2,14,20.3,snow,70,58.4,False,flat,8.9,69.4,391.4,1823,21.3
16.2,13,19.5,rain,58,34.0,False,flat,2.0,48.6,330.0,1783,6.65
18.2,85,8.0,snow,23,43.8,False,flat,0.7,83.2,429.2,2199,12.76
-21.6,63,65.4,none,74,93.3,True,flat,3.8,94.5,505.0,2209,65.0
35.7,42,6.9,none,54,106.4,True,flat,6.1,84.0,439.6,2427,22.87
-17.3,90,23.4,none,67,117.0,False,hilly,8.6,47.4,319.4,1527,58.04
13.6,16,3.7,snow,14,55.1,True,hilly,2.7,60.7,304.4,2410,34.6
-14.4,98,62.5,none,23,63.3,True,flat,2.5,50.4,253.4,2174,45.89
-8.5,65,3.1,none,63,86.9,True,flat,3.3,75.4,499.5,2159,40.8
8.3,27,24.7,none,51,38.4,True,hilly,1.2,83.4,522.9,2492,20.25
-0.8,71,45.9,none,30,110.7,True,flat,9.8,98.5,603.6,1578,35.65
-18.8,79,32.8,snow,32,78.3,True,flat,5.4,70.2,480.4,2303,65.0
-18.0,49,22.6,none,67,126.6,True,flat,2.7,78.2,466.8,2093,60.18
-0.7,88,22.0,snow,15,41.7,True,flat,3.6,46.4,275.3,1662,38.59
23.0,24,63.8,none,49,43.3,False,flat,8.7,49.3,288.1,2271,13.19
32.9,35,77.9,rain,57,64.9,True,mountainous,6.7,53.9,339.8,1859,33.33
-24.1,18,27.8,none,38,50.7,True,flat,5.5,43.3,244.3,1753,65.0
-2.5,29,3.1,none,84,99.7,True,hilly,7.2,64.5,408.7,2077,36.48
-23.0,31,2.9,none,15,124.7,True,hilly,7.6,97.1,622.0,1977,65.0
-28.8,93,60.7,none,88,39.0,True,flat,1.9,79.2,429.4,1657,65.0
16.3,17,44.2,none,75,54.2,False,hilly,1.6,66.2,409.5,2231,10.75
12.2,48,62.7,none,50,53.8,True,flat,9.7,69.6,449.4,1812,23.41
-18.6,58,55.8,none,93,80.9,True,mountainous,1.9,48.8,337.8,1992,64.74
-13.6,91,72.6,none,73,75.2,True,flat,4.6,45.8,315.0,1789,48.24
-28.3,100,70.9,none,94,102.7,True,mountainous,9.8,55.5,300.5,1940,65.0
28.4,78,63.1,none,53,103.3,True,hilly,4.2,58.4,359.4,1750,31.45
38.2,97,38.0,rain,51,87.3,True,flat,5.1,47.4,281.3,1981,19.85
-20.5,81,24.7,snow,58,89.1,False,flat,8.0,81.5,464.3,1661,63.2
-13.8,97,40.6,none,16,114.2,True,flat,3.4,95.4,542.2,1783,46.79
30.8,74,40.2,none,92,69.7,True,flat,4.3,50.5,350.3,1713,22.05
34.9,17,48.8,none,70,31.2,True,hilly,3.3,90.3,458.0,1861,18.9
-0.6,46,14.9,none,66,51.3,False,flat,2.9,57.9,388.2,2330,16.68
-26.5,68,52.4,rain,93,33.5,True,hilly,4.7,76.4,451.4,1995,65.0
-27.2,42,36.5,none,99,69.3,True,flat,7.5,45.3,278.0,1924,65.0
10.2,35,49.6,none,25,65.8,True,flat,8.7,54.4,352.2,2072,30.48
-2.5,62,19.2,none,77,39.9,True,hilly,4.7,49.5,292.6,2285,39.48
-28.0,94,34.8,rain,62,105.5,True,hilly,3.2,49.7,346.5,1797,65.0
10.8,13,16.8,none,51,85.3,True,flat,9.1,96.0,646.6,2307,26.48
-29.2,79,70.0,snow,98,52.6,True,flat,3.4,61.8,335.5,1750,65.0
25.1,75,39.0,snow,87,105.9,False,flat,7.8,51.8,328.2,2348,19.73
-8.5,97,18.0,none,73,96.8,True,flat,7.5,50.3,299.2,2334,41.4
-27.2,94,3.3,none,44,49.2,True,hilly,0.5,80.4,459.9,2091,65.0
11.2,79,54.1,none,70,128.3,True,flat,1.8,83.1,474.0,1857,25.33
-2.2,57,17.2,none,58,47.7,True,hilly,5.7,98.8,526.1,1914,33.11
38.2,28,79.2,none,32,107.2,True,flat,8.7,77.6,458.8,2313,30.67
8.1,59,42.7,none,51,126.8,True,flat,5.9,67.5,418.1,1582,28.32
-10.7,79,23.1,none,29,102.6,True,flat,7.4,53.4,352.6,2287,48.73
19.7,91,52.6,none,55,96.6,False,flat,7.3,42.4,236.3,1633,12.19
-11.0,81,22.0,rain,75,120.3,False,hilly,4.9,92.8,607.9,2316,45.33
33.3,28,65.6,snow,13,56.9,False,hilly,5.6,87.3,533.4,2401,21.97
-3.8,64,24.7,none,79,57.7,True,flat,0.7,87.8,484.1,2013,25.47
8.5,40,79.1,none,12,94.1,True,flat,9.3,59.3,390.0,2253,31.36
-26.5,11,48.4,none,57,118.2,True,hilly,6.7,61.5,381.4,1702,65.0
-0.2,28,67.6,rain,62,91.7,True,flat,1.5,87.0,601.3,2272,32.05
28.3,20,5.8,snow,79,127.7,False,hilly,2.4,81.3,453.1,2203,26.41
26.4,86,27.9,none,78,52.3,False,flat,0.0,79.0,548.6,1615,2.89
-14.3,33,59.0,none,48,112.6,True,flat,2.6,73.3,447.8,2004,52.3
-14.2,36,52.4,none,16,122.7,True,flat,3.2,62.1,367.0,2266,58.22
27.2,96,15.5,none,72,72.7,False,hilly,6.8,84.5,570.2,1593,14.37
35.1,44,28.5,none,56,126.2,True,hilly,4.8,61.7,327.7,2159,29.01
-23.3,11,21.1,none,40,50.2,True,flat,8.4,84.1,498.1,2301,65.0
1.5,36,49.1,snow,31,125.3,True,flat,0.9,51.4,270.0,1848,41.47
-6.4,21,27.6,none,21,120.3,True,hilly,7.1,75.4,469.6,1882,47.1
30.9,19,24.7,rain,37,36.6,True,flat,8.7,61.4,312.4,1774,23.75
-24.2,17,16.6,none,51,82.1,True,hilly,4.2,89.7,624.4,1687,65.0
-15.2,63,32.7,none,53,82.9,True,flat,2.9,71.1,356.8,2458,45.51
22.7,27,15.6,rain,62,35.7,False,hilly,4.5,77.4,531.6,2204,12.73
-26.4,43,77.0,snow,43,34.0,True,flat,7.9,45.0,282.9,1553,65.0
4.5,88,12.4,rain,93,30.5,True,flat,9.2,69.7,463.3,2428,31.72
0.9,48,73.1,rain,55,82.5,True,flat,0.7,86.8,496.4,1616,32.19
-6.6,92,34.3,rain,48,76.4,True,hilly,5.3,91.6,502.7,2424,48.31
-2.4,55,30.2,none,14,124.0,True,flat,6.4,83.3,445.2,1952,40.83
7.1,46,18.5,rain,64,64.2,True,mountainous,0.2,65.1,394.8,1986,43.79
-18.7,78,50.9,rain,64,95.8,True,flat,1.8,55.4,306.8,2040,60.75
10.0,17,54.8,none,62,30.8,True,hilly,0.6,63.3,428.3,1594,22.83
26.4,18,37.4,none,90,96.4,True,hilly,2.9,73.7,372.9,2165,28.45
23.2,69,4.5,rain,79,121.3,False,flat,2.1,40.3,208.6,2154,9.43
-19.2,54,73.5,rain,88,65.5,True,hilly,4.9,94.7,514.5,2078,65.0
-19.6,81,78.4,none,15,61.4,False,mountainous,6.6,60.6,313.1,2388,65.0
-11.2,92,34.5,rain,39,92.6,True,flat,8.4,87.8,584.5,1978,48.21
-4.7,45,49.1,rain,39,62.9,True,hilly,3.0,72.1,360.9,2211,40.55
-1.4,64,36.0,none,69,70.2,True,hilly,0.5,79.7,502.6,1839,39.95
17.6,55,25.8,rain,50,57.3,False,flat,0.0,85.6,505.8,2425,5.62
-26.0,98,6.2,none,80,64.5,True,flat,8.4,57.3,374.9,2432,65.0
-27.6,85,36.5,none,45,97.9,True,flat,8.8,76.4,444.5,1982,65.0
-2.6,92,65.5,none,30,122.2,True,flat,1.0,85.1,535.3,2236,39.41
18.8,33,1.4,snow,36,88.3,True,flat,0.1,86.3,541.6,1733,17.14
-16.5,80,46.6,none,26,31.0,True,mountainous,8.0,65.0,372.1,2144,65.0
14.9,34,70.5,rain,28,56.4,True,flat,6.4,83.7,437.7,1585,22.83
-11.8,29,17.4,none,30,125.2,True,hilly,5.6,58.1,340.9,2363,56.19
32.0,95,14.7,rain,11,121.0,True,flat,5.3,47.5,320.3,2222,19.92
32.7,12,61.8,rain,74,41.6,False,flat,7.7,46.8,308.4,2455,12.83
-9.2,97,20.4,rain,46,120.8,True,flat,2.9,70.3,404.0,2278,46.82
-13.9,23,15.4,rain,12,126.5,True,hilly,3.9,63.0,424.2,1683,61.4
-1.2,84,30.2,rain,43,62.5,True,hilly,0.8,53.9,317.1,1967,32.22
-13.2,35,31.4,none,91,100.1,True,flat,5.7,63.5,342.3,2042,50.49
17.1,42,69.9,none,56,86.0,False,flat,9.6,64.7,435.4,2328,15.98
27.8,30,49.5,none,99,63.7,False,hilly,2.8,73.2,438.4,2050,10.22
17.1,63,32.5,rain,59,45.3,False,flat,9.3,43.5,255.1,1977,14.82
27.7,41,42.8,none,97,66.7,False,mountainous,7.3,94.5,516.8,2213,25.23
-2.2,69,76.3,none,28,122.8,True,flat,2.3,62.3,407.0,2142,32.57
-19.1,11,9.1,rain,36,111.1,True,hilly,6.6,76.9,469.3,2249,65.0
21.7,16,16.6,rain,73,63.1,False,hilly,3.7,58.4,316.1,1975,14.01
-4.8,19,77.0,rain,99,84.8,True,flat,1.2,85.7,472.9,2224,39.94
17.0,48,76.6,none,84,70.6,True,hilly,0.9,67.5,389.3,2471,23.61
-11.1,83,14.2,none,60,76.6,True,hilly,0.2,59.3,359.9,1682,46.08
-24.3,90,11.6,none,18,106.1,True,flat,8.0,97.8,646.7,1552,65.0
39.5,32,33.7,none,43,84.3,True,mountainous,8.8,91.9,497.7,2071,33.45
-19.1,62,4.0,none,18,48.1,True,hilly,4.8,50.8,329.2,1658,61.51
39.2,79,52.4,none,38,56.9,False,flat,5.2,82.0,560.5,1665,6.48
38.4,36,6.2,none,33,86.8,True,flat,6.9,85.3,493.8,2172,21.91
25.6,47,4.6,none,45,99.3,False,flat,7.0,42.1,241.2,1922,11.13
16.2,57,38.8,none,85,80.8,False,flat,3.2,97.7,581.6,1533,7.38
10.4,22,76.6,none,24,92.0,True,flat,1.6,54.0,358.1,2062,19.13
30.6,12,34.1,rain,38,108.9,True,mountainous,4.3,94.5,490.0,1744,40.42
-9.7,24,28.5,rain,34,84.5,True,hilly,7.0,79.2,457.6,1934,52.24
2.7,66,79.8,rain,37,127.7,True,hilly,8.0,70.7,357.8,1539,45.2
13.4,17,42.6,none,42,53.6,True,flat,0.9,87.2,526.0,1564,16.96
-1.2,27,30.0,snow,32,122.0,True,flat,5.9,80.5,554.5,1692,44.36
-0.1,40,30.9,snow,95,54.8,True,flat,0.5,84.4,449.1,2218,31.34
-6.9,17,15.6,none,48,83.2,True,hilly,8.2,91.5,504.1,2290,45.97
9.5,27,41.0,none,20,75.6,True,flat,6.7,68.3,436.8,1844,16.67
29.5,92,35.1,none,52,67.3,False,flat,7.0,65.5,418.2,1626,8.73
-15.9,12,21.7,rain,27,126.3,True,hilly,7.6,94.0,582.1,2436,65.0
35.4,69,12.8,none,29,57.2,True,hilly,5.0,87.9,481.8,2287,18.86
18.2,45,24.9,snow,36,97.5,False,hilly,3.0,41.2,211.3,1665,22.69
27.6,71,40.7,none,21,110.4,False,flat,7.9,79.2,431.4,1727,10.24
8.9,63,4.7,snow,75,49.7,True,flat,7.8,94.2,591.6,1536,34.68
24.6,30,12.3,rain,81,127.3,False,flat,1.3,81.0,453.1,2401,11.24
-28.9,86,75.8,snow,45,84.7,True,mountainous,9.0,73.2,489.3,2433,65.0
27.3,54,43.4,none,72,121.4,False,flat,2.2,50.6,315.1,1583,10.25
-27.2,84,5.1,none,45,96.4,True,hilly,3.1,97.0,494.9,1647,65.0
32.3,47,55.4,rain,25,94.9,True,flat,2.2,77.6,401.6,1705,22.29
39.4,99,4.9,rain,46,64.6,True,hilly,9.7,46.1,256.2,1681,30.19
-9.4,79,59.1,none,60,107.1,True,flat,3.0,95.7,588.0,2441,44.27
-15.3,97,60.0,rain,14,33.0,True,flat,9.7,71.0,488.0,1761,49.54
23.6,56,52.1,none,69,85.6,True,flat,6.4,49.4,257.4,1875,24.91
-12.3,53,58.6,none,77,33.2,True,flat,1.8,53.6,357.0,1569,46.02
30.6,78,7.0,none,87,60.7,True,flat,5.5,98.1,602.7,2128,20.21
-22.8,89,58.1,snow,19,39.6,True,flat,8.8,66.2,379.2,1766,65.0
-21.2,97,10.9,none,10,121.2,True,flat,5.6,65.2,409.7,1745,59.59
38.5,39,27.2,rain,17,92.8,True,flat,1.3,69.2,454.4,2477,17.19
17.2,82,75.4,none,93,96.9,False,flat,2.9,82.0,469.0,1539,10.88
29.3,29,40.2,rain,79,115.1,False,flat,2.2,61.9,423.4,1687,14.12
-7.3,59,77.4,snow,85,103.3,True,flat,1.3,65.3,398.2,2013,44.17
17.4,26,7.1,none,57,42.4,True,hilly,3.3,84.8,450.4,2062,23.35
11.6,41,38.2,none,57,91.8,True,flat,6.6,67.7,412.4,2213,28.92
12.2,94,5.0,none,37,127.8,True,flat,3.8,82.8,540.9,1709,22.9
17.8,23,50.4,snow,86,51.4,False,mountainous,4.4,97.7,603.3,1894,33.17
10.3,67,6.3,none,85,92.0,False,flat,3.2,97.8,603.0,1787,11.05
0.0,63,14.0,none,45,86.4,True,flat,9.9,66.8,337.8,2334,35.69
-10.7,21,20.7,none,40,69.2,True,hilly,5.9,54.1,320.4,1860,49.49
23.8,39,59.9,none,76,125.5,False,flat,8.3,55.1,315.6,1761,19.02
-14.2,61,13.1,none,12,65.6,True,flat,4.4,89.2,453.6,2117,44.38
18.5,27,67.7,snow,87,39.4,False,hilly,1.7,44.8,284.9,1608,16.96
-13.7,82,10.6,none,50,126.3,True,mountainous,8.5,42.4,227.7,2349,65.0
13.8,97,2.8,none,50,102.9,True,flat,7.6,80.9,461.0,1779,21.66
22.3,29,31.6,rain,70,64.2,False,flat,3.3,94.6,582.3,2324,7.33
-14.7,27,78.4,none,68,58.1,True,flat,6.1,53.8,316.7,2491,56.75
-25.8,51,8.8,none,34,122.8,True,flat,0.9,43.3,277.1,1521,65.0
-20.8,77,8.1,rain,95,57.4,True,flat,0.3,93.7,626.9,1692,55.32
12.4,35,60.1,none,99,83.7,True,flat,8.2,61.2,327.0,2247,26.6
29.5,12,25.0,none,57,51.5,False,flat,9.4,73.0,405.6,1583,8.87
-26.9,59,57.4,none,61,129.5,True,hilly,3.4,90.2,484.4,1946,65.0
21.4,96,16.0,none,60,107.0,True,flat,6.0,55.0,329.9,1651,19.05
-6.1,45,36.8,none,54,86.8,True,flat,7.2,76.1,392.4,1970,41.88
3.5,48,21.2,snow,95,104.6,True,hilly,7.5,99.5,645.0,1513,49.72
35.0,97,36.1,none,32,121.6,True,flat,4.8,84.5,444.0,1651,24.28
-6.8,73,61.5,rain,20,126.3,True,hilly,6.1,63.8,440.1,1775,55.65
2.6,75,61.0,none,94,108.6,True,flat,6.6,86.1,575.1,1698,38.02
-29.0,61,41.3,snow,29,114.9,True,flat,1.0,41.3,286.6,1861,65.0
-24.3,98,74.3,rain,77,69.8,False,hilly,6.5,52.9,268.9,1645,65.0
-11.9,72,21.1,rain,28,69.2,True,flat,5.1,84.7,458.1,2321,42.06
-28.1,91,19.2,none,96,110.8,True,flat,3.8,55.7,385.8,2020,65.0
14.2,73,49.1,none,81,106.0,True,hilly,2.6,47.6,331.5,1810,25.21
-0.2,76,49.7,none,93,120.1,True,flat,6.4,57.6,320.3,1795,35.33
8.4,36,3.7,rain,96,43.3,True,flat,1.7,50.3,311.6,1744,22.36
-17.8,37,48.6,rain,18,99.1,True,mountainous,8.1,65.2,353.3,2005,65.0
-9.3,80,30.0,none,49,94.8,True,hilly,1.7,47.5,322.3,2031,40.32
16.5,37,59.8,snow,68,109.9,False,flat,7.7,90.3,476.0,2492,25.69
37.6,61,64.6,snow,82,32.5,True,flat,8.2,86.8,553.5,2129,25.87
-26.5,32,44.2,none,32,112.6,True,flat,9.4,58.4,326.0,2031,65.0
32.3,84,0.1,none,92,62.6,True,flat,4.6,71.2,409.2,1538,12.56
10.4,20,50.9,rain,30,98.7,False,flat,0.6,91.3,556.6,2050,14.22
9.5,85,59.9,none,88,91.7,True,flat,6.8,95.7,560.6,1995,28.6
5.0,64,19.9,rain,56,74.0,True,flat,2.8,45.5,274.9,2397,24.01
-25.1,27,37.2,rain,56,104.6,True,hilly,0.9,83.3,529.9,2223,65.0
-23.7,59,77.3,none,44,126.1,False,flat,8.6,48.1,269.2,1980,65.0
12.1,35,23.8,none,19,62.3,True,hilly,1.4,41.2,266.9,1728,25.39
-6.1,39,17.9,none,41,104.8,True,hilly,5.1,44.7,261.0,2214,43.79
34.2,42,16.9,snow,48,61.5,True,hilly,7.9,74.6,376.0,1787,29.91
-1.5,16,44.7,none,53,114.6,False,flat,2.0,62.6,419.2,1853,25.29
-20.0,99,76.0,none,77,73.7,True,mountainous,9.0,47.1,262.1,2192,65.0
20.0,13,48.7,rain,42,74.9,False,flat,3.3,68.5,460.1,1812,8.81
-9.5,70,24.3,none,47,107.2,True,flat,4.0,70.5,457.4,1797,44.12
6.8,43,51.1,none,92,79.6,True,flat,1.3,87.2,507.2,1942,27.4
18.8,68,50.0,none,78,56.7,True,flat,6.4,79.8,502.9,2163,15.49
33.0,42,47.8,none,12,129.6,True,flat,5.0,68.0,474.6,2442,22.9
25.5,71,12.8,none,83,92.0,False,flat,9.7,59.5,333.9,1649,11.39
17.3,76,50.8,none,99,94.5,False,flat,7.0,40.1,236.7,1753,13.89
17.6,72,34.4,snow,95,94.7,False,hilly,7.6,89.9,476.3,2485,25.95
36.2,20,1.5,none,85,118.3,True,hilly,2.0,56.0,377.7,2117,30.19
-9.3,69,43.2,none,67,48.4,False,flat,7.1,52.8,322.3,1510,30.9
-29.9,35,79.1,none,35,35.9,True,flat,5.6,84.1,437.5,2395,65.0
-11.0,13,28.0,none,69,68.7,True,hilly,4.0,44.3,274.4,1782,47.58
-14.7,47,77.2,none,73,86.5,True,mountainous,7.8,55.8,331.0,2050,65.0
16.3,49,7.7,none,35,58.6,False,flat,9.8,66.1,371.2,1867,9.16
14.4,52,58.6,snow,33,98.9,True,hilly,0.9,66.5,335.0,1674,31.43
11.5,73,9.1,none,46,37.4,True,mountainous,7.9,49.5,268.8,2102,37.04
-28.9,38,21.9,none,68,109.1,True,flat,9.2,42.4,229.5,1715,65.0
21.0,38,45.7,none,36,101.8,False,mountainous,3.2,68.2,438.8,1728,22.69
-7.4,15,47.4,none,60,51.4,False,mountainous,3.6,61.4,339.1,2303,43.01
16.6,72,62.0,none,91,59.8,False,hilly,7.9,57.1,397.2,2143,16.63
9.0,61,49.2,none,37,110.7,True,hilly,9.5,56.2,301.9,2418,37.33
-6.0,41,47.5,none,97,107.3,False,flat,9.4,70.3,476.7,1938,35.28
-20.6,73,73.0,none,53,111.4,True,mountainous,0.6,41.3,236.7,2005,65.0
-23.4,58,36.2,none,19,62.2,False,flat,8.7,46.4,324.5,1569,63.29
28.2,52,18.0,none,15,127.0,False,flat,5.9,59.5,393.2,1860,15.22
34.3,56,12.9,none,40,101.5,False,hilly,4.2,68.8,427.0,1549,15.04
15.5,67,32.0,none,33,36.5,False,hilly,8.5,81.6,543.8,1850,15.47
-22.8,69,57.0,snow,86,77.8,True,hilly,8.0,57.6,391.2,1909,65.0
-1.9,36,3.4,rain,76,96.5,True,flat,5.1,80.0,559.8,1673,32.22
21.0,23,10.3,snow,90,46.9,False,flat,4.1,63.2,337.7,2355,14.57
24.6,24,8.5,none,63,120.2,False,hilly,4.7,86.5,533.6,1837,17.19
-21.7,68,46.8,none,49,105.4,True,flat,3.2,68.8,397.4,1555,65.0
-30.0,89,19.4,none,34,38.1,True,mountainous,6.8,72.5,418.3,1890,65.0
19.8,47,13.3,rain,62,121.3,False,hilly,8.9,66.1,414.1,2048,21.74
-5.0,25,47.4,none,66,70.4,True,flat,2.5,48.0,288.2,1978,37.75
-12.2,78,60.9,none,45,75.2,True,flat,8.3,50.3,332.8,2063,56.05
-29.1,85,26.6,none,94,108.3,True,flat,3.6,64.0,362.2,2383,65.0
7.8,89,46.3,none,68,94.4,True,hilly,1.3,45.9,278.3,1529,28.36
29.6,65,7.8,none,85,73.8,False,flat,0.4,48.4,335.5,2289,4.81
37.0,87,74.8,none,66,56.0,True,hilly,4.8,77.4,401.1,1876,23.5
9.6,11,27.0,none,38,81.7,True,hilly,5.7,78.0,431.9,1884,29.42
6.0,20,79.8,snow,76,87.9,True,flat,0.1,47.6,247.9,2090,29.18
-24.0,18,78.3,rain,31,93.1,True,flat,6.5,91.2,467.6,2094,65.0
8.4,74,62.3,none,64,90.5,True,hilly,5.2,91.4,460.1,1606,33.8
-3.4,16,1.6,none,46,91.7,True,flat,10.0,62.8,359.8,2134,34.19
12.5,55,43.5,none,23,77.6,True,flat,1.0,69.9,468.0,1675,18.37
-2.8,53,6.9,none,47,86.2,True,hilly,7.1,88.1,483.0,1795,41.13
-13.2,38,71.6,none,38,58.9,True,hilly,2.2,85.8,484.5,1984,45.51
-23.4,88,63.2,none,20,45.8,True,flat,2.1,61.8,414.6,2167,65.0
-8.0,25,77.8,rain,84,90.7,True,hilly,0.2,59.0,312.8,2257,46.17
-23.2,42,48.7,none,55,34.7,True,flat,0.1,79.9,437.1,2219,62.65
-17.6,80,41.8,none,41,36.5,True,hilly,1.9,61.8,397.1,2020,60.11
39.1,13,41.5,none,55,54.7,True,mountainous,1.8,81.4,527.4,1670,26.47
1.1,71,30.9,none,78,49.4,True,flat,0.0,47.8,273.2,2177,24.09
7.2,83,37.5,rain,12,67.4,True,mountainous,7.2,80.3,403.3,2477,44.26
31.2,94,50.8,none,59,67.1,True,mountainous,5.0,87.1,502.0,2316,28.17
39.7,89,74.6,none,53,41.7,True,flat,4.0,94.3,606.3,1931,9.99
10.8,39,47.7,none,90,54.7,True,flat,1.0,67.4,433.2,1959,20.1
26.9,63,68.6,none,60,30.5,False,hilly,3.3,73.6,429.9,2454,9.53
-7.1,17,69.0,none,22,65.1,True,flat,4.7,57.3,326.7,1568,39.91
-8.6,33,41.5,none,45,109.6,True,flat,10.0,49.0,314.0,2093,51.72
-1.8,18,27.8,none,66,56.6,True,flat,5.1,50.4,347.6,1641,31.83
17.1,38,51.2,none,14,94.3,False,flat,0.2,90.7,597.1,1575,5.25
17.8,89,35.7,rain,90,39.8,False,flat,2.1,72.5,395.7,1784,7.7
-7.9,41,6.5,none,16,31.2,False,hilly,3.5,62.6,433.4,1729,29.56
-20.7,61,30.2,none,13,79.8,True,hilly,4.6,91.8,571.2,1546,63.65
14.3,49,79.5,snow,10,76.1,False,flat,6.7,46.8,244.7,2353,22.48
-21.0,51,3.9,none,72,49.2,False,flat,5.9,75.7,429.2,2335,51.77
10.5,97,55.7,snow,51,58.7,True,mountainous,5.1,87.4,563.9,2181,41.69
18.5,37,67.3,none,19,33.1,False,mountainous,8.4,47.5,320.1,2268,23.59
19.0,66,51.9,rain,87,109.8,False,hilly,2.0,47.2,286.2,1567,19.52
22.7,48,45.6,none,28,60.1,False,flat,0.8,42.0,221.6,1773,2.32
31.1,16,56.6,rain,39,51.9,True,flat,8.4,96.5,506.4,2092,26.12
5.0,54,34.3,none,26,110.5,True,hilly,4.6,81.5,460.8,2392,30.45
21.1,83,7.3,none,93,33.9,False,mountainous,5.5,44.3,224.8,2207,18.56
13.3,19,77.0,none,78,58.5,True,hilly,8.4,80.3,468.6,1518,28.38
-16.9,16,34.6,snow,75,56.3,True,hilly,9.5,58.2,381.6,1739,65.0
-28.2,24,53.2,none,14,56.3,True,flat,5.5,46.6,275.7,1904,65.0
-10.1,79,42.5,snow,57,31.1,True,flat,8.1,99.5,663.0,2122,48.74
1.0,75,4.4,none,62,123.5,True,flat,5.4,50.8,320.7,2165,37.26
13.2,61,76.2,none,44,116.4,True,flat,0.3,87.9,473.6,2111,24.46
29.5,52,63.4,none,39,71.4,False,hilly,9.6,92.9,504.3,1571,15.96
-16.3,90,11.9,none,87,74.5,True,hilly,8.2,71.8,409.3,2258,61.46
-21.2,79,78.5,rain,12,82.4,True,flat,7.5,98.6,598.9,2170,65.0
37.4,83,59.0,none,66,77.8,True,flat,4.4,47.2,300.0,1713,16.73
-22.4,83,37.8,snow,45,107.9,True,mountainous,9.4,97.7,522.1,1996,65.0
3.5,68,48.9,none,70,78.8,True,flat,4.9,44.2,234.8,1756,31.68
11.0,51,8.5,none,28,48.9,True,mountainous,7.2,68.6,344.9,2187,41.25
7.9,88,44.8,rain,31,41.7,True,hilly,1.0,91.3,477.1,1716,28.19
-24.0,93,5.9,none,63,121.8,False,flat,2.2,73.2,476.0,1520,61.54
-26.0,12,43.6,none,98,34.8,True,flat,4.2,75.0,383.3,1932,65.0
-22.6,15,44.2,none,98,119.8,True,hilly,5.8,49.7,308.5,1543,65.0
11.0,96,70.0,none,32,99.0,True,hilly,8.1,99.1,614.4,1543,36.79
8.1,35,58.0,snow,19,70.5,False,flat,2.4,53.9,376.3,1691,20.62
-13.6,89,20.0,snow,63,48.7,False,flat,7.7,91.5,581.7,2221,47.79
14.6,45,71.1,rain,48,61.0,True,flat,8.9,97.4,623.2,2443,24.56
27.4,21,45.9,rain,79,83.0,False,hilly,8.2,56.8,294.4,2013,19.79
-27.1,17,48.5,none,58,95.7,True,flat,6.2,83.8,566.1,2178,65.0
4.9,24,13.5,none,56,99.1,True,hilly,8.1,44.8,252.8,1550,31.91
18.3,32,68.6,rain,68,74.7,False,hilly,8.8,84.5,475.2,2290,23.42
-12.3,54,74.5,none,21,67.4,False,flat,5.6,69.1,409.6,1948,38.83
-8.5,73,62.0,none,71,106.8,True,flat,8.1,47.1,302.0,1982,49.22
13.0,99,75.3,rain,54,122.5,True,flat,4.2,93.7,523.6,2303,29.65
32.9,50,24.2,none,84,121.4,True,flat,5.2,80.7,529.2,1617,21.68
26.7,57,68.9,none,22,85.2,False,flat,0.5,50.1,275.2,1956,7.79
10.8,57,39.1,rain,37,37.9,True,flat,8.8,72.0,377.5,2039,29.95
21.1,59,13.1,none,96,37.3,False,flat,1.4,59.6,380.7,2113,4.41
-4.5,57,53.5,rain,60,70.3,True,flat,2.8,82.6,565.5,2207,35.66
14.9,11,54.7,none,94,103.3,True,flat,3.2,77.6,529.5,2131,19.65
2.6,10,23.0,none,72,79.7,True,hilly,1.2,51.4,263.3,2348,31.23
-16.7,19,2.2,none,93,92.7,True,flat,9.2,54.5,315.3,2482,53.38
19.1,19,16.0,rain,39,114.3,False,mountainous,9.7,82.3,458.6,1517,37.44
9.0,73,32.0,none,18,34.0,True,flat,8.7,80.5,475.8,1913,25.87
-4.9,28,13.4,none,82,122.4,True,flat,3.5,58.7,299.6,1909,39.98
33.8,91,15.5,none,82,63.1,True,hilly,0.6,68.7,399.9,2250,22.64
-28.5,94,31.3,none,66,34.7,True,flat,1.8,68.0,470.9,1790,65.0
-7.9,98,76.9,none,62,113.5,False,mountainous,7.7,47.5,291.2,1515,52.93
-26.0,95,61.1,none,92,123.4,True,hilly,2.9,77.3,419.9,1575,65.0
23.7,34,25.6,none,26,106.9,False,flat,8.9,55.9,369.7,2424,12.92
19.1,56,76.1,none,65,110.5,True,flat,8.4,67.6,391.7,2418,30.88
-6.8,26,51.7,none,14,117.1,True,hilly,2.4,44.3,227.2,1756,48.92
17.3,83,36.4,none,23,82.2,False,hilly,6.9,76.8,438.4,2436,12.92
-2.3,90,37.5,none,49,98.0,True,flat,4.4,90.4,599.0,2376,34.12
22.9,87,32.9,none,84,58.6,False,hilly,2.1,74.2,403.7,2189,9.5
1.8,49,18.6,none,76,55.0,True,hilly,5.9,75.8,428.6,1745,29.44
-1.1,78,30.9,snow,98,90.9,True,hilly,8.4,80.4,445.7,1618,50.67
35.4,19,42.2,none,14,103.5,True,hilly,9.3,51.8,351.9,1668,27.69
-12.4,14,42.2,none,44,69.7,True,flat,0.6,44.1,246.6,1698,46.37
-21.6,78,60.9,none,24,70.0,True,hilly,4.2,91.2,500.1,2307,65.0
10.9,48,28.7,rain,13,125.4,True,mountainous,6.0,90.8,622.4,1821,40.51
37.9,100,57.3,snow,34,81.8,True,flat,3.4,72.7,508.7,2178,33.17
-3.6,19,46.2,none,32,128.6,False,flat,3.2,51.8,320.6,2268,29.32
-25.7,87,76.9,rain,48,116.3,True,flat,7.7,89.0,611.6,1934,65.0
-6.2,53,30.8,none,23,94.0,True,flat,7.8,53.2,347.8,1714,43.74
5.4,84,72.1,none,54,30.9,True,hilly,7.3,91.7,492.7,1975,29.79
-18.7,84,65.7,none,93,59.6,True,flat,9.0,65.4,416.6,1634,57.67
16.1,92,51.0,none,77,71.8,False,hilly,4.9,43.4,285.9,2315,11.68
39.8,37,52.4,none,86,95.3,False,flat,7.9,89.0,577.3,2306,16.23
1.6,95,6.8,none,82,69.6,True,flat,0.1,73.6,446.2,2434,25.32
-5.2,24,76.0,none,45,112.8,True,flat,9.9,59.1,356.4,2312,52.04
-2.0,17,8.6,rain,74,96.3,True,hilly,9.2,67.2,446.3,2149,42.06
-21.9,49,45.1,none,78,64.7,True,flat,8.4,93.2,594.3,1878,65.0
31.8,85,26.4,none,29,108.4,True,mountainous,5.9,52.2,343.7,1997,33.02
-1.0,53,34.4,none,87,60.3,True,hilly,5.4,46.2,250.3,1686,32.7
-2.9,85,48.8,none,51,36.3,True,flat,1.5,87.1,603.8,2174,28.82
16.2,76,72.7,none,11,47.3,False,flat,0.5,77.3,499.8,2335,6.47
0.9,29,36.6,none,68,30.3,True,flat,2.6,92.2,538.9,2197,26.21
15.4,95,79.0,none,71,113.2,False,hilly,1.5,58.8,364.5,2457,15.1
-25.7,15,47.4,none,60,92.7,True,flat,5.6,73.7,462.6,2473,65.0
27.0,91,12.8,rain,29,87.1,False,flat,3.3,42.5,280.9,2196,9.37
35.8,37,15.2,none,53,96.2,True,hilly,3.9,90.8,581.3,2246,21.92
15.4,55,57.3,none,46,95.4,False,flat,0.3,51.5,344.3,1827,5.37
36.8,48,4.0,none,98,86.5,True,flat,5.5,46.9,271.4,1545,18.69
-19.4,25,38.4,snow,84,114.2,True,mountainous,6.6,69.1,403.6,2358,65.0
3.4,42,11.9,none,79,74.1,True,flat,3.3,84.7,455.4,2188,31.48
12.1,27,34.7,none,26,110.5,False,flat,1.3,52.6,317.2,2465,13.21
10.7,28,60.0,none,40,108.7,False,hilly,7.0,54.0,313.4,1500,24.12
-1.9,27,36.7,none,44,50.0,True,mountainous,1.3,58.9,373.0,2216,44.44
-6.3,54,13.1,none,54,75.4,True,flat,8.2,88.7,550.2,1768,38.72
-21.1,82,20.2,none,13,113.5,True,flat,5.5,84.8,569.7,1944,65.0
-2.6,61,29.4,none,63,113.1,True,mountainous,2.4,56.2,299.9,1952,49.61
-18.6,90,5.6,none,42,32.4,True,hilly,9.0,55.3,377.8,1536,65.0
21.4,67,46.7,none,61,52.3,False,flat,1.4,94.4,513.6,2352,3.36
-15.4,72,48.6,rain,11,72.4,True,flat,6.0,76.9,495.3,1588,51.74
-25.9,70,5.0,none,39,34.7,True,flat,6.2,53.5,320.8,2453,65.0
8.7,50,32.2,rain,79,56.1,True,flat,0.4,48.4,310.2,2071,23.9
11.7,72,33.1,none,55,55.8,True,hilly,6.1,44.0,267.0,1775,23.22
31.0,16,26.7,none,81,51.5,True,flat,6.9,54.8,345.4,2139,18.4
10.4,87,44.6,none,73,69.7,True,flat,9.1,83.2,541.1,2427,27.94
-5.8,80,27.7,none,87,111.3,True,flat,7.1,62.3,335.6,2281,42.8
26.2,32,33.3,none,11,54.4,False,flat,4.8,97.9,556.5,1666,8.29
7.8,79,63.8,rain,34,88.2,False,flat,8.5,59.5,400.4,1810,19.59
-24.5,11,13.0,none,59,85.8,True,mountainous,3.5,49.0,327.0,1609,65.0
9.6,30,49.5,rain,95,111.8,True,flat,8.6,50.6,321.9,2231,30.91
33.6,16,40.4,none,71,69.4,True,mountainous,8.4,69.3,388.9,1701,36.3
-2.3,80,24.4,none,51,52.4,True,mountainous,6.0,96.2,520.9,2246,43.07
-9.3,78,58.2,rain,22,119.2,True,hilly,3.4,94.0,479.2,1632,48.97
-20.0,83,44.1,none,54,113.3,True,flat,5.9,51.0,350.3,2263,65.0
-19.4,10,38.2,none,50,92.2,True,flat,9.1,85.3,534.8,2014,64.57
0.3,55,53.4,none,80,39.3,True,flat,6.4,85.1,496.1,2339,24.69
11.7,73,64.2,none,47,31.6,True,flat,8.4,49.9,318.5,2019,18.09
-24.4,24,77.8,rain,39,48.3,True,flat,3.4,57.9,342.5,1749,65.0
35.8,68,50.3,none,18,49.7,True,flat,2.9,44.6,254.1,2181,13.78
22.9,18,70.0,none,14,43.6,False,flat,2.6,44.5,267.1,1800,10.55
11.1,26,0.1,rain,50,56.2,True,flat,4.9,66.5,430.6,1592,19.98
28.0,53,42.4,rain,41,63.8,False,flat,4.3,69.0,460.9,2327,4.71
-24.4,69,17.2,none,60,105.4,True,flat,8.5,42.0,218.2,2230,65.0
3.4,23,7.5,none,74,101.0,True,flat,1.1,98.0,502.6,1557,20.81
14.1,27,42.6,none,14,40.4,True,hilly,5.5,69.2,393.0,2427,30.02
28.0,28,59.7,none,55,127.7,False,flat,4.0,87.3,443.2,1704,13.45
24.8,31,33.0,none,88,105.2,False,hilly,9.4,78.1,467.8,2244,19.55
-10.6,30,53.6,none,51,46.3,True,flat,7.9,77.2,512.9,1522,47.04
35.9,46,39.2,none,57,42.4,True,hilly,4.3,58.2,331.4,1979,24.92
-21.3,69,35.0,none,54,38.8,True,flat,6.4,93.2,554.9,1757,65.0
31.3,49,23.2,none,45,103.2,True,mountainous,7.5,58.0,356.5,2055,36.54
38.0,80,30.6,none,20,53.6,True,flat,0.7,97.1,662.9,1770,13.27
-17.6,75,28.0,none,21,37.3,True,hilly,6.7,42.4,290.3,1997,54.53
20.5,21,51.7,none,26,72.2,True,flat,1.4,46.9,293.7,1511,18.66
-27.2,14,9.3,none,81,100.9,False,hilly,1.9,83.6,419.7,2408,65.0
-1.6,89,7.4,none,35,60.5,True,flat,4.6,76.5,411.6,2309,31.43
6.1,17,52.8,none,95,78.3,True,flat,9.8,83.0,448.6,1525,30.45
10.6,23,43.7,none,83,49.3,True,flat,9.5,78.5,486.5,2486,24.83
35.5,12,34.4,none,72,72.9,True,hilly,9.0,71.6,459.5,2428,27.48
17.1,67,12.2,rain,75,65.9,False,flat,0.3,41.9,216.8,2159,5.56
3.7,62,32.9,rain,14,73.4,True,flat,8.5,88.5,494.0,1894,38.92
26.7,99,63.2,none,61,76.6,False,hilly,7.8,70.6,424.7,2384,17.18
36.5,90,71.2,none,95,39.2,True,flat,5.0,46.3,303.2,2358,16.31
-28.5,47,56.2,rain,14,39.3,True,flat,3.3,51.5,293.3,1921,65.0
38.8,43,4.8,rain,36,56.1,True,hilly,7.6,79.7,477.9,2205,21.08
-24.0,37,53.6,snow,15,41.6,True,flat,1.1,44.6,267.4,2310,65.0
27.0,24,19.3,none,61,55.3,False,mountainous,6.5,92.2,631.7,2317,23.86
-10.4,22,25.2,snow,20,32.5,True,flat,6.7,87.4,585.0,2473,47.46
-20.7,22,15.7,none,53,65.1,True,flat,5.5,58.4,392.1,2300,62.15
0.8,20,62.1,none,75,51.3,True,flat,8.8,93.0,496.0,2055,31.52
15.1,32,51.9,none,25,119.2,False,hilly,3.3,93.1,633.3,2304,18.7
-3.3,38,48.9,none,78,115.8,True,hilly,4.8,90.3,522.4,1802,45.17
-26.2,97,53.4,none,15,60.0,True,flat,7.6,58.5,356.0,1747,65.0
12.0,62,18.9,none,23,77.5,True,flat,7.2,79.4,494.3,1796,18.79
33.2,99,35.6,rain,35,125.6,True,mountainous,5.6,67.1,393.1,2044,43.42
-3.2,44,50.7,none,82,82.4,True,hilly,2.7,72.3,411.3,2089,42.9
-14.9,51,50.9,snow,87,114.8,True,flat,2.9,64.6,354.9,1820,57.65
1.0,39,63.3,none,30,112.6,True,flat,7.4,40.2,242.5,1982,36.72
-26.6,26,23.0,none,19,124.1,True,mountainous,0.1,40.6,271.0,2077,65.0
27.4,23,61.6,none,86,60.6,True,hilly,6.5,86.4,564.0,1777,24.85
27.8,95,35.2,none,68,34.3,False,flat,2.5,96.8,582.6,1557,4.24
11.2,99,53.6,rain,24,40.4,True,flat,6.7,53.8,305.8,1606,25.07
-5.3,14,36.5,none,60,87.1,True,hilly,1.9,72.7,365.1,2113,42.16
26.0,24,75.9,none,89,83.0,False,flat,3.8,58.4,316.1,2422,11.21
8.8,48,14.3,rain,16,59.8,True,flat,7.5,68.7,368.9,1946,33.35
27.8,27,54.0,none,18,54.9,False,hilly,7.6,47.1,290.9,2009,16.66
14.2,43,46.1,none,35,100.9,True,flat,2.1,83.5,571.4,1540,24.67
24.9,22,13.8,none,69,64.1,True,flat,3.8,71.0,399.8,2452,13.72
11.9,51,5.3,none,26,90.4,True,hilly,5.0,58.5,385.5,2358,30.16
-1.0,34,63.9,none,83,101.2,True,flat,5.9,79.8,451.7,1988,39.13
37.1,42,12.6,none,78,73.0,True,flat,7.4,70.7,489.7,2382,20.27
7.9,18,14.9,none,60,49.3,True,flat,0.2,64.3,346.3,1937,15.15
12.4,49,78.3,none,20,116.1,True,flat,1.2,72.0,418.5,1957,25.91
-14.6,98,57.4,rain,99,39.4,True,flat,1.6,97.2,515.1,2183,49.42
13.8,40,20.0,rain,54,112.9,True,hilly,1.9,44.2,240.8,1823,25.6
10.0,89,47.3,none,51,113.7,True,flat,0.3,95.4,497.4,2382,23.82
-17.1,86,42.7,none,100,87.1,True,mountainous,9.2,47.6,248.3,1714,65.0
-25.8,96,67.6,none,88,92.9,True,hilly,1.6,52.4,327.8,2461,65.0
12.3,81,58.3,none,51,65.8,True,flat,0.7,98.8,648.6,2427,21.55
23.5,69,66.5,none,48,114.2,False,flat,4.7,88.6,457.4,1846,9.81
6.6,87,16.9,rain,19,56.4,True,flat,9.4,61.1,332.6,2161,33.84
-14.1,17,51.2,rain,93,86.0,True,flat,9.6,64.3,362.7,1997,57.31
16.7,52,3.2,none,86,30.2,False,flat,6.8,57.9,398.3,2085,4.13
-24.4,99,5.5,none,38,124.0,True,hilly,1.8,53.5,331.6,1673,65.0
0.9,79,57.1,none,78,124.8,True,hilly,0.0,43.7,227.6,2249,43.13
-18.6,97,2.0,rain,79,101.0,True,flat,3.4,42.0,241.2,2010,61.08
-17.1,80,46.4,rain,31,72.3,True,flat,1.3,70.1,450.7,1604,53.89
-15.8,89,67.2,none,65,47.9,True,flat,7.6,71.8,499.5,2299,51.78
-2.9,74,30.4,none,33,79.2,True,flat,9.7,85.7,555.0,2402,37.29
-26.4,78,3.6,none,81,109.1,True,flat,0.8,45.7,245.1,1506,65.0
-2.2,57,57.1,none,24,90.5,True,flat,4.0,70.9,470.5,2307,37.21
5.8,93,74.4,none,70,82.7,True,flat,9.0,95.5,478.0,2067,30.51
3.8,84,57.4,none,39,114.9,True,flat,7.3,91.2,543.7,1550,38.44
-3.2,86,46.3,none,13,61.3,False,flat,8.7,72.1,410.1,1946,25.0
28.7,71,18.4,none,21,116.0,False,mountainous,9.2,48.0,331.0,1916,29.43
-19.8,37,1.2,none,69,73.9,True,flat,4.1,49.4,251.3,1692,62.16
5.4,13,55.6,none,32,30.2,True,hilly,6.9,68.6,378.3,1860,31.83
-25.7,94,18.5,none,67,103.2,True,hilly,7.1,77.0,425.2,2003,65.0
-25.0,63,68.7,none,47,117.8,True,flat,6.3,98.7,577.2,2049,65.0
10.2,37,37.3,rain,72,78.4,True,flat,3.3,89.9,615.4,1646,25.23
9.6,23,42.5,none,54,75.5,True,hilly,8.3,64.9,409.0,2087,34.77
31.5,85,60.3,none,38,110.5,True,flat,7.7,61.0,319.9,1757,20.33
9.1,85,62.4,none,23,118.5,True,hilly,4.5,40.8,271.4,1663,35.36
37.2,83,51.4,none,41,127.4,True,hilly,4.2,40.5,253.3,1831,34.05
-26.6,68,75.1,none,67,64.6,True,mountainous,0.1,68.5,344.5,2137,65.0
-23.1,43,78.6,none,77,89.5,True,flat,8.4,44.2,301.9,2460,65.0
-26.9,37,75.8,rain,24,112.3,False,mountainous,2.8,49.4,251.6,2325,65.0
-17.0,11,65.9,none,70,83.2,True,mountainous,4.7,98.8,614.7,2365,65.0
7.9,85,56.5,rain,26,76.2,False,flat,4.1,83.0,515.0,1716,17.3
15.2,18,53.1,none,30,87.2,False,hilly,6.8,67.1,417.4,1962,19.73
-26.8,67,8.3,none,58,65.7,True,flat,3.9,91.5,612.6,1946,65.0
36.2,55,21.7,none,36,49.2,True,flat,1.8,50.6,265.7,1960,14.08
29.0,57,0.5,rain,70,36.7,True,flat,8.7,63.4,384.5,1700,22.48
-9.2,93,11.0,snow,96,91.0,True,hilly,1.8,57.7,354.6,2343,55.57
-24.6,13,35.1,rain,23,67.9,True,flat,0.3,99.7,578.0,1832,65.0
-18.1,80,11.7,none,61,118.3,True,hilly,2.0,94.1,569.7,1974,65.0
-21.1,15,72.1,none,93,52.3,False,hilly,4.6,71.6,429.5,1863,61.67
-21.4,13,64.5,none,26,61.1,False,flat,4.2,65.4,426.6,1847,59.2
6.3,49,5.7,none,43,127.1,True,hilly,8.0,99.9,528.6,2114,35.08
-12.8,16,19.9,none,21,85.6,False,flat,1.9,52.4,265.0,2493,35.25
-4.9,81,65.5,none,68,64.7,False,flat,7.8,64.5,442.5,2385,32.03
39.3,58,64.2,none,70,116.1,True,flat,1.0,82.7,465.4,2428,20.44
17.9,13,75.6,none,70,104.3,False,flat,4.7,82.2,541.4,1934,14.03
36.4,14,79.8,none,59,87.3,True,hilly,8.7,74.5,419.9,1690,25.56
-20.0,65,78.1,rain,77,118.9,True,flat,4.1,97.1,486.3,1514,64.62
-3.3,83,32.8,none,13,39.4,True,flat,9.6,54.8,297.7,1544,37.07
8.8,49,20.0,none,96,69.4,True,hilly,6.3,74.1,386.2,2226,29.53
-24.6,60,60.7,none,30,111.1,True,mountainous,7.6,88.6,589.0,1863,65.0
-29.7,82,23.9,none,21,68.6,True,flat,5.1,53.9,288.2,2154,65.0
16.9,65,64.5,none,95,122.7,True,flat,4.3,92.3,644.7,2053,19.49
14.9,30,42.7,rain,85,45.3,True,flat,0.8,78.3,487.7,2480,19.75
-1.2,65,63.5,none,79,63.7,True,flat,1.2,62.9,354.9,2213,33.01
4.3,67,22.1,none,19,72.6,True,flat,5.7,78.9,473.9,2483,27.38
-0.9,76,40.6,none,83,98.7,True,flat,6.1,95.7,662.5,1800,36.06
-28.3,66,45.1,none,65,49.5,True,flat,9.8,99.3,622.8,1832,65.0
-6.5,97,75.4,none,76,31.0,True,mountainous,8.6,56.9,370.2,2010,60.4
-17.6,28,21.3,none,98,127.7,True,hilly,8.4,94.5,566.1,1997,65.0
-23.1,96,74.9,none,27,119.9,False,hilly,2.9,42.3,256.7,2020,65.0
37.0,58,64.4,snow,55,60.0,True,flat,4.1,40.4,281.8,2352,27.24
12.0,70,58.5,none,78,78.3,False,hilly,1.0,76.1,472.5,2214,16.61
21.0,19,62.9,none,49,78.9,False,flat,5.8,68.9,419.2,1678,13.11
-7.9,44,48.4,none,15,116.9,True,flat,0.7,68.2,459.8,2087,41.19
-2.5,79,19.5,none,20,89.7,True,flat,4.5,54.0,318.8,1675,31.05
-13.4,74,15.2,none,64,112.6,True,flat,5.7,75.8,451.1,1921,44.17
-23.2,14,69.3,rain,36,121.2,True,mountainous,2.3,41.0,263.3,2410,65.0
-17.5,59,58.0,rain,22,86.6,False,hilly,7.8,66.0,351.2,1573,55.86
25.8,18,17.1,none,41,58.5,False,hilly,6.7,62.0,326.2,2463,16.49
17.4,100,49.2,none,28,79.9,False,flat,1.5,51.6,321.7,1721,8.7
8.3,91,35.8,snow,12,115.1,True,hilly,9.8,70.6,379.1,1676,47.96
3.3,12,12.7,rain,24,88.4,True,mountainous,5.4,81.4,478.0,1981,46.29
34.6,87,42.5,none,89,119.6,True,hilly,0.3,88.8,586.7,2395,19.61
-24.9,93,22.5,none,11,119.5,True,hilly,3.5,67.7,380.7,1688,65.0
-10.4,42,7.7,rain,80,67.3,True,mountainous,9.8,54.4,352.7,1508,61.64
-5.5,75,37.4,none,78,74.8,True,flat,9.0,52.6,297.5,1919,41.98
24.8,50,47.2,none,61,97.8,False,hilly,1.5,74.8,379.7,2073,12.05
39.5,69,3.8,none,29,41.1,True,flat,8.6,63.4,328.4,2247,15.13
-13.2,41,32.2,rain,89,76.6,True,flat,6.2,59.1,346.5,1556,47.69
31.2,39,20.6,none,53,44.9,False,hilly,0.2,71.4,402.3,2022,9.33
28.1,48,2.5,none,26,114.8,False,flat,7.6,73.4,435.8,1667,12.82
-14.3,23,10.1,none,49,124.3,True,mountainous,4.1,54.0,326.7,1930,65.0
-2.0,85,11.1,rain,28,44.2,True,flat,4.0,62.7,431.7,2469,33.52
-1.3,41,14.6,none,44,96.7,True,flat,3.8,82.5,490.2,2480,33.35
38.5,46,64.3,rain,55,93.7,True,flat,6.0,63.2,424.7,2485,26.13
-17.3,90,35.2,rain,42,106.0,True,hilly,7.1,66.6,446.6,1863,63.73
25.9,55,11.8,none,69,99.6,False,flat,6.5,78.4,531.2,2203,13.07
-6.6,59,8.0,none,94,51.7,True,hilly,2.4,51.4,312.6,2373,34.77
21.2,96,23.8,none,41,59.1,False,mountainous,7.1,92.0,512.7,2006,24.02
-0.6,90,63.8,rain,42,46.5,True,flat,1.4,60.3,396.3,1974,32.08
10.5,25,29.2,none,76,122.1,True,flat,9.7,81.3,458.7,2222,27.03
28.3,53,12.8,none,58,82.2,False,flat,4.7,57.8,392.8,2003,7.02
26.3,97,32.3,none,49,127.6,False,flat,0.9,78.9,411.0,2082,11.46
30.6,44,44.4,none,83,74.9,True,flat,5.8,56.6,360.0,1953,17.17
-25.8,43,2.4,none,90,85.3,False,flat,5.8,84.9,506.1,2231,65.0
18.4,28,50.2,none,63,108.9,False,hilly,0.4,46.3,287.7,2350,14.18
-20.2,20,31.6,none,27,109.7,True,hilly,0.1,58.4,305.2,1954,59.97
-0.9,77,0.8,rain,52,53.1,True,flat,10.0,74.1,514.1,1991,37.41
8.4,79,53.9,none,55,58.8,True,hilly,3.9,78.0,501.4,2423,32.61
-1.8,97,57.0,none,49,39.8,True,flat,2.5,48.3,269.0,2063,27.62
6.4,80,50.3,rain,34,110.5,False,hilly,5.5,59.2,401.1,1975,29.65
39.8,32,27.4,none,53,109.4,True,flat,0.1,46.1,272.3,2471,21.03
-20.5,14,42.4,none,50,38.1,False,flat,0.1,90.1,483.8,1566,46.46
17.3,99,31.0,rain,29,55.7,False,flat,1.1,99.0,580.4,2123,6.09
-2.3,41,56.0,rain,91,75.0,True,flat,8.0,57.0,321.6,1526,43.98
-20.7,38,46.7,none,90,84.2,True,hilly,2.5,69.0,442.7,1949,63.37
-18.9,92,6.5,rain,78,82.3,True,flat,5.0,70.4,355.0,1824,65.0
36.4,63,51.4,none,46,128.3,True,flat,2.2,49.9,337.1,1935,27.48
31.6,29,55.0,none,43,106.4,True,flat,5.4,80.1,469.5,2403,14.84
33.5,90,29.7,rain,74,41.3,True,flat,5.1,71.0,371.1,2009,18.55
39.4,99,70.1,none,65,59.4,True,flat,4.0,70.8,462.9,2084,16.46
-15.4,18,67.4,none,64,64.5,True,hilly,4.3,43.5,303.6,1829,50.85
-5.1,88,14.0,none,21,61.5,True,flat,6.5,44.8,304.9,2485,33.07
16.8,45,72.3,none,66,108.6,False,hilly,8.4,97.9,521.5,2475,20.39
3.9,57,35.3,none,91,66.1,True,flat,3.2,96.4,523.7,2372,21.02
-0.7,92,57.9,none,18,79.2,True,flat,5.3,41.1,286.6,2208,32.23
-5.0,98,65.1,none,41,83.3,True,flat,8.5,72.4,391.5,1928,40.69
11.6,34,40.4,none,56,57.0,True,flat,1.7,43.9,245.9,1627,22.51
10.3,29,31.9,none,72,62.3,True,flat,9.8,87.6,547.1,2409,29.03
-18.7,17,73.2,none,18,108.0,True,flat,7.5,43.0,239.8,2034,58.72
3.0,61,18.5,none,89,116.7,True,flat,3.7,73.0,420.4,2062,33.31
8.7,11,20.6,rain,14,33.7,True,hilly,3.8,77.2,500.2,1603,25.85
9.9,47,28.9,none,87,90.5,True,hilly,2.1,45.8,283.1,2293,26.65
-15.3,17,68.8,none,12,93.3,True,flat,2.7,75.7,500.9,2052,52.92
22.0,46,75.1,none,24,103.7,False,flat,5.9,96.5,632.2,1758,15.92
-28.2,14,17.6,none,82,99.4,True,flat,0.0,45.8,302.5,1672,65.0
-5.2,85,69.1,none,87,117.7,True,hilly,0.2,81.1,434.2,2114,43.78
24.6,29,20.7,none,98,37.8,False,flat,9.9,56.3,310.3,2364,4.8
9.5,40,77.7,none,20,68.8,True,mountainous,2.4,56.4,302.7,2025,38.66
-11.7,88,47.8,none,57,108.2,True,flat,8.3,72.6,381.1,2361,52.53
18.6,77,0.6,none,17,114.7,False,hilly,6.1,95.7,641.0,1687,16.7
9.7,30,2.7,none,24,56.5,True,mountainous,4.5,53.8,269.6,2053,38.56
25.7,16,11.8,none,26,88.5,False,flat,7.3,99.6,623.0,1941,7.92
21.5,74,15.0,snow,16,48.1,False,hilly,0.5,45.5,306.8,1823,17.61
12.7,45,61.4,snow,90,115.1,False,hilly,7.6,96.4,514.4,1600,32.18
4.2,79,17.8,none,21,103.0,True,flat,8.6,41.1,281.9,1706,34.29
-20.7,50,77.5,rain,67,52.2,True,flat,2.8,49.7,343.9,2388,64.4
-11.7,41,50.9,none,66,92.4,True,hilly,3.0,98.6,607.4,1862,59.41
-0.7,51,55.4,none,28,80.9,True,mountainous,1.0,56.0,354.5,2358,43.87
12.0,77,17.4,none,100,55.9,True,hilly,8.6,40.4,217.2,2314,25.69
6.0,91,71.4,none,41,119.3,True,mountainous,8.1,93.1,648.8,1805,45.87
-9.8,14,53.4,none,91,44.8,True,hilly,4.3,94.8,614.5,1978,47.41
-29.5,57,69.2,none,95,76.7,True,flat,3.8,84.7,510.7,1953,65.0
4.7,13,76.5,snow,95,88.3,True,flat,4.3,96.4,578.4,2397,33.02
-10.0,52,10.1,rain,78,112.4,True,flat,4.2,55.9,348.8,2115,45.45
21.4,90,7.7,rain,33,45.0,False,flat,4.3,78.7,422.9,1937,8.64
-28.3,43,64.3,rain,21,90.9,True,hilly,1.5,84.5,523.6,2019,65.0
10.9,94,69.3,rain,61,30.7,True,hilly,0.1,98.4,505.8,2342,32.51
35.9,67,46.7,none,42,112.3,True,hilly,7.6,93.9,583.0,1808,28.57
-17.8,94,29.3,none,85,53.5,True,flat,3.4,43.5,267.8,1916,48.23
3.0,78,52.2,none,77,102.1,True,mountainous,4.9,60.3,344.9,1630,47.96
-23.6,19,24.5,none,35,90.2,True,flat,3.1,76.9,398.4,2068,65.0
13.8,31,19.1,none,12,35.0,True,hilly,3.8,91.3,557.1,2470,24.18
8.5,45,39.1,rain,31,48.3,False,flat,0.7,56.8,333.6,1844,13.26
-1.5,25,17.3,snow,61,56.8,True,flat,3.7,40.5,227.7,2441,38.35
6.5,55,38.7,none,17,118.7,True,flat,4.6,51.2,299.9,2305,35.15
32.8,52,76.5,none,69,78.1,True,flat,8.3,65.5,335.6,2292,20.96
-16.3,96,67.2,rain,70,121.4,True,hilly,3.2,43.7,225.8,2243,65.0
-28.4,49,75.3,none,25,34.7,True,hilly,0.9,42.5,225.0,2260,65.0
30.3,81,64.5,none,64,30.7,True,hilly,7.6,64.1,391.4,1837,29.33
10.4,95,28.4,rain,65,124.8,True,flat,3.8,78.9,439.0,2332,28.67
32.3,89,65.0,rain,53,102.4,True,flat,9.2,82.6,452.0,2474,30.27
11.8,29,73.8,none,96,108.3,True,flat,9.6,72.0,450.6,1604,32.55
26.7,55,75.8,rain,20,121.6,False,hilly,8.7,66.2,409.7,1627,24.36
0.1,41,54.7,none,47,128.5,True,flat,2.3,41.1,233.5,1512,38.59
22.5,46,16.9,none,89,39.8,False,flat,2.5,55.8,383.3,2202,3.23
33.9,42,3.2,none,45,45.8,False,flat,7.9,80.2,464.8,1573,6.65
10.0,84,11.8,none,48,48.9,True,flat,4.5,67.0,360.3,2022,26.02
-17.3,51,77.2,none,70,111.8,True,hilly,3.0,55.8,378.5,2188,65.0
-11.2,57,37.0,snow,70,65.6,True,flat,2.9,53.8,344.3,2095,48.76
-16.1,98,68.4,none,12,89.3,True,flat,5.8,41.0,266.6,2107,59.61
-12.7,15,37.2,none,51,115.5,True,flat,9.0,89.5,599.5,2461,49.02
-8.6,54,52.9,none,40,98.3,True,flat,6.2,92.7,611.0,1801,44.4
8.9,80,1.9,none,66,36.5,True,flat,6.2,61.9,414.7,2120,23.99
11.2,24,20.0,rain,60,74.6,True,flat,7.5,82.1,447.7,2127,24.74
-0.1,65,34.9,none,69,36.8,True,flat,7.6,43.9,273.6,1776,35.33
13.1,32,50.5,none,69,77.9,False,hilly,9.1,93.3,592.7,1803,20.11
-24.3,88,13.7,none,33,51.9,True,flat,1.6,94.4,527.3,2241,65.0
-23.9,39,61.2,rain,32,30.1,True,flat,9.8,49.4,345.3,1815,65.0
-18.0,40,29.2,none,43,111.3,True,flat,3.3,86.8,574.4,1732,51.71
6.3,64,65.4,none,32,126.9,True,flat,2.8,68.4,467.1,2484,22.97
-15.0,27,7.8,snow,71,126.4,True,flat,5.1,80.9,428.9,1593,60.33
-10.2,36,54.4,none,64,59.9,True,flat,2.6,68.5,347.6,1813,37.38
-2.0,47,23.5,none,29,112.9,True,flat,2.3,44.7,226.2,2341,31.04
26.8,42,63.6,snow,90,97.9,False,hilly,9.7,90.4,608.7,1703,28.51
-29.0,57,32.2,none,51,110.0,True,flat,1.0,45.1,275.1,1757,65.0
15.5,64,53.2,rain,21,114.6,False,flat,9.9,61.6,346.0,1662,19.22
16.8,61,74.7,none,29,128.0,False,hilly,6.2,99.2,655.5,2085,23.15
25.9,69,1.7,none,59,45.2,False,hilly,9.6,65.6,412.5,1503,14.99
35.3,38,0.9,none,40,107.0,True,flat,9.0,89.2,556.6,2376,25.71
-28.6,21,61.6,snow,87,103.4,True,hilly,6.5,50.1,330.7,1875,65.0
-19.2,78,51.7,snow,55,58.8,True,flat,5.9,89.8,533.3,2001,65.0
32.0,87,23.4,none,92,69.3,True,flat,9.9,67.7,360.3,1749,20.26
2.1,33,39.6,none,19,47.7,True,flat,5.2,70.6,482.5,1542,29.01
9.5,47,3.4,none,70,121.3,False,mountainous,1.8,98.1,660.4,2462,27.36
16.4,55,15.4,none,90,117.9,False,hilly,9.9,93.2,512.2,2381,24.02
17.5,58,34.0,none,36,91.4,False,flat,3.2,60.9,344.4,1776,10.5
35.2,69,66.7,rain,22,81.2,True,flat,0.9,97.0,643.9,1599,16.27
39.8,14,38.4,rain,51,53.3,True,hilly,7.2,46.2,320.7,1950,32.2
20.4,75,46.9,rain,97,109.0,False,flat,4.5,41.6,272.3,2051,16.02
-9.9,16,69.9,none,67,30.8,True,flat,3.9,72.0,367.3,2070,42.56
31.6,52,24.7,rain,68,76.3,True,flat,6.3,86.2,501.4,2417,18.62
-26.6,84,56.1,rain,70,116.1,True,flat,0.5,53.3,348.9,2173,65.0
-13.8,51,68.9,none,14,91.8,True,flat,7.0,44.8,265.9,2116,54.08
32.8,23,16.2,none,50,93.5,True,hilly,5.0,90.7,576.3,1585,28.45
-12.1,99,28.5,none,17,37.1,True,flat,4.9,99.2,503.1,2025,37.64
-14.6,90,78.4,none,38,58.7,True,hilly,9.0,81.7,442.9,2053,60.03
-20.3,79,78.7,snow,84,97.4,True,flat,8.3,98.5,642.1,2130,65.0
30.1,47,17.9,none,69,35.0,True,hilly,5.3,90.0,484.4,1661,19.45
5.0,27,5.3,snow,100,63.1,True,hilly,5.8,55.1,382.6,2461,41.62
17.2,95,21.7,none,25,65.4,True,flat,8.1,46.6,267.1,2072,23.43
-13.3,58,31.8,rain,46,79.9,True,hilly,4.1,88.5,477.1,1916,52.86
23.1,87,35.3,rain,83,66.2,False,hilly,6.7,79.6,428.8,2164,18.17
23.2,41,49.5,none,29,75.4,False,hilly,5.4,88.8,475.0,1645,12.17
-8.1,40,72.0,snow,24,84.7,True,flat,5.0,83.1,473.3,1936,54.01
-1.3,99,26.4,none,48,42.8,True,flat,9.8,70.3,433.3,2221,38.4
-15.3,57,68.0,none,45,48.0,True,flat,0.2,96.4,652.6,2441,45.28
38.4,23,7.5,none,98,113.3,False,flat,4.1,85.2,585.2,1947,9.14
15.2,30,3.3,none,51,76.0,False,mountainous,9.3,40.5,251.2,2131,28.86
35.4,53,40.3,snow,87,65.5,True,flat,9.3,82.3,515.4,1931,29.9
-8.8,14,4.8,none,90,73.4,True,hilly,7.5,72.6,438.9,2024,43.43
24.7,52,31.4,none,24,47.5,False,hilly,5.9,48.3,274.0,2003,8.56
23.6,48,71.7,rain,74,54.0,False,flat,6.9,66.1,401.1,2196,12.01
18.4,80,19.3,none,35,81.6,False,mountainous,2.5,71.5,380.9,2153,19.34
37.6,42,56.5,none,19,65.9,True,hilly,4.9,68.1,384.5,1508,21.97
-2.5,98,24.2,none,89,77.5,True,flat,5.4,66.1,356.7,1583,29.88
-20.8,26,3.6,none,36,45.0,False,flat,0.6,77.9,520.2,2261,42.23
17.0,63,44.5,none,41,45.6,False,flat,8.7,79.5,423.5,1661,11.22
21.1,18,66.8,none,39,68.4,False,flat,4.6,81.9,531.5,2270,9.83
10.3,76,32.8,none,28,67.9,False,flat,9.0,85.7,439.8,2315,13.89
-15.5,100,49.4,none,49,118.3,True,hilly,3.9,90.0,568.7,2435,58.57
5.3,84,72.0,none,49,33.3,True,flat,4.1,74.5,486.2,2314,23.19
-8.1,60,63.2,rain,47,129.3,True,hilly,2.4,44.4,230.8,2033,54.11
-0.1,54,15.5,none,92,125.7,True,flat,6.4,61.9,405.0,1711,29.96
15.2,85,58.7,snow,41,84.2,False,flat,5.5,40.2,248.3,1629,19.52
22.2,94,40.2,rain,13,101.9,False,flat,9.1,75.7,482.5,2374,16.33
-13.7,99,59.7,snow,26,123.5,True,mountainous,4.3,98.5,635.0,1890,65.0
-1.6,46,39.6,none,75,55.1,True,flat,6.5,89.6,477.4,1552,38.5
-11.2,99,10.2,rain,63,61.6,True,hilly,7.1,69.2,456.3,1847,51.99
-16.1,24,45.6,rain,96,41.1,False,flat,3.2,82.5,541.5,2369,41.79
24.8,33,39.4,none,72,86.4,False,flat,8.8,84.5,531.9,2062,12.76
33.6,18,41.4,none,27,45.9,True,hilly,3.8,75.7,454.9,2141,25.38
-4.1,34,70.3,none,21,123.1,True,mountainous,6.4,93.1,624.0,1753,57.48
22.6,79,71.6,none,57,73.2,False,hilly,6.2,59.3,401.0,1519,15.63
32.8,87,36.3,none,70,122.0,True,hilly,4.2,80.4,455.9,2417,31.79
29.2,80,36.5,none,25,50.5,False,flat,1.8,43.9,266.2,1574,3.76
-17.2,67,41.2,none,64,99.4,True,flat,5.9,48.3,284.9,2499,65.0
36.9,56,41.6,snow,88,94.8,True,flat,3.8,96.3,563.4,2369,27.15
-3.6,74,76.0,none,75,70.0,True,flat,3.8,72.6,483.1,1616,35.81
-6.3,45,52.0,none,70,119.8,True,flat,4.9,85.3,539.5,2499,44.88
-25.6,86,22.2,none,81,73.5,True,flat,6.8,92.2,548.1,2308,65.0
4.0,71,42.5,none,19,49.8,True,flat,7.3,96.0,631.7,2348,25.0
-22.4,73,50.2,none,28,127.7,True,hilly,4.3,45.4,312.5,2310,65.0
-12.6,58,51.2,rain,13,74.1,True,flat,1.2,82.1,477.5,2429,44.21
-7.8,90,46.8,none,23,50.8,True,flat,7.9,77.8,410.0,2257,45.41
26.6,33,14.2,none,92,66.4,False,flat,6.7,76.0,519.9,2026,6.99
31.3,44,2.7,none,30,91.4,True,mountainous,8.0,48.7,336.9,1500,39.41
-8.8,80,27.0,rain,70,81.2,True,flat,3.2,86.4,502.6,1779,42.85
30.1,54,34.2,snow,72,93.5,True,flat,9.1,58.9,371.1,2100,36.2
30.0,90,4.9,none,68,96.2,True,flat,2.6,53.3,276.3,1812,19.5
23.5,41,65.2,none,60,42.3,False,flat,2.9,82.4,419.8,1910,6.31
-19.7,43,27.5,rain,54,61.5,True,flat,5.4,52.9,274.6,1608,63.41
18.3,90,73.1,rain,48,104.9,False,flat,10.0,69.9,457.9,2480,19.22
36.2,52,12.4,none,93,95.0,True,flat,2.0,59.1,349.5,1615,23.01
17.8,56,4.6,none,11,38.8,False,flat,8.4,89.4,564.2,1571,9.19
-6.8,40,38.6,none,15,61.5,True,flat,0.0,97.3,594.2,2084,30.05
5.0,35,15.1,none,54,123.1,True,flat,2.4,89.5,482.1,2122,31.38
15.2,69,75.0,none,40,116.2,False,flat,3.5,63.8,423.0,2024,18.86
5.7,21,0.8,none,47,97.1,True,flat,6.5,49.8,270.2,1853,33.01
-21.6,89,33.0,none,100,37.3,True,flat,1.1,81.9,439.4,2424,57.55
-8.2,80,74.1,none,80,90.7,True,hilly,1.3,94.2,587.5,1843,39.97
26.2,27,30.8,snow,89,31.2,True,hilly,1.5,64.1,431.9,1811,21.87
30.3,72,7.4,snow,43,96.1,False,flat,6.6,42.4,285.8,2445,15.64
-20.4,64,24.2,none,32,103.1,True,flat,1.1,47.5,278.9,2385,58.41
36.7,27,39.8,rain,79,79.7,True,hilly,4.0,63.0,401.1,1977,30.25
-7.0,35,14.8,none,83,30.4,True,hilly,1.6,70.0,465.3,1761,40.95
16.4,47,37.3,none,59,96.7,False,flat,3.8,57.4,312.0,1629,11.94
22.6,73,66.9,none,91,112.0,False,flat,7.1,69.2,400.9,2299,13.01
26.8,67,69.8,rain,97,88.6,False,hilly,2.8,97.5,611.2,2226,19.66
36.2,58,3.9,snow,52,100.9,True,flat,6.2,44.6,298.0,1606,28.35
-8.1,79,12.9,rain,30,39.0,False,flat,2.5,88.2,500.3,2240,28.32
30.1,78,22.0,none,57,101.5,True,hilly,7.4,67.3,420.2,2398,23.58
-20.8,66,47.6,rain,99,91.4,True,flat,7.8,79.2,405.4,1556,65.0
19.4,81,28.9,snow,36,63.1,False,flat,3.1,98.2,673.9,1911,12.57
21.9,40,67.5,none,66,98.5,False,flat,0.2,67.6,459.0,1908,12.62
17.4,89,57.3,rain,72,94.6,False,hilly,1.3,45.8,313.2,2310,18.88
-12.3,65,8.0,none,29,89.9,True,flat,4.9,89.7,622.0,1619,51.82
31.1,84,50.0,rain,63,48.3,True,hilly,3.8,55.9,373.9,1651,21.2
-18.2,59,9.0,none,38,59.6,True,flat,3.5,94.3,511.4,1883,52.43
-26.2,30,20.4,none,87,129.1,True,hilly,5.8,44.9,276.8,2352,65.0
20.2,59,14.2,rain,74,73.3,False,flat,1.6,53.7,287.7,2487,6.54
3.3,43,13.8,none,84,35.9,True,hilly,4.6,98.1,494.4,2046,32.78
29.4,73,49.3,none,28,119.9,True,flat,2.0,92.8,490.7,1658,18.4
-3.2,53,45.1,none,13,47.3,False,flat,9.8,53.1,355.1,2403,24.36
-18.2,85,14.1,rain,87,70.4,True,hilly,0.5,86.6,561.7,1662,56.21
28.6,71,79.2,none,45,57.8,False,hilly,0.2,45.2,294.5,1868,10.37
8.4,72,33.7,rain,26,126.4,True,flat,5.6,49.5,287.5,2241,32.6
-16.8,30,7.8,rain,18,67.8,False,hilly,0.6,50.9,257.4,1560,45.93
20.4,99,9.6,none,56,100.9,False,hilly,8.1,42.6,240.0,1985,13.9
5.8,86,46.7,none,24,89.8,True,flat,8.2,69.1,408.3,1907,32.68
12.3,81,78.3,none,61,34.3,True,mountainous,4.3,63.4,362.6,2445,31.67
2.3,40,45.8,none,75,68.4,False,flat,8.4,75.4,452.5,2046,23.18
28.0,58,75.9,none,58,69.0,False,flat,7.4,81.3,506.2,2388,13.55
28.1,22,35.5,none,91,129.0,False,flat,1.4,75.7,396.5,1589,11.21
19.7,58,34.9,none,24,111.2,True,mountainous,8.6,56.7,386.5,2058,38.79
-22.6,23,40.0,none,54,115.7,True,flat,8.7,45.0,275.1,2192,65.0
28.7,60,55.8,rain,25,61.4,False,hilly,3.2,83.9,563.3,1651,15.12
17.0,68,29.4,none,89,62.9,True,hilly,7.7,58.5,348.3,2348,25.82
18.8,45,69.1,snow,94,81.6,False,flat,9.0,54.8,354.3,2379,24.14
-4.6,55,2.3,none,46,93.1,True,flat,7.5,81.4,552.9,2178,34.54
31.5,89,35.2,none,38,102.8,True,flat,0.9,66.5,412.5,2020,14.79
20.8,20,40.9,none,35,112.1,False,flat,0.9,52.3,304.1,2194,8.74
-22.1,81,48.6,none,87,117.3,False,hilly,9.8,86.0,529.0,1785,65.0
-1.5,25,22.1,rain,71,32.5,True,mountainous,5.4,88.4,471.4,1611,47.48
32.0,13,34.2,none,89,109.6,False,mountainous,6.4,99.1,634.8,2052,26.89
-26.7,27,38.8,none,21,91.1,True,flat,9.1,68.1,345.5,1983,65.0
37.3,79,55.0,none,53,83.2,True,hilly,0.1,42.2,249.2,1926,16.99
17.5,46,61.9,none,71,92.8,False,hilly,4.3,71.0,432.7,1689,17.21
14.2,89,59.0,none,91,118.2,True,hilly,5.7,41.4,240.3,1690,27.78
-11.1,57,27.3,none,44,84.5,True,flat,0.0,96.9,577.8,2485,39.08
-12.6,12,80.0,none,38,46.2,True,flat,6.2,50.5,270.2,2427,40.03
35.9,75,67.9,none,92,73.7,True,mountainous,8.5,95.5,492.6,1753,36.45
-9.1,20,20.8,none,14,122.4,False,hilly,0.5,97.0,571.0,1560,35.61
24.3,81,15.6,rain,53,111.4,False,hilly,8.0,86.5,594.2,1825,18.61
-2.5,25,25.1,none,51,50.3,True,flat,9.8,45.2,242.5,2345,34.74
-20.3,41,36.2,none,23,101.4,True,flat,9.2,73.5,409.1,1723,63.33
-29.2,79,68.1,none,46,55.6,True,hilly,5.4,61.3,414.0,2484,65.0
8.1,96,62.3,none,75,64.9,True,flat,8.6,89.2,493.8,1704,33.38
38.3,43,68.1,none,43,76.9,True,flat,7.7,58.1,335.5,2058,21.27
-4.2,85,21.8,none,38,74.1,True,flat,8.2,67.1,349.0,2492,40.24
-5.0,27,47.5,none,80,32.9,True,flat,4.0,74.4,379.0,1630,33.68
-5.9,83,22.7,none,99,107.4,True,flat,4.8,42.1,266.2,1698,47.53
6.4,69,8.7,rain,80,114.6,True,flat,2.4,76.5,405.4,2090,30.43
0.8,27,54.7,rain,86,83.1,True,flat,0.5,60.7,371.0,2289,37.75
31.6,37,11.4,none,95,47.3,False,flat,6.0,71.8,420.5,2202,7.21
5.4,22,53.4,none,82,54.8,True,mountainous,3.1,47.5,246.4,2089,36.57
5.5,44,51.8,none,98,42.6,True,hilly,5.0,60.1,352.3,1930,33.16
-20.3,28,64.8,rain,77,47.0,True,flat,9.6,74.9,411.7,2286,65.0
38.8,68,11.2,snow,70,117.6,False,flat,0.6,74.3,499.0,1641,13.58
-12.5,100,62.7,none,72,78.0,True,hilly,8.7,49.5,273.4,1745,54.99
-24.9,11,79.9,none,91,41.1,True,flat,0.9,64.9,415.1,2289,65.0
16.4,59,68.1,rain,71,55.5,False,flat,6.5,71.2,453.3,1781,11.31
11.7,62,60.1,rain,79,125.0,True,hilly,3.4,44.9,241.7,1638,37.42
-0.9,92,53.0,none,29,80.9,False,flat,1.0,76.0,464.2,2343,20.03
-0.4,56,33.7,none,92,81.6,True,hilly,7.6,53.9,360.2,2269,45.91
25.0,59,58.4,none,50,82.6,False,flat,7.0,95.2,495.2,2139,11.84
-16.3,52,57.9,none,24,41.2,True,flat,6.4,56.1,349.1,2156,52.15
27.4,34,50.5,none,82,127.0,False,flat,9.6,87.2,465.8,2164,16.35
15.4,15,63.7,none,42,38.4,False,mountainous,0.2,74.9,410.7,2231,19.29
-0.7,47,35.9,rain,27,100.0,True,flat,4.3,81.1,510.8,1815,31.95
2.1,15,9.7,rain,33,35.8,True,hilly,5.6,94.1,590.6,2365,35.38
-12.0,60,44.7,rain,13,74.4,False,hilly,3.6,90.9,575.1,1760,42.81
22.6,38,21.2,none,18,120.0,False,flat,6.7,47.7,290.0,1914,14.8
5.9,58,30.8,none,63,106.8,True,hilly,9.0,96.0,630.7,2010,41.47
-7.5,22,1.4,none,88,63.5,True,hilly,7.0,48.3,304.3,2306,42.5
11.7,94,30.6,none,50,85.1,True,flat,5.7,59.0,320.1,1933,14.85
39.7,91,64.7,none,66,46.5,True,flat,7.4,71.4,371.4,2008,23.06
0.5,27,43.4,none,83,125.6,True,flat,1.1,96.0,482.0,2352,39.38
34.4,41,0.8,none,42,100.9,True,flat,6.3,77.6,389.2,2500,17.59
-5.8,65,37.6,none,69,67.4,True,hilly,4.1,92.5,482.2,2293,54.33
-26.2,19,23.3,none,42,61.8,True,hilly,3.2,96.5,566.3,1802,65.0
-15.7,42,38.2,none,68,53.9,True,flat,5.1,84.9,425.5,1610,51.09
-0.7,33,32.4,none,30,108.7,True,mountainous,8.0,68.9,397.3,2195,47.59
-14.6,92,74.6,rain,98,73.5,True,mountainous,4.1,63.3,414.8,2187,65.0
-30.0,87,3.3,none,17,63.0,False,flat,7.0,56.5,297.1,1989,65.0
34.1,62,54.7,none,55,120.5,False,hilly,5.9,70.4,462.9,2225,16.21
29.1,57,68.1,none,36,45.0,True,flat,9.2,42.9,230.7,1563,21.98
22.0,94,76.7,rain,64,56.4,False,flat,4.4,53.7,292.9,2494,11.18
-18.3,94,14.2,none,49,64.5,True,hilly,8.2,61.5,337.5,1984,65.0
-21.6,97,42.5,rain,38,56.0,True,flat,8.4,91.2,515.1,2067,65.0
-25.3,21,3.5,none,33,88.5,True,flat,4.6,62.6,375.5,2033,65.0
20.7,24,39.9,none,26,90.1,True,flat,4.9,54.4,345.9,2045,21.78
35.0,71,10.0,snow,80,35.5,True,hilly,3.3,87.0,569.8,2282,22.76
0.1,59,67.0,none,30,44.5,True,flat,5.0,96.6,487.1,1571,34.65
-21.7,12,9.1,none,80,49.9,True,flat,2.5,86.5,457.6,2421,64.07
5.9,16,41.1,none,54,37.0,True,hilly,8.6,47.5,308.9,1843,31.48
-5.6,90,41.7,none,17,42.5,True,hilly,2.5,59.2,387.6,2125,43.2
-3.8,88,77.7,none,25,54.0,True,flat,2.6,76.2,524.7,1558,34.51
13.5,42,52.4,none,90,64.6,True,flat,9.0,51.8,288.9,1989,22.12
20.3,90,23.0,none,64,109.1,False,flat,5.3,78.2,426.2,2315,7.54
-22.3,63,19.3,snow,27,51.8,False,flat,1.1,54.2,333.0,1813,58.81
-27.5,83,10.3,none,73,97.0,True,mountainous,3.5,72.6,374.2,1860,65.0
39.6,48,60.5,none,84,35.8,True,flat,7.1,82.4,531.6,2144,20.17
-13.7,20,55.3,none,40,95.8,True,flat,4.1,87.2,519.5,1569,47.86
-26.2,49,48.8,none,60,109.5,True,hilly,4.2,88.0,565.2,1884,65.0
-16.7,51,3.3,none,36,90.5,True,hilly,5.0,86.5,459.9,2281,61.44
-27.3,60,61.0,none,17,50.1,False,hilly,2.2,48.2,286.0,2169,65.0
-2.6,20,51.4,snow,46,63.0,True,hilly,4.2,99.4,565.4,2045,45.3
26.2,99,77.1,none,78,110.5,False,mountainous,2.2,86.3,513.0,2086,25.57
-6.1,32,47.0,none,51,73.2,True,flat,3.5,46.2,282.8,1755,40.77
1.1,28,24.3,none,46,55.5,False,flat,5.3,81.9,521.3,2447,20.21
17.3,57,30.5,none,43,123.3,False,mountainous,6.9,68.2,459.2,2496,31.79
5.6,58,14.1,rain,51,93.7,True,flat,6.3,65.7,359.0,1663,26.55
30.3,50,57.8,none,39,110.6,True,hilly,5.8,80.6,471.8,1576,21.51
30.6,79,56.6,none,65,32.5,True,flat,6.0,50.1,261.7,1674,15.01
-29.3,56,16.1,rain,16,63.9,True,flat,5.1,100.0,566.6,1816,65.0
24.5,65,12.7,rain,83,75.9,False,mountainous,6.1,72.7,418.6,2211,25.74
2.3,75,6.2,none,26,88.7,True,flat,3.8,75.7,445.2,2037,32.99
39.2,12,73.0,rain,67,49.0,True,mountainous,9.0,65.5,449.0,1556,37.71
3.8,61,18.6,none,50,79.8,True,flat,5.9,76.4,520.7,2003,32.83
39.1,90,27.5,none,80,98.6,True,flat,9.4,79.8,410.2,2096,22.11
22.8,12,22.4,none,84,64.6,False,flat,4.0,60.7,353.9,1634,6.77
-12.6,46,33.1,none,28,99.1,True,flat,3.9,67.7,382.0,1586,46.68
7.7,93,57.1,none,71,69.0,True,flat,9.7,55.3,316.6,1919,26.48
39.4,42,69.6,none,27,76.9,True,flat,7.3,86.3,561.2,2275,19.64
30.0,51,14.6,none,21,43.4,True,flat,5.2,84.2,454.4,1665,13.56
-23.2,98,54.9,none,94,95.1,True,flat,7.2,88.7,577.3,1629,65.0
19.4,28,28.2,none,25,52.4,False,mountainous,4.0,82.2,561.6,2340,18.19
-5.8,16,78.4,rain,31,112.9,True,hilly,7.6,41.2,263.2,1756,55.43
-29.5,87,23.9,none,22,85.3,True,hilly,2.1,51.5,299.7,1619,65.0
-1.8,88,0.6,none,52,86.0,True,hilly,9.5,63.3,324.5,2406,42.68
-13.6,52,41.3,none,93,121.2,False,flat,4.6,54.1,281.5,1884,41.7
27.3,56,12.1,none,34,46.7,False,hilly,0.9,71.9,462.3,1918,9.23
-6.4,85,3.6,none,59,83.0,True,flat,8.5,93.9,490.8,2468,39.1
27.9,76,55.9,snow,47,68.2,False,flat,8.9,84.3,491.2,2205,21.51
-30.0,34,58.6,none,40,126.6,True,flat,7.3,56.0,377.6,2411,65.0
-8.5,12,36.9,rain,61,109.3,True,hilly,6.3,63.9,387.7,1804,51.66
-13.1,53,54.2,none,60,105.8,True,hilly,9.3,43.1,244.6,2106,52.5
-13.7,87,43.1,rain,42,50.4,True,flat,6.2,40.4,220.5,1965,49.24
-25.2,91,50.4,none,87,53.7,True,flat,7.9,65.5,398.3,2499,65.0
-16.9,96,47.7,snow,15,32.9,True,flat,4.7,83.7,475.3,1985,55.6
8.9,89,53.3,none,18,93.9,True,hilly,7.3,91.6,634.0,2187,30.32
-9.6,62,16.0,none,99,67.1,True,flat,10.0,65.9,331.2,1702,41.77
-0.8,50,21.5,none,77,61.2,True,flat,3.8,50.8,350.1,1640,30.48
-3.6,80,35.2,none,82,93.7,True,flat,7.2,55.7,301.9,1599,40.07
31.3,77,35.7,none,64,112.9,False,flat,1.5,66.7,410.3,2072,6.91
33.4,58,62.0,none,48,43.3,True,flat,6.4,79.0,436.5,2374,18.14
4.5,18,29.4,rain,67,121.9,True,flat,3.2,72.6,481.5,2374,35.73
-6.9,93,13.0,none,18,33.4,True,flat,8.7,90.4,578.6,1569,40.1
-22.5,51,20.1,none,78,39.5,True,flat,3.6,41.1,224.8,2294,65.0
36.7,43,17.2,none,59,113.8,True,flat,4.5,99.5,610.1,2380,24.18
-25.8,67,58.5,none,96,79.3,True,flat,9.8,95.8,652.8,2307,65.0
-9.2,71,37.6,none,67,123.9,True,flat,2.2,49.0,266.8,1524,47.89
-9.1,29,56.7,none,24,76.2,True,flat,5.6,42.9,284.3,2206,40.06
-7.6,85,33.3,none,53,122.6,True,hilly,8.6,77.1,507.5,1871,51.2
-18.5,36,71.2,none,15,54.0,True,hilly,3.1,83.3,480.2,2228,65.0
24.8,27,78.7,none,77,91.6,False,flat,0.2,68.5,347.8,1959,8.94
-21.4,47,53.6,snow,55,129.4,True,flat,9.0,56.7,302.4,2170,65.0
14.4,76,69.1,none,43,67.6,True,flat,6.2,78.3,466.0,1774,19.74
-21.3,97,40.6,none,97,30.1,True,mountainous,2.3,78.2,464.3,1646,65.0
-25.1,83,74.8,none,95,36.4,True,mountainous,2.8,48.9,254.8,2422,65.0
33.7,95,66.5,none,96,115.9,True,flat,8.0,88.0,490.3,2219,26.18
-16.7,23,79.3,none,30,79.2,True,hilly,6.4,85.0,489.1,2444,65.0
27.5,16,49.8,snow,76,83.7,False,flat,7.3,45.1,299.1,2307,19.93
8.1,60,62.3,snow,95,109.9,False,hilly,5.8,67.7,460.5,1729,30.37
-24.6,36,43.4,none,61,111.2,True,flat,7.9,63.6,394.8,2201,65.0
36.9,85,20.7,none,29,77.7,True,flat,8.2,67.7,375.8,2060,17.75
-12.7,70,28.4,snow,84,115.8,True,flat,3.9,67.7,431.2,1777,57.03
30.2,97,71.5,none,89,76.8,True,flat,9.0,71.4,492.2,2366,22.02
-18.2,33,4.5,none,73,97.5,True,flat,5.1,56.6,295.6,2280,64.23
29.8,54,47.3,none,36,33.3,False,flat,1.6,68.2,379.2,1628,4.56
-29.1,55,29.8,none,27,43.8,True,flat,2.2,46.0,280.1,2070,65.0
5.8,32,30.9,snow,66,115.1,True,flat,7.3,50.6,287.5,2268,38.36
23.9,63,70.8,rain,53,61.3,False,flat,3.8,45.3,304.7,1661,10.74
35.4,50,68.3,none,70,63.5,True,hilly,2.6,51.2,282.6,2492,24.01
33.6,50,47.9,rain,20,96.3,True,flat,6.0,40.3,272.4,2105,23.39
27.4,43,21.8,none,22,89.3,False,hilly,7.8,42.3,281.7,2362,14.74
32.2,12,38.0,rain,43,38.2,False,flat,1.1,87.8,468.5,2046,7.16
-16.1,57,32.7,none,33,106.6,True,flat,4.5,51.9,269.5,1809,56.76
-10.1,40,28.3,none,66,91.7,True,flat,7.7,71.2,452.4,2335,46.08
-9.8,10,8.2,none,43,115.5,False,flat,9.0,62.2,360.8,1947,38.0
-3.6,38,43.4,none,72,83.5,True,hilly,0.1,59.7,326.5,2083,39.63
-2.5,35,24.1,none,79,71.4,True,flat,6.6,91.4,624.4,2076,29.17
8.1,45,52.9,none,27,67.1,True,flat,6.0,69.2,358.1,1559,27.04
-18.8,22,25.5,snow,93,30.4,True,flat,5.2,71.0,473.1,1839,65.0
18.4,56,34.5,snow,81,34.0,False,mountainous,1.6,67.5,413.6,1834,29.56
-18.3,72,4.2,none,66,43.1,True,hilly,7.4,56.1,294.4,1544,59.21
-8.3,67,79.4,rain,92,123.0,False,hilly,3.9,81.0,465.7,1605,42.19
5.2,82,40.6,snow,34,118.1,True,flat,2.3,42.8,259.9,2071,42.08
25.8,51,1.9,none,48,79.7,False,hilly,8.5,56.9,304.0,1822,14.27
21.8,57,43.3,none,18,48.0,False,hilly,3.1,79.7,418.8,2002,15.15
15.2,83,69.6,rain,51,44.6,False,flat,2.0,42.0,233.0,1983,11.16
-19.1,48,61.8,none,56,55.6,True,flat,3.1,41.5,254.3,2154,57.13
8.3,73,56.1,none,65,120.9,True,hilly,1.8,62.4,408.1,2350,36.52
-23.9,49,11.2,none,16,82.1,True,hilly,7.8,55.1,381.3,1727,65.0
-3.6,48,52.6,none,13,110.4,True,flat,1.8,82.1,434.6,1862,36.49
-1.1,78,61.3,snow,48,80.7,True,flat,7.2,85.4,428.2,2057,45.15
-27.2,26,45.8,none,27,90.9,True,flat,1.6,42.2,293.7,2241,65.0
-10.8,40,71.4,rain,78,91.0,True,hilly,2.3,66.2,349.1,1883,53.69
36.9,30,22.2,rain,70,33.1,True,hilly,3.4,96.6,628.2,1765,21.26
36.8,42,19.4,none,39,74.5,True,flat,9.5,58.8,384.8,2175,16.49
-5.3,31,69.6,rain,14,116.4,True,hilly,9.1,51.8,267.8,2164,56.45
-27.0,62,50.0,none,26,78.9,True,hilly,0.9,71.3,472.0,2257,65.0
-17.5,82,0.1,none,72,73.5,False,flat,3.4,67.1,368.7,1998,43.05
-2.5,81,28.3,rain,99,82.7,True,flat,3.5,53.2,350.2,1575,34.2
36.3,43,68.6,none,39,68.1,True,flat,2.1,53.6,302.2,2089,18.77
-20.1,99,2.2,rain,82,81.5,True,flat,4.4,81.2,527.9,1814,57.81
23.4,63,0.3,none,88,43.5,False,mountainous,7.5,59.4,396.6,2498,21.84
-22.4,46,22.5,rain,14,126.8,True,flat,1.0,99.2,496.7,2081,65.0
38.7,85,73.1,none,92,33.4,True,hilly,6.7,57.4,347.0,1942,22.8
-3.3,76,72.1,none,52,78.3,True,flat,2.6,72.9,414.2,2262,36.25
24.3,77,41.5,none,97,51.0,True,flat,6.4,44.4,296.9,2478,13.18
-6.0,28,44.3,none,58,35.8,False,flat,6.8,72.3,431.5,1993,29.71
13.9,52,26.6,none,31,95.2,True,flat,7.3,67.6,389.9,1831,26.58
-16.6,88,19.5,none,98,128.5,True,flat,8.6,61.0,322.8,1981,61.68
-19.8,55,65.2,none,32,105.0,True,flat,9.0,65.8,366.1,2194,65.0
35.7,72,8.5,none,89,55.4,True,flat,7.6,50.7,354.4,2173,14.73
34.2,63,39.0,none,26,79.3,True,flat,4.8,89.2,598.9,2245,18.95
32.1,86,50.8,none,71,35.0,True,mountainous,0.4,95.3,535.0,2120,33.72
13.8,36,8.3,snow,47,83.2,True,flat,9.4,90.2,562.8,2454,23.85
26.6,62,41.6,snow,97,39.9,False,hilly,6.0,88.3,617.7,1865,20.62
-25.2,21,46.2,none,27,109.5,True,flat,5.3,72.9,465.0,1501,65.0
-6.6,72,59.4,none,47,35.7,True,flat,2.4,60.0,340.8,1649,33.35
-8.0,76,18.8,none,68,30.9,True,hilly,6.8,50.3,255.7,1544,34.86
14.5,14,23.5,none,98,116.2,True,flat,9.9,89.2,588.5,1652,28.21
-5.1,71,45.6,none,37,124.3,True,mountainous,3.3,42.6,237.4,1715,54.8
-19.6,47,78.7,none,46,38.7,True,flat,8.0,50.9,268.9,1772,65.0
11.8,21,17.4,none,52,57.9,True,flat,2.9,64.1,335.3,1525,19.74
27.0,48,78.9,none,33,104.2,False,mountainous,4.9,51.7,269.5,1782,29.43
-3.3,27,57.1,none,84,84.0,False,hilly,2.1,75.0,392.0,1649,31.79
-20.7,47,66.1,none,18,124.9,True,hilly,5.1,83.5,503.4,1586,65.0
-16.2,45,7.2,rain,73,68.9,True,flat,4.6,94.5,617.1,2081,52.77
-13.4,76,24.0,rain,58,30.3,True,flat,0.4,52.6,357.1,1693,48.24
-9.0,80,4.6,rain,32,32.0,True,flat,3.8,56.8,361.8,1581,40.24
15.0,65,29.7,none,54,86.5,True,mountainous,0.6,83.0,430.9,1679,32.46
12.1,12,78.5,none,85,105.2,True,mountainous,4.5,53.0,365.5,2368,37.09
18.7,94,8.4,none,50,109.1,False,flat,9.8,63.0,315.9,2029,13.81
-4.6,72,45.0,none,21,121.2,True,flat,2.9,85.2,554.2,2034,43.21
27.7,13,0.5,none,14,52.9,False,flat,5.2,62.6,435.6,1772,4.8
-15.7,84,57.0,rain,80,103.8,True,hilly,1.3,48.8,331.1,2016,64.93
2.8,28,15.8,snow,40,112.7,True,hilly,1.5,56.2,361.3,2236,40.02
26.1,62,10.4,rain,94,113.6,False,flat,3.6,44.9,271.3,2097,15.0
-17.4,52,27.0,rain,66,71.2,True,flat,4.9,80.5,563.1,2037,63.61
-22.3,48,61.7,none,49,92.6,True,flat,7.0,42.7,267.2,1864,65.0
31.9,90,8.5,rain,61,85.2,True,flat,4.6,74.4,495.9,2131,19.34
-6.0,49,18.4,snow,51,89.7,True,flat,0.2,97.0,520.3,2357,49.7
17.9,17,0.7,none,92,58.2,False,flat,2.7,91.6,575.2,1691,4.74
-28.2,95,77.5,none,51,98.3,True,flat,0.2,44.4,223.1,2324,65.0
18.3,93,47.4,none,19,101.0,False,hilly,9.2,82.9,548.3,1984,23.75
-7.9,72,57.6,none,64,49.6,True,flat,0.3,81.4,474.2,2479,37.43
-26.1,52,52.1,none,66,74.4,True,mountainous,0.5,57.9,319.4,1762,65.0
12.7,18,11.5,snow,79,72.2,True,flat,3.0,46.6,256.9,1598,28.42
-13.1,81,47.6,none,94,104.9,True,flat,6.3,91.2,635.0,1661,46.95
-2.9,17,10.5,none,50,96.7,True,flat,3.6,73.3,493.2,1519,40.24
-24.4,16,32.1,none,42,77.6,True,flat,0.6,81.9,538.7,1865,65.0
-19.7,58,45.5,none,54,95.3,True,flat,8.4,67.5,405.5,1820,61.37
-9.1,24,44.7,none,91,56.3,True,hilly,7.0,53.3,309.3,2138,45.77
-23.7,11,9.5,rain,98,53.2,True,mountainous,4.0,55.6,343.8,1663,65.0
33.8,48,2.8,none,97,54.0,True,flat,6.8,72.1,439.1,2261,15.49
-29.6,22,63.9,snow,31,32.9,True,flat,2.7,54.1,366.3,1823,65.0
3.9,24,58.1,none,55,99.1,True,hilly,5.3,63.9,444.0,2376,32.06
-21.4,17,6.5,none,33,128.6,True,flat,8.8,44.5,305.1,1683,65.0
-8.5,28,10.2,snow,43,60.9,True,flat,1.1,99.7,651.8,2297,50.09
34.8,74,71.4,snow,13,123.0,True,flat,8.5,77.0,447.4,1686,36.14
-18.7,83,61.5,none,24,90.7,True,flat,7.9,48.8,318.1,1520,63.54
37.6,51,79.7,rain,46,52.5,True,flat,9.5,47.8,313.6,1558,19.39
-15.6,56,20.3,none,43,31.2,True,flat,5.1,69.0,368.4,2316,45.9
21.9,13,39.0,none,35,102.4,True,flat,2.7,41.5,275.4,2033,18.49
8.3,16,18.9,none,31,99.7,True,flat,3.5,64.7,441.7,1821,23.76
31.9,33,49.8,none,77,52.9,True,flat,6.4,96.7,628.8,2141,16.2
8.8,59,9.2,none,37,63.3,False,flat,1.4,89.4,568.8,1877,6.62
7.4,77,10.2,none,74,119.8,True,mountainous,3.5,95.8,520.7,2320,39.84
-16.3,64,5.8,none,43,45.7,True,hilly,7.3,46.7,292.9,2248,53.43
-18.4,45,55.5,none,82,113.5,True,mountainous,5.7,62.2,389.8,1967,65.0
34.2,21,39.5,none,25,46.9,True,flat,0.6,73.3,421.5,1511,11.78
-7.1,80,49.4,rain,24,78.2,True,hilly,5.0,83.2,434.9,2019,48.76
-4.0,43,70.3,none,71,79.9,True,hilly,5.2,63.5,372.9,1883,45.87
23.2,76,59.2,none,92,77.2,False,hilly,7.0,59.1,404.6,2094,17.94
-6.3,56,36.9,snow,23,58.8,True,hilly,0.1,58.3,382.6,1661,48.42
36.6,76,78.7,none,17,55.3,True,flat,4.3,87.4,498.7,2165,22.32
21.7,92,36.5,none,94,103.3,False,flat,8.9,62.9,339.2,1706,14.58
11.8,93,9.0,none,21,57.6,True,flat,0.3,41.0,242.6,2480,19.28
31.7,58,79.4,none,33,91.0,True,hilly,6.7,86.2,561.8,2319,31.19
-26.5,56,1.8,none,94,114.7,False,flat,2.2,49.7,316.5,1681,65.0
-12.0,34,44.0,rain,82,113.7,True,hilly,3.9,77.7,525.7,2044,55.02
2.6,94,24.7,none,41,46.7,True,mountainous,8.8,41.8,234.9,1955,42.45
-14.1,51,40.3,none,96,95.5,True,flat,3.6,63.2,378.6,2311,47.81
22.1,21,44.7,none,61,90.2,False,hilly,5.5,67.4,371.4,2240,15.88
34.3,49,19.2,none,17,58.2,True,mountainous,0.9,98.4,644.1,1796,32.6
-0.3,21,44.5,rain,73,69.1,True,mountainous,3.2,45.3,264.5,1864,50.59
-6.1,55,60.5,rain,58,58.5,True,hilly,1.4,85.1,498.3,1560,37.99
37.3,61,21.3,none,62,83.7,True,flat,5.6,97.9,648.9,2067,17.05
1.1,40,30.7,rain,99,110.4,True,flat,4.6,56.6,365.7,2259,34.51
4.2,16,21.5,rain,24,117.8,True,flat,2.6,53.5,318.2,1919,37.31
-5.4,95,65.6,none,69,102.3,True,mountainous,10.0,97.1,558.8,2446,59.92
33.7,80,58.0,snow,51,78.3,True,hilly,1.5,69.4,442.4,1637,28.91
9.8,85,69.7,rain,34,125.8,True,flat,8.3,89.4,615.2,2391,36.32
23.4,43,13.6,none,72,86.4,False,mountainous,0.4,87.7,512.8,1522,17.47
26.8,78,5.9,none,70,77.9,False,flat,8.5,59.6,302.4,2413,13.56
-6.1,54,9.6,rain,87,115.7,True,hilly,4.8,51.2,346.3,1806,51.87
0.4,28,12.9,none,89,48.5,True,hilly,8.3,82.2,438.2,1610,32.57
29.4,21,42.6,rain,61,45.8,False,flat,7.5,70.1,476.7,2489,12.74
-4.6,41,77.7,none,39,108.3,True,flat,5.7,69.4,462.3,2245,45.66
25.6,22,28.6,none,58,117.1,False,flat,3.7,72.8,459.9,2030,10.67
35.9,100,76.7,none,42,37.3,True,hilly,6.7,41.5,278.0,1894,21.75
13.6,14,3.1,none,35,106.4,True,flat,8.3,40.3,222.5,1755,20.43
21.9,50,74.1,none,60,72.4,False,flat,5.0,58.8,395.0,2097,9.9
26.4,51,14.5,rain,69,100.4,False,mountainous,4.1,59.4,363.9,1949,31.08
29.2,37,73.0,none,63,43.5,False,flat,1.4,83.1,445.1,2006,8.02
-2.3,61,4.5,none,96,127.3,True,hilly,9.0,59.5,328.0,1962,52.13
-26.4,23,75.9,none,37,118.1,True,flat,2.7,61.6,405.1,2142,65.0
-1.9,81,16.1,none,44,70.6,True,flat,1.2,73.0,487.9,2424,31.88
17.2,40,24.2,rain,70,119.3,False,mountainous,0.7,75.5,509.6,2453,26.9
1.5,63,39.3,rain,64,119.5,False,flat,7.5,60.0,322.1,2335,31.69
22.4,74,30.5,none,10,76.1,False,flat,6.7,73.5,500.0,1768,6.21
-5.0,90,53.4,none,38,124.7,True,flat,1.2,77.1,461.5,1748,41.31
14.4,85,78.0,none,33,127.7,True,flat,5.3,55.7,389.0,2077,25.6
-17.0,65,48.5,none,86,51.7,True,mountainous,1.5,54.1,322.3,2475,63.77
22.5,45,57.7,rain,88,36.7,True,flat,3.8,93.4,514.2,2052,17.25
8.2,55,7.0,none,36,63.1,True,flat,7.8,78.8,403.7,1612,23.03
-15.7,79,50.2,none,19,78.9,True,mountainous,2.3,58.7,371.3,2365,63.27
-9.6,89,36.3,none,28,39.3,True,flat,0.3,73.0,366.0,2247,34.53
22.4,19,70.9,snow,26,44.1,False,hilly,1.9,82.4,550.1,1739,21.22
3.8,45,31.1,snow,31,127.2,True,hilly,4.0,41.4,232.5,2130,49.57
-14.9,80,54.4,snow,31,103.7,False,flat,2.4,95.2,602.7,1725,45.95
37.7,49,18.3,rain,53,117.5,True,flat,7.2,83.0,498.2,1925,22.9
20.1,40,20.7,rain,39,127.1,False,hilly,7.9,63.5,401.2,1737,20.17
37.0,47,30.1,rain,60,67.8,False,flat,2.4,95.9,489.9,2097,8.22
-0.1,64,24.3,rain,41,98.8,True,flat,2.7,43.4,233.8,1803,31.59
3.3,100,20.3,snow,83,48.4,True,hilly,5.6,85.3,578.6,1668,37.78
32.9,54,4.0,none,96,85.2,True,hilly,7.5,71.6,417.7,1560,18.39
6.8,29,66.9,none,46,51.0,False,mountainous,9.6,79.9,489.8,2132,32.44
19.5,25,5.1,none,14,46.0,True,flat,3.0,68.3,403.8,2097,16.76
-12.3,14,71.0,none,32,39.8,True,flat,9.1,48.8,333.1,1695,48.45
1.3,60,10.0,rain,19,88.0,True,mountainous,1.8,55.6,300.4,1503,41.53
-21.4,59,5.2,rain,41,125.0,True,hilly,0.4,67.8,452.6,1636,62.96
-15.6,28,45.0,none,68,42.2,True,hilly,7.9,95.1,487.1,1805,63.09
-29.9,73,40.2,none,57,80.2,True,flat,4.8,44.1,296.1,2023,65.0
-27.3,77,39.3,snow,32,98.7,True,flat,0.8,46.3,315.0,2386,65.0
38.4,33,46.0,none,79,79.6,True,flat,0.7,49.2,323.5,1710,18.21
-13.0,41,23.0,none,22,121.2,True,hilly,0.1,77.9,432.8,1715,51.47
16.4,99,53.0,rain,31,46.6,False,hilly,3.1,62.0,324.0,2344,14.37
28.7,44,40.2,none,71,32.4,False,mountainous,7.4,49.0,293.8,2008,24.41
8.5,78,26.8,none,28,68.3,True,flat,6.7,47.3,299.6,2191,29.13
-19.3,51,66.1,none,71,85.5,True,flat,10.0,80.4,534.1,1847,63.55
21.0,81,58.2,none,98,55.5,False,hilly,5.9,67.8,407.3,2339,16.21
12.0,79,31.5,none,85,46.8,True,hilly,1.1,92.4,562.8,1950,20.8
21.2,70,67.8,none,24,110.5,False,flat,9.8,64.2,441.5,2403,15.72
23.9,87,73.6,none,57,48.9,False,flat,6.9,79.3,404.3,1900,5.92
38.3,95,42.9,none,48,74.3,True,flat,3.7,87.8,494.7,2309,9.26
10.1,62,17.2,rain,99,125.4,True,flat,2.5,97.2,571.3,1556,29.08
-6.1,31,73.3,none,97,91.3,True,hilly,2.2,92.2,578.7,2183,42.08
15.4,46,15.2,none,21,79.8,False,hilly,9.6,86.5,449.0,1642,19.03
-25.2,78,3.9,none,92,66.0,True,hilly,4.2,64.8,437.2,2397,65.0
32.8,69,26.2,none,27,82.0,True,flat,4.9,99.0,557.5,2465,14.85
-21.6,26,58.2,none,39,103.4,True,hilly,8.4,55.9,300.1,1821,65.0
-7.1,15,73.9,none,42,112.3,True,mountainous,9.6,79.7,492.7,2063,62.35
27.1,71,51.0,snow,36,95.0,False,mountainous,0.0,47.8,252.6,1900,29.41
11.8,33,76.1,snow,87,109.0,True,flat,9.9,76.4,432.2,2113,36.34
-2.4,55,7.4,none,40,38.8,True,flat,0.8,81.4,547.3,1854,25.52
3.1,77,4.9,none,84,31.4,True,mountainous,8.4,45.4,298.8,2319,44.65
29.8,61,48.3,none,99,103.4,False,flat,9.5,57.7,320.9,1531,13.94
-6.2,17,77.3,none,86,56.2,True,hilly,5.6,78.5,458.3,2241,46.59
30.9,27,40.2,rain,41,117.8,True,mountainous,5.5,76.1,457.9,1514,41.0
-23.8,30,4.1,none,74,83.6,True,flat,6.7,80.1,491.3,2463,65.0
24.4,33,17.7,rain,58,77.9,False,flat,3.5,47.5,265.9,1541,9.37
29.3,61,19.6,snow,81,107.3,False,flat,1.7,70.9,430.3,2295,17.97
-17.3,55,27.0,none,24,104.1,True,mountainous,0.7,95.7,626.2,2200,65.0
0.1,28,3.5,none,67,100.4,True,hilly,8.8,97.2,619.5,2361,38.97
-18.4,16,72.4,none,80,99.0,True,flat,5.5,47.6,328.6,1628,55.04
19.5,25,41.2,none,79,81.5,False,flat,6.9,93.7,513.0,1855,8.62
7.5,99,53.7,snow,97,122.6,True,flat,3.3,74.6,474.1,1586,37.29
14.5,52,5.4,none,15,119.1,True,flat,8.1,85.2,587.7,1788,25.98
-16.2,88,4.3,none,41,62.9,True,flat,3.5,49.0,254.6,2109,52.79
-15.2,86,46.9,rain,53,110.5,True,flat,0.3,84.3,516.1,2470,58.72
-27.1,56,71.0,none,38,119.1,True,flat,3.4,44.3,308.5,1754,65.0
-7.5,74,42.3,none,38,91.8,True,hilly,8.5,78.0,399.5,1841,45.55
9.2,27,70.2,none,26,85.6,True,flat,8.8,80.1,458.6,1908,35.54
30.1,72,64.9,none,83,97.2,True,mountainous,9.3,79.9,413.0,1531,32.76
16.7,35,6.1,none,92,46.3,False,flat,5.0,43.5,268.6,2188,8.05
0.5,85,16.2,none,17,38.7,True,flat,9.6,63.1,422.8,1626,29.68
36.7,18,52.6,none,24,112.0,True,flat,5.0,84.7,464.3,2378,24.25
20.3,80,35.5,none,31,87.3,False,mountainous,1.5,87.8,474.9,1915,23.75
35.1,19,23.3,none,56,42.3,True,flat,5.0,64.9,393.5,2374,20.3
6.9,89,33.5,snow,81,71.6,True,hilly,8.7,49.7,283.9,2235,39.15
-11.9,37,35.6,none,16,59.8,True,flat,7.9,70.0,465.4,2279,46.59
-26.3,69,72.8,none,67,117.5,True,mountainous,4.3,79.0,416.2,1876,65.0
20.8,54,8.3,snow,23,80.7,False,flat,2.1,95.2,650.3,2313,9.82
-21.5,43,22.4,snow,97,87.8,True,mountainous,5.8,80.9,535.5,2061,65.0
-8.8,68,43.0,rain,91,53.5,True,hilly,9.3,89.4,449.5,1669,54.02
7.3,95,55.9,none,95,109.9,True,hilly,1.8,55.9,310.5,2392,31.06
9.5,14,50.5,none,20,123.0,True,hilly,8.3,90.0,614.4,1907,33.81
12.0,93,75.3,none,54,109.2,False,flat,1.5,76.7,514.8,2398,14.67
-18.4,65,63.6,rain,25,79.3,True,hilly,9.2,72.9,436.6,2076,65.0
-3.4,83,44.6,none,64,113.5,True,flat,6.9,56.0,341.4,1551,36.65
13.2,45,17.2,none,31,48.8,True,flat,1.1,52.2,269.6,2285,9.5
37.9,52,36.1,none,79,41.3,True,flat,2.0,72.6,479.3,1526,17.45
20.9,88,55.5,none,68,73.8,False,mountainous,9.3,93.5,481.7,1599,29.3
34.6,47,67.0,none,61,48.2,True,flat,5.1,54.1,340.3,1837,14.55
23.4,58,76.8,rain,84,55.9,False,flat,4.5,56.7,296.5,2131,16.45
11.4,12,48.4,rain,55,88.5,True,flat,0.6,96.9,568.4,1928,22.72
-16.6,24,42.2,none,34,70.4,True,mountainous,0.8,41.6,237.9,1898,65.0
16.7,68,1.4,rain,66,116.6,False,mountainous,6.9,69.1,403.0,1928,29.82
13.6,75,5.8,none,96,52.6,True,flat,7.8,71.7,441.5,1627,18.11
12.2,62,12.5,none,64,129.7,True,flat,8.7,80.5,425.3,2199,22.74
4.3,23,4.4,none,67,65.9,True,mountainous,5.0,51.6,281.2,1701,42.7
7.0,50,32.1,none,94,81.5,False,flat,3.3,74.3,387.1,1935,17.77
-6.6,42,27.0,none,56,43.2,True,flat,6.3,46.6,293.7,2470,34.82
6.4,55,51.0,none,100,87.9,False,flat,6.2,56.0,286.0,2428,19.68
-16.2,88,42.9,snow,24,126.1,True,mountainous,0.3,40.9,258.4,2269,65.0
26.4,80,47.7,snow,58,104.9,False,flat,9.4,67.2,466.8,2386,26.65
-17.0,18,37.8,none,29,54.4,True,flat,6.4,50.5,342.4,2185,57.33
-24.1,90,22.2,none,51,74.3,True,flat,0.1,45.8,258.9,2320,64.55
0.5,52,76.2,none,25,72.5,True,hilly,9.6,60.7,329.3,1748,46.8
16.1,77,6.9,none,30,39.8,False,mountainous,9.5,44.8,309.7,1955,21.39
0.6,23,75.1,none,29,118.6,True,flat,9.5,79.9,470.2,1787,43.87
-10.6,70,24.9,none,39,68.1,True,hilly,8.9,52.1,296.9,1538,51.57
9.1,31,41.0,none,22,79.4,True,flat,1.8,82.6,433.9,1740,23.44
-5.7,49,8.7,none,83,59.1,True,flat,9.8,90.4,482.1,1756,41.19
35.3,12,5.7,none,30,45.2,True,flat,7.6,84.5,547.7,2185,17.12
34.6,24,34.4,rain,47,120.2,True,mountainous,6.4,85.8,463.4,1843,39.47
5.2,18,59.3,rain,11,33.7,True,flat,9.4,78.6,421.3,1716,27.4
-7.0,32,21.5,none,19,70.0,True,flat,3.8,62.6,353.2,1513,34.02
21.6,19,45.0,none,91,103.1,False,hilly,9.3,60.9,415.8,1900,16.2
-27.4,72,22.3,snow,85,60.9,True,hilly,6.1,74.1,458.1,2271,65.0
3.2,13,31.1,none,86,74.6,True,flat,5.8,54.9,359.5,2127,29.04
-6.5,66,72.5,none,47,86.4,True,flat,6.5,60.7,390.6,2398,39.56
34.4,23,68.5,none,23,129.5,True,hilly,7.5,49.3,340.3,2074,25.32
-29.2,95,41.3,none,20,105.8,True,flat,4.4,86.8,553.9,1548,65.0
8.7,94,19.0,none,65,126.7,True,flat,9.8,84.1,441.8,1936,34.19
21.8,30,15.5,none,85,99.3,False,flat,0.9,70.2,379.3,1920,5.3
4.0,65,76.3,none,91,56.9,True,flat,9.1,62.2,398.3,2349,25.65
-24.0,13,16.2,rain,36,58.7,True,flat,6.6,81.8,444.2,2157,65.0
38.1,94,64.7,none,39,112.2,True,hilly,9.1,45.1,299.9,1766,35.77
6.3,57,29.5,none,19,72.8,True,flat,3.7,42.9,289.7,2201,26.74
13.0,14,78.9,none,80,67.0,True,hilly,8.3,82.0,477.9,2331,34.26
-13.4,41,29.5,none,35,124.5,True,mountainous,6.2,73.0,420.8,1557,65.0
3.8,17,28.1,none,53,31.3,True,flat,8.3,84.0,440.3,2221,28.74
0.0,45,51.0,none,94,82.5,True,flat,3.3,56.8,390.4,2295,32.75
-24.8,70,76.9,none,78,107.5,True,flat,9.2,46.5,277.8,1861,65.0
-22.6,52,78.1,none,15,103.6,True,flat,9.2,65.8,422.2,2451,65.0
28.6,45,56.6,rain,11,66.8,False,flat,4.7,65.6,348.7,2332,12.71
-13.2,21,60.4,rain,81,83.6,True,flat,4.0,85.5,520.0,1763,48.6
-16.4,32,45.1,none,60,30.6,True,flat,5.8,47.3,310.2,1893,52.32
5.3,19,60.5,none,75,83.5,True,flat,2.0,96.8,599.5,2408,29.57
23.8,83,68.8,snow,24,89.0,False,hilly,5.0,43.4,249.7,2332,22.35
-25.7,22,38.9,none,88,117.5,True,flat,9.0,58.8,366.2,2307,65.0
10.4,64,49.6,snow,80,51.1,True,flat,3.7,82.2,574.5,2471,26.97
-21.7,41,43.0,none,90,112.5,True,flat,7.4,83.0,528.6,1574,65.0
-27.4,30,45.0,none,41,101.8,True,flat,6.2,74.0,444.6,1563,65.0
-26.3,68,71.2,none,35,96.6,True,hilly,2.6,44.3,297.0,1935,65.0
28.4,51,28.4,rain,24,69.4,False,flat,5.3,91.4,543.0,2413,12.83
-21.7,46,16.7,none,94,66.7,True,flat,8.5,78.1,461.0,2034,65.0
-26.8,63,36.5,rain,26,100.3,False,mountainous,5.5,85.5,523.0,2434,65.0
0.7,54,16.6,rain,21,129.0,True,flat,7.0,63.2,356.3,1655,43.6
29.1,37,39.9,none,27,70.5,False,flat,7.8,54.6,280.8,2237,9.5
-11.6,60,72.3,none,79,121.9,False,flat,0.5,83.2,478.8,1822,35.01
-0.5,70,49.4,none,90,88.7,False,flat,0.5,88.9,574.6,2177,18.84
-27.2,12,68.4,none,83,116.8,True,mountainous,1.1,88.8,530.3,1928,65.0
1.4,52,13.3,rain,61,51.7,False,flat,1.6,83.0,557.1,1804,18.66
10.4,15,72.1,none,99,106.2,False,mountainous,8.1,48.3,259.3,2355,31.38
10.0,27,48.1,none,16,113.5,True,flat,4.4,53.3,290.2,1890,18.37
-6.7,60,2.5,none,88,113.2,True,flat,1.9,70.0,440.4,1728,40.46
-7.9,88,50.6,rain,48,108.5,True,hilly,5.3,70.4,467.5,1651,48.57
-22.5,89,76.1,none,51,60.4,True,flat,7.6,69.3,443.0,1677,65.0
-4.3,16,6.3,snow,21,82.2,True,flat,1.4,89.6,527.3,2022,42.49
-23.0,48,46.6,rain,13,60.0,True,hilly,3.4,47.5,321.6,1554,65.0
23.7,62,73.2,rain,38,64.3,False,flat,1.9,87.5,555.9,1576,10.91
37.6,23,0.8,none,26,60.1,False,flat,6.5,41.3,275.7,1952,5.97
37.9,79,50.5,none,54,58.4,True,flat,1.4,59.4,404.3,2201,19.73
30.6,77,38.0,none,23,99.3,False,flat,7.8,51.8,313.8,2189,9.9
12.1,91,27.8,none,22,95.0,True,mountainous,2.1,71.6,442.2,2400,34.28
19.1,11,50.2,rain,89,50.4,False,hilly,0.6,71.4,452.4,2006,12.68
-10.0,30,4.2,none,93,99.2,True,mountainous,9.1,70.4,488.8,1718,55.04
14.2,84,60.2,none,97,59.1,True,hilly,3.3,57.3,379.1,2300,26.42
1.9,70,0.4,none,71,50.2,False,flat,5.0,71.3,361.5,1648,17.68
3.7,90,24.6,none,79,104.7,True,hilly,1.0,82.3,482.4,2174,37.75
23.0,15,40.3,none,85,66.3,False,hilly,4.8,63.6,428.7,2199,8.44
-10.3,64,30.2,none,69,86.9,True,flat,2.2,95.7,485.6,1693,36.63
-7.7,61,24.6,none,40,50.0,True,flat,8.4,44.1,276.1,1555,42.4
34.7,13,66.5,none,24,91.4,True,hilly,7.1,99.2,683.7,1688,31.37
-26.1,56,74.8,none,31,50.8,True,flat,6.6,85.7,481.9,2294,65.0
4.0,65,69.9,none,86,46.7,True,hilly,7.8,75.6,487.1,2334,34.79
33.9,27,41.8,none,73,68.7,True,flat,2.9,52.2,293.5,1762,6.93
12.7,35,70.7,rain,51,109.0,True,hilly,4.5,77.6,487.6,2020,32.74
8.2,68,73.7,rain,13,47.7,True,flat,0.9,88.1,605.7,1556,19.73
-12.5,52,32.7,none,34,41.7,True,hilly,0.7,55.2,316.8,1694,42.38
-6.0,87,22.7,none,76,33.2,True,hilly,3.3,42.4,293.4,2067,35.88
29.6,41,7.9,none,56,71.6,False,flat,8.2,66.6,383.7,1733,11.16
9.1,34,38.3,rain,49,58.2,False,flat,6.0,58.3,337.0,1551,18.14
6.0,99,75.7,rain,38,59.2,True,flat,4.2,57.2,373.2,2389,33.0
-23.0,92,44.9,none,65,128.2,True,flat,9.7,83.5,477.7,1732,65.0
-28.9,13,53.4,snow,97,49.4,False,flat,4.4,48.9,276.5,2277,65.0
37.5,79,9.0,none,91,75.8,True,flat,4.7,79.1,424.6,1922,19.15
-3.6,20,11.5,none,13,128.6,False,hilly,9.9,43.7,226.2,2206,41.98
12.2,12,37.2,snow,53,33.1,True,flat,1.3,95.2,635.4,1856,25.67
-24.4,35,76.1,none,40,99.7,True,flat,2.6,75.2,447.4,2103,65.0
17.8,34,28.9,none,56,67.1,False,hilly,4.5,95.9,604.1,2157,14.95
35.3,84,70.2,rain,65,120.6,True,hilly,5.7,92.1,548.4,1624,30.45
10.3,74,9.6,none,28,121.2,True,flat,1.5,92.2,530.0,2384,27.61
-21.2,98,49.4,rain,80,68.7,True,flat,3.3,47.2,274.5,1853,62.2
10.7,74,48.0,none,53,52.1,True,flat,2.2,81.8,421.7,2287,23.34
23.6,48,68.8,none,99,72.8,False,mountainous,8.5,64.0,406.4,2052,28.38
-1.6,73,0.3,none,12,126.5,True,hilly,8.3,67.5,406.9,1683,39.46
31.6,100,15.2,none,27,58.1,False,mountainous,2.4,56.7,291.2,1855,19.74
15.4,74,17.6,rain,72,128.1,False,hilly,4.3,48.4,302.8,1585,23.63
32.9,79,76.0,rain,73,111.9,True,mountainous,6.5,58.4,316.4,1771,42.18
13.6,94,12.3,none,62,56.7,True,flat,0.5,73.0,385.1,1707,12.29
-20.8,20,3.0,none,97,109.1,True,flat,8.8,64.6,449.2,1774,65.0
-8.3,73,42.8,rain,47,35.0,True,hilly,5.1,82.2,424.2,2303,47.2
-15.9,87,42.3,rain,48,84.8,True,flat,2.3,90.3,583.6,1580,50.65
33.6,96,67.5,rain,92,65.7,True,flat,4.0,52.6,336.6,2132,19.85
23.2,29,75.9,none,58,72.7,False,flat,9.0,43.4,262.1,1854,13.94
17.3,55,43.1,none,42,77.3,False,flat,0.2,99.5,514.2,1984,9.03
-8.9,71,74.4,rain,75,80.3,False,flat,1.4,93.0,519.1,1713,32.24
-17.1,32,58.0,rain,66,95.6,True,flat,1.9,55.9,297.6,2454,56.25
23.0,64,21.2,none,38,99.7,False,hilly,0.6,49.8,346.7,2164,11.85
3.2,33,74.3,none,37,127.6,True,hilly,2.3,97.1,504.5,1702,33.31
-14.2,40,53.4,none,46,106.3,False,mountainous,8.2,53.9,271.1,1990,60.79
13.2,50,33.1,rain,16,98.8,True,flat,5.3,53.3,289.9,1655,26.6
-27.2,58,54.4,rain,95,69.2,False,flat,6.1,46.6,306.1,2410,65.0
-7.2,50,32.1,rain,26,41.8,True,flat,1.6,57.3,383.0,1971,37.85
2.8,54,9.1,none,27,35.9,True,flat,2.8,90.5,579.2,1574,24.02
-19.6,37,57.5,none,68,77.8,True,flat,9.2,74.2,435.2,1651,57.97
38.9,24,65.9,rain,75,96.8,False,flat,2.1,45.5,299.6,1998,11.92
-15.4,14,58.3,none,76,95.0,True,flat,9.1,98.0,623.0,1697,62.04
-20.9,28,18.3,none,44,125.3,True,hilly,6.6,72.4,505.7,2211,65.0
-15.8,62,76.5,none,89,68.2,False,flat,5.0,65.0,382.1,1926,43.66
23.8,81,2.0,snow,59,92.8,False,flat,1.7,87.1,468.0,2064,12.69
-0.2,25,26.6,none,49,118.8,True,flat,6.7,73.6,377.9,2118,42.79
9.6,20,20.8,none,83,70.4,True,flat,8.9,93.7,585.7,2448,27.87
-28.5,77,3.9,none,32,77.8,True,flat,1.6,82.1,564.2,2434,65.0
-27.6,37,32.5,none,87,122.3,True,flat,0.1,80.1,526.4,1876,65.0
1.2,96,49.8,none,58,85.0,True,hilly,7.4,60.3,389.6,2396,35.37
27.2,74,70.6,none,91,110.0,False,mountainous,6.0,99.4,599.8,2494,29.85
32.0,39,79.2,rain,28,123.6,True,flat,5.0,79.1,424.1,2380,30.19
-23.9,36,64.6,none,94,87.1,False,hilly,4.6,66.5,369.1,1551,65.0
7.7,57,37.5,none,72,40.9,True,flat,5.0,48.9,271.8,1827,19.03
33.9,17,57.9,rain,66,112.2,True,hilly,3.7,73.3,464.2,1610,26.16
-2.8,21,67.5,none,48,111.8,True,hilly,0.8,80.0,536.8,2184,46.08
28.1,26,37.2,none,96,41.5,True,hilly,7.8,62.3,328.5,1850,22.58
-20.6,80,62.8,none,50,84.8,True,hilly,4.7,43.9,222.3,1689,65.0
35.5,56,38.6,rain,55,78.7,True,hilly,8.2,87.9,529.4,1707,29.25
22.6,11,30.9,rain,80,114.7,True,flat,9.8,79.2,538.5,1875,32.02
35.9,71,42.1,none,36,57.5,True,flat,1.7,81.1,561.2,2096,11.62
17.4,48,54.1,none,36,72.6,False,flat,7.9,54.7,325.9,2181,8.22
-4.6,56,58.2,rain,80,90.5,True,flat,9.8,47.8,263.1,1522,52.76
35.7,29,28.5,none,22,81.7,True,flat,7.2,67.1,438.6,2481,18.77
-10.7,60,45.7,rain,84,125.5,True,flat,2.5,54.5,290.8,1541,49.73
-6.7,98,72.8,none,66,126.1,True,hilly,9.0,86.9,577.4,2480,57.85
19.1,17,78.1,none,59,38.2,False,mountainous,7.9,71.9,484.6,1769,24.85
23.6,36,18.2,none,31,59.8,False,mountainous,4.5,47.9,269.4,2392,23.38
35.1,32,15.4,none,81,30.8,True,flat,5.7,51.8,277.9,2380,18.85
-15.7,32,54.1,none,82,71.8,True,flat,7.2,93.2,486.8,1984,59.54
25.9,44,33.2,none,53,96.2,False,hilly,1.2,77.9,484.5,2251,10.58
21.7,84,1.9,none,45,77.1,False,hilly,9.3,64.0,445.9,2165,11.21
-25.5,92,27.7,none,32,36.7,True,flat,9.9,83.2,490.7,2322,65.0
-2.9,28,64.5,none,78,49.6,True,hilly,3.3,88.5,489.3,2056,33.7
-10.2,59,63.8,none,68,47.3,True,flat,7.2,46.9,311.9,1837,44.2
-8.7,67,39.6,rain,29,81.1,True,hilly,4.2,90.5,581.7,1918,53.67
38.8,57,37.8,snow,82,97.8,True,flat,0.3,96.8,498.3,1639,27.71
15.0,49,46.4,none,89,61.6,True,hilly,9.6,45.4,250.7,1787,30.93
20.2,27,17.6,none,15,43.0,False,hilly,1.4,59.4,341.6,2467,7.19
38.4,54,42.1,none,80,109.9,True,flat,0.7,50.1,272.1,1929,11.93
-3.6,46,0.9,none,87,115.8,True,flat,8.4,65.8,445.2,2214,41.79
26.1,82,38.0,none,99,57.6,False,hilly,0.3,53.2,285.9,1811,3.88
0.4,79,26.9,none,31,72.1,True,flat,6.9,61.7,406.7,2220,33.72
30.9,22,54.0,rain,43,38.2,True,flat,9.3,54.5,353.4,1977,22.97
-17.4,18,51.1,none,97,52.8,True,flat,4.1,40.2,202.1,2289,53.8
36.3,92,30.5,none,18,106.7,True,hilly,0.7,41.1,228.7,1899,19.93
-14.7,58,0.6,rain,57,66.5,True,flat,2.2,70.9,426.9,2464,52.36
-7.2,87,20.2,none,56,90.5,True,hilly,9.5,70.8,385.1,1684,42.45
22.9,15,50.7,none,65,124.6,True,flat,4.7,42.2,279.8,2005,25.51
-2.4,57,5.8,none,40,102.4,True,flat,5.4,82.0,431.9,1664,35.56
12.6,59,8.6,snow,93,75.3,True,flat,1.6,41.6,221.9,1763,21.98
1.1,87,51.8,none,34,66.7,True,flat,9.2,69.2,427.4,2019,37.23
22.0,19,60.5,none,68,49.1,False,flat,5.2,63.7,321.6,1675,6.14
-14.0,32,25.7,rain,55,105.6,True,hilly,5.3,93.0,649.6,1608,63.31
-25.9,47,39.2,none,34,41.2,True,hilly,5.8,74.6,452.0,2347,65.0
-9.0,88,75.7,rain,27,36.1,True,flat,7.7,89.3,563.2,1866,49.71
3.2,94,75.6,none,96,40.5,True,hilly,2.0,99.9,550.0,2212,23.94
-18.2,99,24.6,snow,61,54.3,True,flat,9.4,50.6,349.9,1980,59.77
-5.2,96,64.8,rain,64,92.7,True,hilly,1.8,43.8,248.1,2246,41.51
-2.0,11,47.5,none,80,116.1,True,flat,2.0,86.5,454.5,1762,31.49
-26.0,14,78.0,none,17,129.3,True,flat,0.1,77.9,460.4,1599,65.0
10.8,23,38.2,snow,74,103.1,True,hilly,0.2,78.0,410.1,2022,35.33
31.9,41,62.0,none,25,44.6,False,flat,4.3,59.0,408.4,2135,8.16
-19.4,85,61.5,none,77,57.8,True,hilly,1.8,46.1,277.3,2449,65.0
11.8,90,39.8,rain,23,43.2,True,flat,2.1,83.3,516.3,2273,14.92
16.5,27,63.7,none,85,41.6,False,hilly,9.9,72.6,433.3,2375,18.3
-0.6,66,20.9,none,71,86.8,False,mountainous,9.3,70.1,383.1,2230,39.61
19.1,93,9.8,none,45,120.7,False,flat,3.2,84.2,449.5,2495,11.59
-1.2,52,34.0,none,42,98.4,True,hilly,3.4,99.3,688.4,2241,33.22
5.3,19,75.5,none,23,110.1,False,flat,2.9,84.4,475.6,2153,19.38
-29.5,51,40.1,none,91,80.8,True,flat,8.8,96.1,491.6,1817,65.0
18.4,44,50.8,rain,21,77.5,False,hilly,1.0,63.9,384.1,1747,13.22
16.3,62,49.9,none,52,123.7,False,flat,5.8,93.9,515.2,1779,15.57
-27.3,49,10.6,none,31,102.2,True,flat,1.9,83.6,536.4,1527,65.0
-4.2,12,31.2,rain,100,75.9,True,hilly,7.6,62.3,358.6,1734,45.85
38.5,99,56.6,none,63,63.3,False,flat,6.3,70.5,484.4,1785,11.09
-0.5,59,77.8,none,23,39.3,True,hilly,3.9,52.1,306.1,1586,39.47
5.1,53,13.4,rain,70,112.1,True,hilly,1.0,44.9,285.1,1512,28.73
33.7,96,32.8,none,99,46.9,True,hilly,7.7,68.0,455.8,2003,16.5
20.2,24,7.6,none,64,81.5,False,flat,0.8,99.6,670.0,1681,4.29
10.7,27,19.4,none,51,93.7,True,flat,2.7,92.2,563.3,1733,20.14
25.8,83,30.1,none,36,104.4,True,flat,2.5,41.0,270.9,2481,25.73
30.5,33,43.3,rain,18,38.3,True,flat,5.8,98.2,539.6,1648,17.62
2.0,82,18.4,none,31,31.1,True,flat,5.1,68.1,422.8,1550,21.02
3.3,34,18.2,none,60,100.6,True,flat,2.8,50.7,257.0,2325,31.4
-3.0,13,62.2,rain,78,75.4,True,flat,4.3,94.9,537.8,1771,34.44
37.7,57,77.0,none,89,48.1,False,hilly,4.4,95.5,543.5,2005,13.53
18.8,28,25.9,none,81,128.2,False,hilly,5.7,90.8,612.8,2334,21.03
-24.2,78,55.0,none,21,109.1,False,mountainous,9.0,77.3,459.6,2007,65.0
30.4,68,20.6,none,80,87.9,True,mountainous,1.4,54.2,351.3,2393,29.61
3.6,93,74.2,none,62,100.2,False,flat,5.6,54.5,323.6,2164,22.25
-25.2,80,53.8,none,52,45.5,True,flat,0.2,97.9,551.2,2116,65.0
8.5,26,64.2,none,62,126.2,True,flat,7.0,56.7,390.2,2257,28.81
-0.8,82,3.9,none,11,129.6,True,flat,6.4,65.3,408.4,1719,40.42
31.4,68,47.9,none,16,94.8,True,flat,6.9,85.2,535.0,1672,20.02
-15.7,70,42.2,snow,57,96.8,True,mountainous,4.7,89.4,534.9,2340,65.0
27.9,85,23.4,none,26,100.4,False,flat,1.9,64.7,347.4,2400,7.72
9.0,62,21.0,none,59,96.6,True,flat,4.5,63.7,425.1,1661,26.74
-26.2,52,46.4,none,42,73.9,True,hilly,0.2,61.4,397.8,2031,65.0
38.0,67,56.5,none,92,84.1,True,mountainous,3.8,63.3,364.8,1669,32.14
5.9,37,2.7,none,95,58.3,True,flat,8.4,85.5,587.7,1530,26.53
-9.6,26,45.4,snow,98,74.7,True,flat,3.4,43.7,248.7,2000,47.58
2.9,65,13.6,rain,91,73.6,True,hilly,5.9,88.0,446.9,2101,30.91
30.1,31,11.2,none,99,58.8,True,flat,2.6,52.9,292.0,1969,15.78
-8.7,17,49.8,none,74,108.7,True,flat,1.3,49.7,285.1,2282,42.33
-16.5,10,24.9,none,96,71.0,True,hilly,5.2,47.2,313.7,1731,51.52
-21.0,65,35.3,none,68,85.2,True,flat,0.4,54.1,355.9,2420,64.01
-9.1,43,28.8,none,83,45.6,True,flat,9.0,90.0,528.0,2063,41.5
24.6,78,51.9,none,22,77.5,True,flat,7.8,72.3,462.7,2032,27.18
3.0,44,37.6,none,71,106.1,True,flat,10.0,56.1,306.3,1953,34.08
-14.1,54,77.1,none,94,74.5,True,flat,9.9,51.2,346.9,1715,51.66
-18.4,47,28.2,none,59,85.8,True,hilly,7.3,86.2,441.4,1783,63.38
-6.7,69,59.2,snow,27,100.2,True,hilly,7.8,70.3,407.7,2053,57.99
35.8,42,20.6,snow,57,68.9,True,hilly,5.3,47.2,312.5,2242,25.7
-6.0,97,40.7,none,74,65.3,True,hilly,2.2,62.5,376.4,1641,38.03
39.2,94,44.2,none,79,38.6,True,flat,8.1,66.7,442.0,2023,20.27
4.0,86,26.3,none,57,88.2,True,hilly,2.7,61.2,326.5,1530,31.79
-17.5,93,37.7,rain,30,100.7,True,hilly,6.5,55.9,307.7,1683,65.0
32.4,50,22.3,snow,93,88.1,True,hilly,7.3,59.7,346.4,2304,33.72
2.2,58,0.5,rain,80,58.4,True,hilly,5.6,84.3,566.6,1776,36.11
19.7,77,17.3,none,34,56.2,False,flat,6.6,97.2,672.0,1783,9.45
38.9,73,56.0,none,83,45.9,True,flat,2.9,41.6,212.5,2031,17.63
-26.5,90,61.7,none,41,34.7,True,flat,7.6,77.6,534.0,1871,65.0
-23.2,74,22.4,none,38,72.7,True,flat,9.4,44.4,283.8,2341,65.0
20.4,100,32.6,none,88,46.1,False,flat,4.8,52.1,311.1,1954,6.48
-10.3,41,3.0,none,89,99.1,True,flat,1.2,72.7,398.8,2356,41.32
-17.1,85,19.0,rain,46,126.2,True,mountainous,6.2,87.6,487.9,1509,65.0
-27.2,73,62.3,rain,11,37.3,True,flat,3.4,66.1,418.5,2308,65.0
-28.5,72,48.5,none,27,119.3,True,hilly,4.2,92.8,541.8,1529,65.0
24.2,39,16.5,snow,92,95.8,False,mountainous,1.5,82.9,419.9,2370,29.71
-20.6,81,20.6,none,91,116.0,True,mountainous,6.3,51.6,357.9,2452,65.0
2.7,91,65.3,snow,51,45.5,True,hilly,7.9,81.2,513.9,2386,39.43
12.4,30,16.7,snow,37,120.6,True,flat,7.7,59.1,388.8,2391,29.38
-0.0,66,26.7,none,37,125.8,True,flat,9.9,86.0,540.6,2053,39.42
-28.1,45,53.1,none,91,120.7,False,hilly,2.1,53.8,346.0,2447,65.0
24.8,99,44.9,none,39,108.5,False,flat,9.1,48.7,247.2,1621,16.88
-29.3,53,36.9,rain,56,39.0,True,flat,7.3,78.3,452.2,1612,65.0
23.3,31,72.0,none,76,52.1,False,flat,7.1,77.0,529.0,1776,9.08
32.5,44,17.6,snow,29,121.3,True,flat,6.8,74.4,514.5,2046,30.81
0.3,69,59.3,none,33,52.9,True,hilly,5.4,54.6,373.4,1668,32.09
7.5,17,12.7,none,42,64.8,True,flat,3.8,52.4,366.4,2378,19.23
3.4,64,49.3,snow,69,35.0,True,flat,9.4,94.7,487.1,1761,36.52
-2.8,94,69.6,none,84,92.8,False,flat,1.5,72.0,369.0,2415,22.66
32.1,87,36.6,none,59,86.3,True,hilly,1.8,64.4,442.1,1786,14.92
32.6,16,57.9,none,22,126.2,False,hilly,0.2,89.2,451.3,1639,12.65
-6.5,99,65.6,none,50,119.2,True,flat,7.4,43.0,291.4,2243,43.68
13.1,73,10.9,none,21,80.6,True,flat,8.9,80.6,543.9,1551,21.77
34.9,25,56.5,none,18,90.9,False,flat,1.9,48.8,297.1,2279,6.34
37.3,11,73.6,none,63,71.3,True,flat,0.3,53.6,362.2,2435,13.3
5.6,25,46.1,rain,96,43.2,True,mountainous,2.4,78.4,499.6,1731,39.67
1.7,85,14.9,none,85,116.8,True,flat,8.8,56.8,303.4,2314,33.51
-10.5,12,10.2,rain,80,85.0,True,hilly,0.2,86.7,579.7,2418,43.52
37.1,31,20.8,none,75,72.5,False,flat,1.0,71.1,412.6,1823,5.19
-20.0,78,8.3,none,91,36.8,False,flat,0.2,59.4,322.7,2279,43.02
10.6,63,41.1,none,78,96.5,True,hilly,9.4,91.9,638.9,1600,32.75
-10.2,80,5.6,none,66,70.0,True,flat,1.4,77.7,495.1,2366,35.12
-10.5,77,17.9,none,43,55.4,True,hilly,9.0,65.3,350.6,1965,52.36
-1.7,15,35.2,none,19,117.7,True,flat,4.7,67.2,453.0,1748,36.48
39.9,90,37.9,snow,51,48.4,True,hilly,3.9,56.1,373.1,2026,32.64
-26.2,30,45.2,none,93,81.5,True,hilly,4.3,46.5,242.1,1757,65.0
10.5,60,56.4,none,62,109.6,True,hilly,4.2,58.2,305.5,2298,30.73
-24.2,68,3.8,none,27,114.9,True,flat,3.4,55.9,304.3,1822,65.0
-19.2,25,6.4,rain,68,111.9,True,mountainous,8.1,60.1,408.9,1573,65.0
0.8,98,4.9,none,52,119.7,True,flat,5.1,68.2,439.6,1535,32.52
5.7,54,33.9,rain,94,44.2,True,hilly,9.9,43.8,297.8,1760,32.84
-11.9,15,3.3,none,24,124.0,True,flat,5.2,46.4,310.1,2032,51.14
-7.8,94,59.7,none,74,31.1,False,flat,8.2,83.8,508.1,2135,36.02
-23.9,63,17.8,none,71,55.6,True,hilly,7.5,51.0,260.2,2006,65.0
-8.8,73,75.1,rain,99,38.4,True,hilly,4.0,60.3,388.7,2199,49.43
37.7,57,38.9,none,61,124.6,True,hilly,7.9,78.2,487.6,2181,32.17
36.1,85,35.7,none,88,72.4,True,flat,1.5,98.6,538.9,2074,15.47
-6.6,13,62.4,none,12,61.5,True,flat,2.0,48.0,328.6,2182,39.2
10.0,34,57.1,none,21,46.7,False,flat,6.2,85.4,544.6,2362,16.74
33.7,52,48.6,none,41,45.6,False,flat,7.1,69.5,458.9,1540,5.37
-29.6,17,74.8,none,66,91.4,True,flat,6.4,45.6,299.0,2333,65.0
26.7,74,33.8,none,50,34.7,False,mountainous,5.1,50.1,263.4,1856,21.61
36.4,45,64.7,snow,28,89.4,True,flat,1.4,81.7,453.9,1806,30.51
-23.6,35,30.4,none,63,107.5,True,flat,3.7,92.8,605.1,2363,65.0
-18.7,10,67.1,none,61,90.1,True,hilly,6.0,40.7,251.2,2107,65.0
37.3,75,20.8,none,57,112.7,True,hilly,2.3,53.4,280.2,1559,22.56
7.6,85,23.1,rain,18,56.5,True,hilly,6.4,61.5,359.4,1691,32.32
-29.0,46,54.2,none,93,37.7,True,hilly,2.3,99.3,544.2,2435,65.0
-12.0,61,17.0,none,63,102.1,True,flat,1.0,79.1,513.9,1912,39.08
1.5,30,18.3,none,34,112.8,True,flat,3.2,61.6,325.2,1773,33.59
18.5,66,24.4,none,72,80.2,False,flat,2.7,52.1,324.4,1698,4.54
21.3,11,54.3,none,39,112.1,False,flat,8.1,53.6,271.0,2057,13.33
39.7,54,71.2,none,56,75.8,True,mountainous,4.8,43.0,274.2,2468,30.86
-9.9,68,54.0,none,41,49.9,True,hilly,0.6,99.7,516.2,1634,42.65
7.7,93,66.2,rain,89,77.4,True,hilly,8.2,98.9,520.1,1739,33.4
7.3,44,43.5,rain,99,51.6,True,flat,2.7,40.7,242.4,1996,18.9
-1.6,79,5.5,none,25,77.2,True,flat,5.7,56.2,282.4,1715,28.61
-18.2,64,8.0,none,12,44.8,True,flat,5.4,41.2,286.8,2499,53.73
38.4,93,44.4,snow,30,48.6,True,flat,9.7,58.1,321.9,1909,21.45
29.7,46,26.2,rain,63,118.3,False,hilly,2.5,94.1,471.3,1941,18.81
4.9,39,17.6,none,26,41.6,True,flat,1.5,92.5,622.3,1719,25.21
12.2,90,37.3,none,83,52.4,True,hilly,2.6,81.1,416.3,2296,24.18
-14.1,14,53.3,snow,47,129.6,True,flat,5.8,99.2,669.7,1965,57.69
8.1,22,30.8,none,65,87.6,True,hilly,2.2,84.8,559.2,2148,32.79
18.6,17,64.2,rain,51,88.6,False,flat,3.4,54.5,285.6,1674,12.97
6.1,86,59.1,none,91,114.5,True,flat,6.6,90.1,470.9,1629,34.19
39.3,11,58.8,none,13,82.4,True,hilly,1.2,70.5,457.0,2061,19.24
12.8,88,78.8,none,76,52.2,True,flat,9.5,70.2,461.5,1678,22.29
-4.0,51,23.6,none,69,72.2,True,hilly,5.3,90.0,517.5,2015,32.77
24.1,10,51.6,none,68,105.5,False,flat,4.8,72.1,486.6,2499,10.53
-18.1,46,68.4,rain,47,117.2,True,hilly,3.6,59.6,321.8,1942,65.0
-3.1,27,46.4,none,11,57.3,True,hilly,2.5,95.7,595.6,1525,38.06
-5.7,66,63.2,rain,72,56.2,True,hilly,4.8,44.4,259.0,2134,53.4
0.2,71,33.2,none,85,62.8,True,flat,4.9,79.5,450.4,1759,33.59
24.7,54,47.2,none,18,89.6,False,flat,0.6,87.1,529.3,2441,2.94
3.9,14,4.5,none,50,57.9,True,flat,8.5,43.1,241.5,1734,31.44
25.6,69,78.9,snow,25,119.3,False,flat,8.2,54.1,294.4,2433,27.17
10.4,86,64.0,none,65,127.8,False,flat,4.5,53.4,324.7,1518,17.2
-6.1,75,69.5,none,81,97.9,True,flat,3.4,93.4,565.3,2478,41.79
26.7,85,55.5,snow,70,127.0,False,flat,5.0,79.0,523.2,1773,21.29
-13.3,28,14.9,none,39,58.8,True,flat,2.2,53.0,334.1,2282,45.89
-14.3,90,2.5,rain,23,111.5,True,hilly,0.0,94.6,536.2,1966,60.67
5.3,39,69.2,rain,81,97.8,True,flat,3.5,54.6,348.2,1870,31.15
-11.7,11,31.7,none,39,56.3,True,mountainous,0.2,79.7,417.2,2458,59.48
-29.4,86,21.1,none,12,61.8,True,flat,0.4,67.1,360.1,2442,65.0
15.4,95,44.9,snow,61,78.9,False,flat,0.3,45.9,283.1,2104,20.05
5.8,69,33.7,none,32,109.2,False,flat,8.8,85.2,520.9,2439,22.36
1.2,31,52.1,none,86,117.2,True,hilly,1.4,59.7,361.6,2289,36.11
37.7,33,38.7,none,23,93.4,True,flat,2.5,61.6,386.1,1863,19.91
10.0,52,55.8,none,49,102.2,True,flat,4.9,52.9,280.7,2396,25.47
30.4,91,68.3,rain,33,56.4,True,flat,5.3,88.3,582.7,1859,25.41
-20.2,23,15.6,snow,72,104.1,True,hilly,1.2,49.6,334.9,2446,65.0
9.8,84,26.4,snow,59,90.5,True,flat,9.1,53.1,320.8,2016,37.79
30.8,36,34.9,snow,81,52.3,True,flat,2.3,64.4,410.2,2239,22.45
10.8,83,77.0,none,51,125.0,True,mountainous,9.4,48.9,324.9,2137,43.95
20.3,93,29.2,rain,10,81.3,False,flat,2.6,46.8,294.7,2234,5.83
-4.0,48,30.5,none,29,109.4,True,flat,0.0,71.3,418.5,1681,34.61
-23.5,43,52.3,none,100,82.6,True,flat,9.7,97.2,618.9,2389,65.0
2.1,82,33.5,rain,46,123.3,True,flat,4.8,88.1,604.5,2322,34.78
-2.4,58,76.1,none,66,44.1,True,flat,8.8,50.6,282.1,2131,40.06
30.7,72,71.6,snow,91,84.6,True,flat,7.3,75.3,496.9,1712,31.79
-12.9,66,41.1,none,12,32.5,True,hilly,1.8,87.6,612.8,2073,51.11
37.7,24,51.6,rain,69,49.7,False,flat,8.5,48.7,317.8,1936,11.96
37.1,86,4.6,none,36,58.1,True,hilly,0.5,44.9,252.5,1518,19.08
-12.7,28,55.7,none,35,77.3,True,flat,5.1,93.5,490.2,2423,52.01
-5.6,94,56.6,none,30,112.0,True,mountainous,2.5,54.7,333.1,2269,51.81
32.7,33,28.7,none,84,76.7,True,flat,3.6,69.9,365.6,2398,19.93
37.7,76,17.6,none,44,86.1,True,hilly,7.6,52.5,311.1,2103,28.04
1.0,36,73.2,snow,16,122.4,True,hilly,6.8,42.9,243.2,1832,48.35
-7.5,39,34.1,none,19,105.7,True,flat,4.4,70.8,421.3,1940,40.24
6.8,38,52.3,none,23,35.0,True,hilly,0.5,66.1,372.1,2329,26.2
18.1,77,2.7,none,91,47.6,False,flat,0.4,83.6,559.2,1699,1.69
-10.9,60,33.1,none,48,33.8,True,flat,7.0,91.4,537.2,1651,46.12
21.6,89,65.4,none,92,36.9,True,hilly,9.5,48.5,252.7,1600,19.26
-26.4,38,31.0,none,84,63.9,True,flat,8.5,50.3,316.5,1599,65.0
-26.5,72,48.3,none,85,102.8,False,hilly,1.2,97.0,636.1,1987,65.0
-3.0,78,16.8,rain,36,54.4,True,flat,1.2,65.1,380.7,2236,40.66
-5.3,24,33.3,none,34,69.2,False,hilly,6.1,97.2,603.5,2390,34.36
-7.9,46,74.2,none,60,69.4,True,mountainous,6.6,60.3,355.3,2068,53.79
4.4,53,45.3,none,48,89.0,True,flat,6.2,60.9,328.8,1996,27.62
-7.5,42,72.2,none,56,119.3,True,flat,8.9,82.4,510.5,1887,52.06
-16.5,39,72.2,rain,15,128.3,True,flat,2.3,45.8,293.4,1801,62.24
-8.3,72,75.5,none,97,90.5,True,hilly,1.7,64.8,356.2,1534,43.62
38.2,29,71.6,none,15,80.5,True,flat,9.1,62.8,403.3,2231,24.12
-1.2,74,0.3,none,26,98.2,False,flat,7.2,42.1,283.0,1571,24.25
1.1,94,74.7,snow,71,96.8,True,flat,7.1,58.8,401.6,2258,46.44
10.4,61,11.0,none,24,82.4,True,flat,3.4,63.9,341.6,2214,27.51
38.8,65,3.2,none,20,103.7,True,flat,6.3,43.5,232.0,2487,23.83
-13.1,16,4.4,none,24,79.1,True,hilly,7.3,41.2,277.7,1520,46.86
17.7,88,27.9,none,16,129.6,True,flat,6.0,76.0,484.0,1743,27.33
20.1,36,49.7,none,33,34.9,False,flat,7.4,52.4,275.3,1582,5.02
12.5,65,32.2,snow,34,74.3,True,flat,5.9,61.8,369.9,2433,28.26
-23.8,98,2.0,none,55,69.7,True,flat,9.8,44.8,292.1,2014,65.0
17.4,64,38.1,rain,49,107.0,False,flat,4.9,46.1,248.6,2456,16.2
-25.5,75,35.4,none,53,49.1,False,flat,0.1,49.3,336.0,1655,60.85
11.7,50,60.5,none,65,73.4,True,flat,1.6,41.8,281.3,1830,20.94
21.8,15,22.4,snow,31,99.8,False,hilly,9.6,85.7,530.5,2139,27.88
-15.2,82,17.4,none,22,90.3,True,flat,4.7,94.4,618.6,1775,52.15
28.9,13,20.5,none,89,84.5,False,hilly,1.2,71.3,377.9,2422,11.77
-27.9,73,24.3,snow,67,73.5,True,flat,1.6,89.0,489.1,1939,65.0
29.1,12,47.9,snow,15,105.2,False,hilly,0.3,48.1,315.2,2114,18.26
2.2,88,37.7,rain,96,94.6,True,flat,2.3,67.0,394.3,1851,33.13
-14.8,24,27.0,rain,72,117.5,True,flat,9.9,48.6,260.5,1709,57.81
-20.6,56,29.9,none,24,103.3,True,hilly,3.3,99.7,556.4,2298,61.68
36.7,64,29.7,none,97,44.0,True,flat,2.5,43.5,271.6,2293,18.68
-24.9,51,77.8,rain,43,92.0,True,mountainous,6.7,66.6,338.7,2315,65.0
-16.1,41,18.6,snow,99,34.5,True,hilly,6.7,46.7,247.5,1830,65.0
-5.7,52,65.4,none,19,68.7,True,flat,9.7,44.1,238.5,2354,41.19
13.4,38,56.7,none,24,71.2,True,flat,7.3,84.1,569.8,1819,27.44
8.1,49,0.4,none,69,115.5,True,hilly,1.1,44.8,303.6,1861,28.9
-21.2,42,79.5,none,12,48.0,True,flat,9.9,41.4,224.8,1799,65.0
-9.7,61,60.5,none,12,94.4,True,flat,7.5,97.0,600.9,1931,53.74
-13.3,31,54.6,rain,81,49.2,True,hilly,2.6,51.1,292.2,1527,55.6
-15.1,99,32.4,none,25,124.9,True,flat,2.6,90.7,462.5,1751,51.19
-1.2,55,44.4,none,93,82.9,True,flat,9.6,97.2,515.7,1755,40.35
19.3,27,20.3,none,48,100.8,False,flat,1.9,85.1,426.5,2352,8.61
-14.8,53,2.8,none,89,94.7,True,flat,2.3,46.2,322.1,2194,46.84
-4.3,88,66.9,none,48,60.4,True,flat,3.6,50.2,316.4,1763,30.65
-2.6,12,71.7,none,58,120.1,True,hilly,6.8,50.7,267.2,1863,56.18
38.4,71,13.0,none,38,92.7,True,flat,4.3,79.2,512.4,2463,24.25
36.8,59,63.0,none,69,81.0,True,hilly,3.1,50.8,316.1,2097,28.01
26.0,25,59.3,none,39,82.8,False,hilly,2.7,41.8,226.3,2199,17.22
-13.1,84,14.3,none,30,119.1,True,flat,1.3,67.5,404.2,2471,52.94
-25.2,43,33.7,snow,17,35.9,True,hilly,5.5,75.3,468.7,2160,65.0
-7.8,36,33.8,rain,15,68.9,True,flat,2.7,67.6,387.1,1900,41.18
-11.3,85,60.8,rain,38,114.2,True,flat,3.3,69.3,479.7,1883,54.2
5.4,67,67.0,none,76,33.8,True,flat,0.1,67.4,349.8,1612,28.89
24.4,91,7.6,none,29,93.9,False,flat,5.3,55.9,293.7,1601,6.67
30.1,67,45.0,none,37,70.3,True,flat,7.0,97.4,653.6,1878,22.82
29.1,77,60.9,rain,91,50.5,False,hilly,9.3,90.3,496.6,1919,15.52
-4.8,85,62.9,none,68,91.1,False,flat,2.0,59.4,312.3,2157,24.38
18.1,15,11.8,rain,93,113.1,False,hilly,9.2,42.4,244.7,1961,22.66
-8.1,80,42.0,none,92,76.7,True,flat,3.6,91.5,488.2,2227,46.94
-25.7,65,68.6,none,16,44.7,True,flat,8.0,84.5,507.9,1600,65.0
19.1,16,25.5,none,96,60.6,False,hilly,9.0,44.9,290.2,1816,14.82
-29.3,56,34.0,rain,15,128.1,True,hilly,9.6,81.9,533.1,2404,65.0
-1.4,17,64.3,none,93,41.1,True,hilly,3.3,67.2,376.5,1544,42.61
-6.9,76,7.1,none,59,46.1,True,hilly,2.6,47.8,305.1,2157,44.37
18.5,59,68.8,snow,58,129.0,False,hilly,4.4,83.5,578.6,2054,27.87
23.6,96,24.9,none,74,118.2,False,flat,5.5,61.3,307.6,1560,15.81
-8.7,26,0.1,none,89,100.7,True,flat,6.9,94.6,595.5,1632,40.27
26.8,65,18.7,none,66,45.1,False,hilly,6.9,42.6,255.4,1787,15.49
-9.4,29,7.2,none,48,54.1,True,flat,1.2,96.2,557.1,1602,35.26
1.2,65,7.4,none,20,48.0,True,hilly,6.1,45.3,245.3,1870,35.54
20.9,75,55.4,rain,81,93.1,False,mountainous,1.7,42.2,221.3,2170,27.55
18.5,75,17.1,none,22,69.9,False,flat,7.1,74.9,512.5,2233,10.54
39.1,83,74.8,rain,75,34.8,True,flat,9.8,76.6,387.8,1867,21.77
-14.2,87,41.3,none,58,59.1,False,flat,7.7,51.9,308.0,2382,40.08
16.4,17,36.8,none,45,116.1,False,hilly,6.9,92.6,500.7,2375,22.08
12.7,41,34.7,snow,65,109.6,True,flat,0.8,88.1,466.6,1643,34.92
34.1,72,55.4,none,80,94.3,True,flat,1.8,57.0,324.9,2174,21.18
-19.1,55,36.2,rain,95,38.6,True,flat,3.6,66.6,375.0,1767,58.46
22.6,27,10.3,rain,34,118.3,False,flat,9.3,87.0,515.3,2094,19.19
9.8,60,70.4,none,95,83.5,True,hilly,3.3,90.0,538.8,1876,35.16
-10.8,47,34.3,none,96,79.5,True,hilly,8.1,87.8,527.4,2068,52.36
3.2,45,5.9,none,83,123.4,True,flat,1.0,56.1,295.2,2128,23.42
-6.6,83,42.3,snow,89,30.9,True,mountainous,6.6,85.9,458.9,1651,63.41
10.6,47,51.8,none,72,85.6,True,flat,7.8,78.0,440.3,2003,24.87
32.2,12,22.0,none,14,109.1,True,hilly,5.4,71.6,369.4,1664,25.29
9.9,15,64.0,none,62,36.4,True,mountainous,7.7,97.8,652.1,1680,45.88
14.2,87,53.6,none,77,65.7,True,flat,7.2,75.9,394.2,2245,29.05
6.3,96,52.0,none,95,127.7,True,flat,4.8,92.1,502.7,2414,36.06
-26.4,72,33.7,none,61,51.2,True,flat,8.7,85.1,534.2,1941,65.0
-13.7,43,77.0,snow,81,83.1,True,flat,3.4,42.7,293.0,2256,55.81
4.4,94,21.9,none,73,104.6,True,flat,4.3,56.0,295.2,2076,29.7
-8.3,70,46.2,none,35,69.0,True,hilly,5.4,76.5,450.0,2377,46.72
-17.3,86,24.7,none,24,70.8,True,flat,1.3,66.3,370.9,2431,51.01
5.3,79,59.6,rain,78,36.3,True,hilly,5.2,97.3,580.1,2336,33.37
-7.4,44,3.8,none,31,49.0,True,flat,3.2,75.0,440.8,2423,38.74
-11.9,53,3.7,none,32,118.1,True,flat,2.6,95.7,589.3,1750,48.46
2.5,27,64.9,none,68,111.8,True,hilly,5.8,52.4,266.2,1789,41.21
-20.7,36,34.7,none,81,60.5,True,flat,3.3,93.9,625.0,2087,63.78
34.9,80,27.3,none,62,68.2,True,flat,8.6,72.2,365.9,2301,17.17
30.7,90,48.6,none,90,74.0,True,flat,4.1,52.8,324.7,1585,19.17
19.5,75,56.2,none,29,64.6,False,flat,4.1,63.4,420.3,1821,10.85
-22.6,52,16.1,none,33,95.4,True,flat,9.8,98.1,513.3,1825,65.0
24.3,18,14.8,rain,67,31.3,True,hilly,3.4,97.6,620.9,2369,16.83
26.6,15,76.7,none,85,118.0,False,flat,1.3,41.3,224.0,2245,14.09
23.7,44,47.2,snow,59,60.1,False,hilly,8.8,58.4,315.4,2151,23.41
-22.0,52,31.2,none,11,117.2,True,hilly,9.2,94.0,478.2,1686,65.0
15.1,65,64.1,rain,71,75.4,True,flat,2.3,42.0,240.7,2024,24.48
28.4,11,42.0,none,83,107.6,False,flat,8.8,97.4,661.0,1509,11.62
10.4,99,19.3,none,35,112.6,True,hilly,4.9,63.3,405.5,1707,31.12
15.2,43,16.5,rain,15,60.1,False,hilly,0.4,46.9,287.8,2302,15.02
2.1,86,31.7,none,57,94.0,True,flat,5.5,58.1,385.4,2155,28.03
7.0,58,68.8,none,14,90.7,True,flat,8.5,88.5,590.3,2047,35.67
-27.6,22,4.9,rain,47,77.6,True,flat,4.0,99.9,618.1,2343,65.0
14.7,82,17.5,rain,12,77.0,False,flat,5.5,48.0,270.0,1942,12.41
-24.3,74,71.5,none,30,60.5,True,flat,1.4,78.3,529.1,1780,65.0
0.5,57,9.7,none,45,61.0,True,hilly,8.4,95.5,544.4,2339,36.96
-9.5,56,50.4,none,20,84.8,True,flat,1.1,94.0,502.5,1803,37.41
8.2,18,17.1,snow,20,33.2,True,hilly,0.9,63.0,385.5,2356,27.06
-20.7,69,48.5,none,84,123.4,True,hilly,9.3,91.9,475.3,2163,65.0
18.4,92,30.6,rain,14,95.0,False,mountainous,8.7,51.5,279.2,2131,29.73
25.7,18,8.1,none,72,74.3,False,mountainous,5.7,77.9,521.7,1580,21.4
-18.6,34,46.6,none,83,36.2,True,flat,1.1,75.9,442.7,1977,57.08
-22.7,91,54.6,none,22,93.0,True,flat,5.5,87.0,519.9,1873,65.0
-19.8,36,54.4,none,28,31.8,True,flat,9.2,53.7,326.6,2427,64.16
31.4,69,51.0,none,68,98.0,True,hilly,6.1,77.7,465.3,1512,22.64
7.0,58,40.0,none,38,37.3,True,flat,2.0,76.6,416.5,2103,20.8
2.7,64,41.6,none,53,95.6,False,flat,9.1,45.1,307.8,1912,23.54
-22.5,47,50.9,none,85,70.6,True,mountainous,8.7,59.8,380.5,2305,65.0
15.5,37,55.2,none,22,96.3,False,flat,5.5,52.4,330.5,2334,12.8
30.8,14,52.4,none,66,43.8,True,flat,8.5,100.0,667.2,1964,15.28
28.0,77,47.0,rain,95,41.7,False,mountainous,0.6,99.4,631.7,1660,22.48
13.8,77,12.5,none,15,54.7,True,flat,4.6,55.1,289.1,1704,16.64
-24.7,70,16.8,none,15,71.2,True,flat,1.8,88.5,502.7,2224,64.44
-22.1,68,20.8,snow,60,55.3,True,mountainous,8.4,89.0,511.4,2323,65.0
-26.5,32,73.6,none,96,38.2,True,flat,9.7,96.2,610.0,1867,65.0
-12.0,12,60.8,snow,30,62.5,True,flat,9.3,47.8,306.1,1866,56.69
-20.5,83,44.2,none,40,100.6,True,flat,5.0,80.1,489.4,1668,65.0
-11.8,54,20.2,none,19,88.3,True,hilly,5.1,52.4,303.6,2157,54.38
-3.0,38,8.9,none,43,126.3,True,flat,9.1,79.5,536.6,1620,42.87
36.0,19,71.9,none,14,73.6,True,flat,7.2,92.3,564.1,2203,23.17
12.7,16,71.4,none,45,63.3,True,flat,0.7,44.9,298.3,2098,23.53
28.4,41,8.9,none,60,99.4,False,flat,1.3,78.2,536.1,2311,6.07
19.7,82,63.8,rain,98,71.2,False,flat,9.5,72.3,422.4,2099,16.98
-22.1,93,35.7,none,84,91.8,True,flat,3.7,50.5,282.1,1707,65.0
21.5,91,25.9,none,84,124.6,False,mountainous,1.9,54.3,311.6,2079,24.2
-10.7,93,59.1,none,31,79.9,True,flat,7.4,71.2,367.9,2405,48.01
14.7,92,49.1,rain,18,79.8,False,flat,8.8,91.6,522.4,2292,15.65
-6.1,57,62.4,none,64,107.5,True,flat,2.1,80.5,484.1,1671,39.78
39.8,30,5.9,none,57,105.6,True,flat,2.5,41.6,225.4,1593,21.59
-11.6,82,25.5,rain,56,81.6,True,flat,9.0,47.6,254.8,2459,46.37
-10.5,29,25.5,snow,20,36.5,True,flat,0.1,93.0,523.7,2246,50.3
35.1,34,26.4,none,54,128.1,True,hilly,9.1,79.2,411.7,2327,29.99
-28.3,31,40.2,snow,24,67.7,True,flat,0.4,41.1,245.9,2400,65.0
18.8,56,22.6,none,48,61.7,False,flat,1.0,75.8,475.1,1967,3.97
20.8,39,35.6,snow,16,128.2,False,flat,8.6,50.1,309.5,2374,24.33
28.5,24,29.4,none,87,117.2,False,flat,2.5,95.2,529.3,1631,7.63
38.2,51,58.8,rain,11,63.0,True,hilly,2.2,47.3,318.2,1839,28.08
38.3,89,48.3,rain,95,60.8,True,flat,8.4,44.6,232.9,1841,26.71
-25.4,61,52.3,none,88,102.1,True,hilly,5.4,78.7,393.7,1536,65.0
27.5,89,16.8,none,78,63.4,False,hilly,3.5,87.6,461.4,1687,6.37
15.2,28,26.0,none,98,55.1,False,flat,7.1,56.4,363.8,2229,12.31
15.3,25,1.7,none,15,128.0,False,hilly,8.1,58.1,382.0,1963,20.73
-21.0,62,8.7,none,68,86.6,True,flat,8.6,61.4,401.2,2097,65.0
15.5,52,21.2,snow,86,106.2,False,hilly,1.2,85.9,485.5,2115,19.81
38.8,69,5.2,none,21,101.3,True,flat,5.8,55.7,376.1,1711,23.54
33.8,82,48.2,none,63,105.6,True,flat,6.8,45.3,307.0,2427,18.56
0.7,78,79.9,none,45,120.3,True,flat,1.2,58.6,388.8,1640,34.83
-27.2,95,8.1,none,49,80.1,True,flat,6.1,98.0,634.2,1503,65.0
-4.6,46,65.7,none,92,105.3,True,mountainous,0.3,66.1,441.5,1764,50.04
27.8,29,9.5,none,58,109.7,False,flat,3.4,73.6,464.9,2007,8.68
19.1,60,53.6,rain,18,124.6,False,hilly,1.7,85.7,594.0,1668,21.52
2.2,20,51.5,rain,94,101.3,True,mountainous,5.6,73.5,460.2,2273,47.76
-26.1,36,72.2,rain,27,119.3,True,flat,1.9,79.4,423.3,1710,65.0
-0.1,29,9.1,rain,90,39.5,True,flat,7.9,92.8,498.0,2454,37.71
2.8,46,25.2,none,97,42.6,False,flat,1.2,62.4,365.6,2210,14.1
35.0,20,7.3,rain,89,45.8,True,hilly,7.6,46.7,300.6,2355,24.26
14.9,13,32.6,none,71,44.5,True,flat,1.0,45.7,241.2,2048,7.16
-8.2,69,72.9,none,77,38.8,False,flat,4.4,87.0,468.7,2053,29.16
6.8,65,62.5,none,73,42.3,True,flat,7.0,79.3,408.7,2475,19.87
-25.4,74,57.8,none,51,129.6,True,hilly,1.6,74.0,394.7,1617,65.0
38.1,69,42.6,none,35,57.2,True,flat,7.5,95.8,521.2,2081,24.56
-4.8,20,70.7,none,36,77.8,True,hilly,9.5,77.6,474.8,1568,45.29
3.5,36,36.0,none,76,112.2,True,flat,3.7,42.9,247.6,2490,24.79
-5.1,22,12.0,none,66,41.8,True,hilly,0.0,68.1,353.4,2131,36.04
17.8,86,67.0,rain,63,61.7,False,hilly,4.8,52.9,281.2,1583,18.84
16.4,77,22.4,none,69,45.9,False,flat,9.0,77.3,466.7,1786,10.71
20.1,28,4.3,snow,80,36.3,False,flat,6.7,51.3,269.8,2391,15.54
-11.2,41,10.1,none,77,126.1,True,hilly,7.0,78.7,508.2,1582,61.67
-7.9,97,48.7,none,19,115.8,False,mountainous,7.9,93.0,482.7,1774,51.97
-21.2,63,48.6,none,43,117.9,True,hilly,9.1,44.6,240.1,2005,65.0
15.9,82,20.8,snow,34,116.9,False,hilly,1.2,55.5,375.0,2483,24.27
-27.2,34,58.2,none,58,45.5,True,hilly,5.9,80.4,487.9,1708,65.0
11.8,29,61.9,none,16,108.5,True,flat,8.9,82.7,576.9,2292,34.62
30.9,81,73.6,none,79,102.8,True,hilly,7.8,75.2,399.0,1843,31.17
32.4,72,46.8,none,20,122.5,True,flat,2.5,48.3,249.2,1509,19.4
1.4,71,62.4,none,34,51.9,True,flat,8.7,54.6,281.1,2282,29.14
2.2,60,60.2,rain,80,71.4,True,flat,2.9,94.4,648.9,1990,25.26
-24.6,61,20.6,none,15,59.5,True,mountainous,4.1,89.2,560.5,1980,65.0
17.0,76,24.8,none,69,55.8,False,mountainous,1.9,97.0,550.4,2174,20.9
27.5,34,38.3,none,93,95.2,True,flat,8.9,64.5,372.3,2151,18.94
-12.9,42,1.5,none,66,46.4,True,hilly,0.9,66.4,424.8,2156,39.47
-0.5,88,23.8,snow,74,76.5,True,hilly,9.9,55.5,346.1,1826,49.33
28.7,38,37.9,rain,81,94.7,True,flat,3.3,71.5,408.2,2080,19.08
31.4,59,8.6,none,30,43.0,True,flat,7.1,89.8,572.9,2378,16.27
-13.0,73,10.1,none,62,55.7,True,flat,1.3,54.9,311.9,2393,44.48
8.5,100,37.1,snow,38,126.7,True,flat,4.9,48.4,286.0,1905,37.74
-16.5,49,58.5,none,32,109.5,True,hilly,0.4,85.0,569.8,1733,61.41
-22.9,49,66.7,none,27,97.7,True,flat,8.8,81.6,427.3,1575,65.0
33.8,86,43.7,snow,63,115.6,True,flat,4.5,89.8,526.4,2358,26.73
27.4,82,38.0,none,82,31.4,False,flat,7.4,85.1,441.1,1665,5.26
23.2,76,30.7,none,89,30.6,False,flat,8.9,65.2,330.8,1817,8.91
-26.6,52,15.4,none,49,45.4,False,flat,0.7,49.4,342.5,2312,62.05
29.1,39,11.7,snow,44,79.5,False,flat,5.1,82.9,507.6,2283,19.11
0.7,65,63.4,none,72,87.0,True,hilly,1.9,92.7,644.7,1934,39.91
-6.0,89,37.2,none,80,41.4,True,flat,0.7,49.2,330.3,2194,28.43
8.3,90,63.2,rain,33,37.2,True,flat,6.2,71.1,495.7,1739,24.76
-23.6,20,56.3,rain,37,112.8,True,hilly,1.1,59.7,410.3,2430,65.0
23.0,49,15.5,none,58,76.4,False,mountainous,4.9,71.2,481.0,2452,23.33
10.8,52,40.8,none,50,129.2,False,hilly,2.0,41.9,270.1,2442,21.64
-16.9,98,35.5,none,74,52.9,True,hilly,2.0,61.2,396.0,2123,51.73
-16.8,71,33.9,none,55,94.7,True,mountainous,5.2,69.1,475.5,1571,65.0
-17.1,47,43.4,none,20,110.4,True,hilly,5.6,49.1,341.1,2113,65.0
-26.0,12,78.6,rain,25,117.3,True,mountainous,0.0,64.4,443.9,1922,65.0
11.1,61,65.0,none,91,60.6,True,hilly,5.0,50.6,301.7,1895,29.91
28.8,19,72.3,none,30,49.3,False,hilly,6.7,52.9,357.5,1528,11.9
-28.8,85,2.4,none,15,52.6,False,flat,6.8,98.7,594.0,2374,65.0
-26.6,78,11.2,none,76,96.7,True,flat,8.5,76.1,466.4,2358,65.0
10.1,51,6.8,rain,72,82.2,True,mountainous,9.0,63.4,421.3,1824,41.06
27.4,49,21.1,rain,64,89.9,False,flat,6.2,71.3,474.7,2478,10.44
-7.1,91,35.4,none,55,32.1,True,mountainous,4.8,63.0,418.7,1636,54.18
-5.5,36,51.4,none,97,69.1,True,flat,2.0,76.1,506.7,2335,42.02
11.7,32,40.1,none,21,61.0,True,flat,1.3,40.0,234.3,2122,23.08
-10.8,95,72.3,none,56,116.4,True,hilly,6.1,54.2,328.3,1986,53.34
-28.1,83,75.2,none,61,107.6,True,flat,9.5,99.3,546.9,2463,65.0
21.5,84,13.1,none,12,73.0,True,hilly,2.8,46.7,277.0,2083,17.36
13.8,28,68.2,none,47,93.1,True,flat,1.0,44.7,309.6,2334,21.36
10.7,23,38.5,none,80,34.8,True,mountainous,4.2,69.6,461.6,1732,40.83
21.9,12,36.3,none,52,93.7,False,hilly,0.0,57.4,328.9,1532,11.16
17.3,31,62.8,none,89,39.7,False,flat,5.5,72.0,451.3,1711,6.35
-15.6,80,7.5,none,68,101.4,True,flat,0.5,97.6,537.7,2488,48.44
-5.3,32,70.6,rain,79,87.4,False,flat,9.3,47.6,257.6,2061,39.56
-21.2,76,53.7,none,82,60.0,True,mountainous,8.7,66.4,387.4,2342,65.0
-20.9,33,70.0,snow,72,67.1,True,flat,1.1,85.5,457.0,2185,65.0
17.3,46,79.6,none,77,39.0,True,flat,1.5,49.6,303.3,1654,14.55
30.1,98,41.4,none,73,62.3,True,mountainous,9.5,82.7,483.9,1614,39.1
37.4,32,7.5,none,60,126.7,True,mountainous,8.1,64.0,337.8,1985,35.79
14.0,44,13.3,none,61,78.6,True,hilly,9.4,77.2,494.5,2442,30.44
-17.1,37,25.9,rain,27,77.4,True,hilly,3.3,71.5,460.8,1633,55.17
-22.6,20,8.3,none,84,92.9,False,flat,1.1,67.0,454.5,2002,53.7
26.9,54,65.2,none,38,78.4,False,flat,6.2,68.7,441.6,2260,11.31
10.5,44,23.7,none,58,65.6,True,mountainous,9.7,48.8,265.4,1579,43.95
13.3,73,78.1,none,32,44.0,True,flat,1.3,66.1,417.8,1907,22.81
24.7,84,56.2,none,73,93.0,False,flat,8.2,85.2,592.3,2036,14.19
19.2,59,13.9,none,98,104.9,False,flat,3.6,93.8,628.9,1610,8.96
28.4,13,38.1,none,82,122.3,False,flat,1.2,77.6,455.3,2156,10.1
-26.1,66,37.4,rain,66,30.3,True,hilly,4.6,89.6,573.0,2239,65.0
22.3,15,39.4,none,61,36.7,False,flat,4.9,70.5,354.6,2139,2.17
29.6,65,42.9,none,54,119.9,False,hilly,0.1,53.0,288.0,1574,13.01
-10.0,72,2.5,none,28,93.1,True,hilly,4.7,83.4,483.8,1507,43.39
14.8,28,54.9,rain,41,125.8,True,hilly,6.5,82.1,478.0,2299,41.55
-8.0,84,39.0,rain,47,73.1,True,flat,7.6,40.4,273.2,1990,48.65
37.1,92,63.3,none,95,71.7,True,flat,1.0,68.8,479.9,2065,15.18
-27.7,83,65.2,none,48,64.4,True,hilly,8.8,96.2,568.5,2407,65.0
10.6,37,18.4,none,63,44.3,True,hilly,1.7,99.1,572.6,2059,21.36
-18.3,63,3.9,none,93,67.9,True,flat,6.6,67.4,354.8,1754,53.95
19.9,92,56.3,none,57,31.5,False,flat,5.5,83.3,455.5,1948,6.09
-17.7,39,78.2,none,33,80.9,True,flat,8.8,41.1,216.8,1985,63.43
-13.5,84,35.7,rain,44,114.7,True,flat,0.4,56.1,319.3,2182,51.9
4.6,11,20.8,none,44,62.1,False,hilly,1.9,83.3,541.0,1852,18.13
34.0,10,12.5,none,74,39.5,True,flat,1.2,79.2,399.4,2340,20.15
-15.2,78,23.0,none,37,127.4,True,flat,3.3,79.6,537.0,2036,62.94
-19.9,79,26.2,rain,76,42.9,True,flat,3.4,81.8,527.2,2046,58.87
23.1,81,33.9,none,90,82.9,False,mountainous,0.9,65.8,377.3,2260,17.25
5.0,94,52.4,none,40,110.9,True,hilly,5.1,96.3,582.5,1582,34.93
33.8,21,21.9,none,22,55.2,True,flat,1.2,62.0,323.3,2388,16.24
-19.7,31,4.1,none,67,114.1,True,flat,0.7,94.1,617.3,1694,64.33
15.2,91,29.9,none,42,85.7,False,hilly,0.3,43.6,286.3,1833,12.6
-13.7,26,68.5,none,58,63.2,True,flat,9.3,91.0,523.5,1592,49.85
-19.0,71,39.9,none,67,116.6,True,hilly,4.0,58.2,321.3,1971,64.85
17.8,58,77.2,none,47,92.2,False,hilly,2.8,79.6,491.0,1838,12.21
11.6,17,40.3,none,93,91.5,True,flat,4.8,43.3,244.4,1716,19.37
22.8,36,22.1,none,46,80.4,False,flat,1.6,44.8,287.1,1677,5.18
-8.3,57,15.5,none,38,57.5,True,flat,4.1,43.4,279.0,1640,44.43
1.4,87,55.6,none,90,60.5,True,mountainous,1.9,69.1,480.7,1564,40.02
-1.6,74,42.9,rain,22,38.8,True,hilly,3.0,65.0,370.7,1715,38.7
38.9,66,48.3,rain,21,54.4,True,mountainous,9.2,59.1,302.4,1504,35.99
-9.5,55,60.4,snow,94,57.8,False,flat,1.5,66.8,451.9,1582,38.32
-9.4,37,58.1,none,29,35.9,True,flat,4.7,58.8,295.2,2467,46.13
-5.2,21,3.5,none,23,41.0,True,hilly,6.6,92.3,544.0,1902,39.87
9.5,47,64.2,none,58,57.0,True,flat,9.2,73.8,406.8,2418,22.24
-12.3,13,42.6,none,14,97.7,True,hilly,9.2,58.6,341.2,1900,58.24
34.1,29,31.3,none,66,48.4,True,hilly,2.5,67.3,359.9,2279,18.51
-11.4,49,43.0,none,51,82.2,True,mountainous,9.4,92.0,584.3,2199,63.28
32.7,48,49.0,none,68,80.8,True,flat,3.3,64.5,395.2,1662,13.69
-22.8,14,12.0,none,36,113.4,True,hilly,8.9,65.6,381.2,1968,65.0
16.0,63,33.4,snow,91,90.9,False,mountainous,0.9,60.3,381.4,1622,31.49
33.5,59,26.8,none,34,121.7,True,hilly,2.0,55.6,287.4,1906,23.69
-18.2,17,28.0,none,67,92.8,True,flat,0.8,68.3,458.7,1783,53.87
37.8,95,7.3,none,95,32.6,False,flat,3.0,84.2,497.5,2117,2.95
1.7,19,12.8,rain,46,68.1,True,mountainous,8.7,62.1,386.8,2245,48.95
36.2,87,12.9,rain,25,99.9,True,flat,1.6,53.6,297.7,2414,19.93
17.4,10,29.9,none,16,77.5,False,mountainous,2.2,79.6,552.8,1548,21.03
-8.9,89,71.6,none,97,71.9,True,flat,2.2,88.5,522.5,2243,46.42
-16.8,12,16.5,rain,79,97.2,False,hilly,2.7,41.3,221.9,1627,51.85
-8.7,78,33.3,none,93,58.6,True,flat,0.2,77.9,414.5,2368,31.14
-23.5,43,24.9,snow,73,120.9,True,mountainous,4.2,94.1,522.5,2150,65.0
-19.9,76,63.0,none,41,71.3,False,flat,9.8,45.3,296.5,2402,56.9
-22.7,46,4.0,none,21,93.1,True,hilly,4.5,94.0,527.6,1630,65.0
-0.4,16,15.7,rain,94,128.2,True,flat,8.1,47.1,243.1,1984,42.8
25.7,79,16.9,none,54,108.5,False,flat,5.7,99.8,588.3,1993,10.25
-20.1,16,79.4,none,46,83.2,True,hilly,0.1,70.7,383.8,2241,65.0
-20.9,93,45.7,none,62,115.9,True,flat,5.9,83.8,573.3,2470,65.0
15.0,15,11.1,rain,20,86.0,False,hilly,9.5,43.8,251.5,1513,25.53
-16.2,53,21.8,none,38,74.2,True,flat,5.5,46.1,259.8,2150,51.11
-23.2,75,13.4,none,67,117.3,True,flat,5.3,97.8,576.7,1541,65.0
-18.3,45,10.0,none,19,32.7,True,flat,6.7,99.3,502.3,1922,61.22
34.7,30,63.8,rain,22,70.7,True,flat,8.7,56.6,343.3,2349,20.71
27.5,78,39.7,none,56,64.3,False,flat,5.6,60.5,422.0,2062,6.42
-5.2,81,50.5,none,66,101.4,False,flat,4.1,40.6,230.9,2350,28.46
15.9,93,26.5,none,27,31.3,False,flat,0.4,97.4,668.9,2142,2.0
7.6,44,44.3,rain,13,96.1,True,flat,1.1,95.1,498.5,2406,31.81
17.4,56,20.6,rain,96,64.6,False,hilly,6.5,47.0,290.2,2292,15.5
17.8,43,24.6,none,12,39.8,False,hilly,6.2,61.9,330.5,2224,9.9
14.0,33,52.2,rain,10,128.0,True,flat,2.4,98.0,662.3,2244,33.16
-11.4,78,12.0,none,39,51.2,True,hilly,7.2,47.5,306.7,2066,53.32
-27.3,41,49.4,none,30,64.9,True,flat,2.8,92.4,623.9,2349,65.0
1.9,49,68.2,rain,62,50.7,True,flat,3.0,52.1,332.7,1966,27.17
32.4,46,9.6,none,90,96.2,True,hilly,0.6,44.1,279.8,1566,13.22
9.9,74,71.8,none,53,108.3,True,flat,5.5,48.5,294.0,2249,32.02
28.3,93,6.4,snow,80,116.1,False,flat,2.9,82.6,503.1,2238,21.93
39.4,70,27.9,none,92,61.1,True,flat,8.2,48.2,316.7,1635,23.1
-18.5,52,48.8,none,27,82.5,True,hilly,8.0,40.2,247.2,1750,65.0
18.4,80,44.8,rain,54,96.3,False,flat,1.3,86.5,507.6,1745,9.18
17.2,68,7.7,none,68,93.0,False,flat,1.6,79.3,508.9,2092,2.01
38.6,15,63.9,none,40,101.6,True,flat,3.2,92.7,642.1,2058,24.3
39.0,19,77.9,none,77,107.0,True,flat,5.8,74.7,509.1,1619,19.27
18.1,13,14.5,none,73,39.7,True,hilly,3.4,42.7,241.5,1939,17.91
-12.9,51,71.6,none,48,46.8,True,hilly,3.5,41.3,238.4,1525,55.06
25.9,84,44.5,none,18,103.4,False,flat,1.4,87.1,602.4,1657,6.59
-22.5,38,74.9,none,11,77.7,True,flat,3.4,93.4,510.5,1569,65.0
24.6,45,14.1,rain,43,72.7,False,flat,4.7,88.0,462.6,1994,12.3
33.7,92,63.4,none,17,75.5,False,mountainous,9.8,62.4,371.7,1562,28.29
-3.2,85,4.8,none,80,67.2,True,flat,8.4,79.7,469.7,2451,31.52
14.1,70,70.7,rain,40,89.1,True,hilly,7.9,44.7,272.3,2126,36.85
0.1,34,53.9,rain,70,62.3,True,flat,5.6,83.1,420.8,2272,43.29
0.6,21,29.6,none,41,93.7,True,flat,3.6,55.0,297.6,1912,35.84
-8.3,11,15.2,none,82,50.3,False,mountainous,8.6,96.1,634.5,2449,47.44
23.3,20,65.3,none,90,105.8,False,flat,3.5,60.3,344.7,2275,14.87
35.5,36,48.3,none,85,108.2,True,hilly,5.9,60.4,412.4,1813,23.5
35.9,60,28.8,none,54,87.9,True,mountainous,2.6,57.2,350.9,1621,24.63
-17.8,16,35.5,none,18,66.9,True,flat,7.8,78.0,393.4,1960,56.12
31.2,22,66.1,none,43,31.4,True,flat,5.1,45.8,318.7,2050,22.93
21.6,26,27.1,snow,48,42.2,False,flat,9.0,43.2,243.4,2032,15.43
-12.3,67,7.2,rain,96,38.0,True,hilly,5.7,81.8,469.2,2440,47.79
-25.3,65,72.9,none,61,31.0,True,mountainous,1.6,96.7,659.9,2194,65.0
-11.2,60,31.0,none,68,102.2,True,hilly,9.9,84.6,571.7,1965,53.78
33.9,33,27.9,rain,80,125.6,True,flat,5.0,55.0,350.3,2212,21.45
14.3,43,16.4,rain,61,31.1,True,flat,2.5,61.7,309.9,1848,14.54
20.5,19,71.8,snow,64,41.3,False,hilly,3.3,52.2,261.4,2299,17.41
-12.0,30,17.4,none,32,116.1,True,hilly,1.2,81.0,434.1,2382,52.19
20.4,91,50.9,none,15,98.9,True,flat,0.7,54.2,353.9,2447,16.85
-28.0,98,70.5,snow,75,70.5,True,hilly,4.5,74.3,495.4,1534,65.0
-3.7,68,2.8,none,86,129.3,True,mountainous,9.5,90.4,492.5,1789,52.82
13.9,93,66.3,rain,47,87.4,True,hilly,1.2,71.0,366.1,1665,29.88
-19.8,68,32.8,none,59,97.0,False,flat,9.0,75.6,442.6,2167,56.16
27.6,13,52.6,rain,38,95.3,False,flat,8.0,98.1,672.7,1755,17.54
-13.5,100,29.8,none,51,52.3,True,flat,8.1,59.2,357.8,1962,45.64
15.7,19,55.6,none,29,78.8,False,hilly,7.1,87.8,568.0,2285,15.57
-1.6,71,20.3,none,78,51.6,True,flat,5.9,81.2,521.1,2351,28.65
11.7,33,1.8,snow,54,80.9,True,flat,1.2,46.8,313.9,2105,26.78
-22.5,45,75.8,none,59,33.1,True,hilly,5.8,99.4,692.6,1951,65.0
-28.8,68,1.3,none,13,68.2,True,hilly,3.5,81.4,566.4,1564,65.0
33.7,49,65.9,none,66,67.2,True,flat,1.1,40.8,248.3,2237,14.45
-11.1,33,13.5,rain,28,59.2,True,flat,8.0,83.3,472.3,2211,46.73
27.4,40,31.4,none,45,37.9,False,hilly,5.5,48.0,315.9,1736,11.63
40.0,41,65.8,none,47,107.1,False,hilly,7.4,57.6,368.9,2229,20.53
-15.2,96,16.5,none,50,72.0,True,hilly,4.8,60.9,400.0,1731,51.32
-11.4,82,69.3,none,30,111.4,True,flat,5.5,58.6,328.1,2175,47.45
16.4,51,39.8,none,87,113.6,False,flat,7.1,84.7,522.1,1647,13.17
37.6,28,29.3,none,49,51.4,True,mountainous,2.5,85.2,457.5,2412,30.25
34.1,83,53.0,rain,65,72.1,True,hilly,8.5,71.7,390.0,1898,27.15
5.2,24,27.3,none,65,102.1,True,flat,4.2,74.0,424.8,2103,28.97
25.7,29,27.8,none,65,79.9,False,mountainous,7.1,58.8,377.7,1707,24.95
-20.5,43,58.7,rain,60,115.5,True,mountainous,3.3,41.4,232.2,2352,65.0
38.4,89,24.8,snow,84,87.2,True,flat,7.0,61.1,345.7,2468,26.17
37.5,22,16.1,rain,83,93.0,True,hilly,0.4,40.6,267.7,1805,23.32
-18.5,21,64.6,none,48,108.7,True,flat,9.3,91.9,627.3,1704,64.67
-9.0,54,64.4,none,67,42.2,True,flat,7.9,78.4,524.0,2037,45.47
-23.0,35,39.8,none,19,88.4,True,flat,6.6,98.8,530.3,2458,65.0
-11.0,61,42.1,none,18,38.5,True,flat,3.2,51.0,301.5,2263,38.35
27.1,51,55.7,none,53,56.1,True,flat,8.4,79.5,509.1,2484,18.51
-3.5,49,40.7,rain,91,51.3,True,hilly,7.7,51.3,329.4,2375,49.34
-23.8,20,33.4,none,68,86.7,True,mountainous,4.5,78.3,453.9,2186,65.0
-6.0,23,79.6,none,70,114.4,True,flat,2.0,69.5,406.0,1685,43.82
38.7,84,11.8,none,24,43.3,True,flat,1.8,79.9,491.6,2381,7.17
14.1,90,47.4,none,51,106.8,True,flat,4.9,83.5,530.8,2106,24.94
-0.9,31,70.9,none,46,44.3,True,flat,7.8,71.4,367.3,1952,29.57
-18.3,20,55.0,none,80,49.0,True,hilly,7.1,69.6,437.9,2001,65.0
39.0,15,70.5,none,22,121.7,True,flat,4.9,44.2,266.2,2464,21.35
27.5,65,26.9,none,59,31.0,False,flat,2.0,61.8,313.8,1511,5.55
-10.3,74,21.8,rain,92,49.7,True,mountainous,2.4,58.1,297.5,2250,58.66
-25.1,44,68.1,none,90,51.6,True,hilly,0.6,77.5,418.6,2262,65.0
-26.0,71,31.5,rain,87,58.2,True,flat,1.8,56.6,323.0,1595,65.0
-21.6,74,56.8,none,44,66.3,True,flat,0.1,53.9,351.8,2466,61.31
10.7,94,11.8,rain,95,40.3,True,mountainous,6.7,90.9,511.8,1996,35.38
35.0,16,60.5,none,82,76.8,True,hilly,5.9,89.7,585.5,2215,21.42
4.8,27,43.9,rain,87,69.9,True,hilly,9.9,59.7,358.0,1926,36.7
29.0,16,21.5,none,94,92.5,True,flat,7.6,45.1,244.6,1817,21.77
1.2,88,39.6,none,94,116.8,True,hilly,2.5,69.9,457.8,2070,34.45
19.6,81,55.8,none,32,59.8,False,hilly,7.1,67.1,432.3,2392,15.01
21.2,62,1.0,none,21,84.6,False,hilly,0.1,92.2,467.6,2140,9.59
-17.8,18,51.0,none,72,67.1,True,flat,9.9,72.8,471.1,2153,62.26
-4.7,35,43.3,snow,61,34.0,True,hilly,6.1,96.6,612.0,1817,56.77
14.6,37,17.6,none,39,112.1,True,flat,1.2,69.0,396.8,1734,11.98
-25.1,60,60.2,none,72,93.4,True,flat,5.0,80.0,500.9,2128,65.0
-4.7,33,24.3,none,16,30.2,True,flat,9.4,68.8,364.8,1646,35.15
7.4,17,22.1,none,14,55.0,True,flat,8.5,59.3,366.0,1946,29.92
39.7,76,37.7,none,42,60.9,True,flat,3.0,41.6,222.6,1750,15.42
3.2,37,54.1,none,27,111.2,False,hilly,4.0,87.6,457.8,2206,30.76
27.1,51,74.3,rain,75,106.1,False,hilly,8.5,94.2,508.8,2035,19.6
0.2,21,11.3,none,95,69.6,True,flat,9.0,84.0,440.5,1600,35.45
25.7,82,31.7,snow,70,45.7,False,hilly,9.1,56.3,295.7,2060,23.56
11.7,61,5.4,none,69,68.6,True,flat,9.5,89.0,602.3,2102,21.0
32.1,91,60.7,snow,11,111.0,True,mountainous,5.0,76.8,521.9,1791,45.56
-1.2,55,35.8,none,56,75.2,True,flat,8.6,81.0,523.8,1831,39.65
12.3,95,56.6,rain,84,41.6,True,flat,3.5,44.0,288.7,2375,23.78
14.1,90,25.8,none,69,33.9,True,hilly,8.4,74.9,428.5,1612,28.73
-0.8,62,67.5,none,31,63.3,True,flat,3.5,73.7,448.5,2468,26.24
-19.9,94,42.8,none,86,44.8,True,flat,6.1,79.7,528.4,1714,60.44
-23.5,39,75.5,none,97,104.5,True,flat,4.7,86.3,515.9,1742,65.0
-28.8,43,6.3,none,35,57.9,True,hilly,8.9,64.3,416.1,1891,65.0
31.1,14,41.1,none,29,117.7,True,flat,0.7,49.3,288.2,2448,21.18
-13.4,63,61.3,none,40,91.7,True,flat,9.5,95.4,543.2,2396,54.15
-15.2,75,48.0,rain,16,69.4,True,flat,4.6,86.6,579.6,2247,58.31
21.5,80,1.9,snow,89,91.0,False,flat,4.8,72.4,410.3,2295,16.16
-7.6,23,77.8,none,94,59.5,False,flat,8.3,61.3,364.6,2022,32.54
5.4,50,23.9,none,67,44.1,False,mountainous,6.7,99.0,516.6,2405,29.86
-18.6,26,19.9,none,79,126.4,True,flat,9.5,45.6,274.5,1627,65.0
37.2,70,38.9,rain,70,86.3,True,flat,5.5,96.1,596.8,2042,19.47
29.6,24,43.4,snow,44,30.7,False,flat,5.6,64.2,371.4,2322,17.79
30.5,91,61.3,snow,67,61.0,True,hilly,9.7,45.8,288.3,2070,34.13
-1.5,31,31.5,snow,85,46.0,True,flat,9.3,62.8,369.1,2315,42.01
23.4,36,35.2,rain,83,55.8,False,hilly,2.1,85.0,497.3,1667,14.66
-19.9,87,42.8,snow,17,35.6,True,flat,3.1,65.5,382.8,1539,61.43
-29.4,51,31.6,none,52,54.5,False,hilly,6.3,69.6,467.5,2059,65.0
-28.6,12,73.2,snow,46,98.3,True,flat,9.4,89.4,577.2,2197,65.0
11.1,55,68.1,rain,78,112.1,True,flat,5.6,76.9,454.9,2056,32.62
1.9,18,36.4,none,55,64.7,True,hilly,7.3,80.1,502.7,1864,34.16
6.3,99,0.0,none,41,82.2,False,hilly,0.9,49.2,327.3,2223,17.42
-29.5,63,72.1,none,74,34.2,True,hilly,5.2,55.1,326.0,2430,65.0
-0.4,33,9.9,rain,53,39.1,True,flat,1.5,64.7,432.6,2070,32.77
20.3,61,19.6,none,33,85.2,False,flat,2.6,46.6,249.5,1670,5.72
1.0,17,12.2,none,90,114.1,True,hilly,1.7,56.7,351.0,2021,38.11
21.3,82,14.4,rain,20,38.8,True,flat,1.7,90.0,514.9,2251,14.24
-13.7,93,64.2,none,12,71.9,True,flat,9.9,41.3,214.8,1698,50.89
26.9,89,46.4,rain,23,127.0,False,hilly,3.0,43.1,292.1,1943,22.4
11.2,41,76.5,rain,25,103.9,True,flat,5.7,81.2,485.7,2168,31.87
-15.2,39,18.5,snow,58,49.8,True,flat,0.2,63.2,384.1,1579,58.55
-13.4,13,38.9,none,66,58.5,True,hilly,8.1,86.4,521.3,1704,57.02
14.0,69,78.2,snow,50,124.8,True,mountainous,6.8,95.9,583.7,2222,52.36
28.1,58,66.1,none,28,52.1,False,flat,2.3,56.0,345.6,1813,6.6
-0.9,51,58.3,none,22,74.1,True,flat,0.4,42.2,284.7,1593,32.9
-11.9,92,15.1,none,54,65.6,True,flat,2.7,67.4,464.4,2245,39.76
30.7,25,61.6,none,61,79.0,True,flat,6.3,97.9,610.5,1709,21.32
16.8,11,27.8,snow,37,53.7,False,hilly,0.2,72.7,418.3,1603,16.34
1.4,17,42.4,none,30,96.8,True,flat,0.8,62.6,377.8,2124,31.83
4.2,30,48.7,snow,17,53.5,True,flat,4.1,73.1,468.4,2410,31.42
-15.7,13,48.7,none,12,90.2,True,flat,1.8,49.9,302.4,1977,53.7
13.9,55,58.1,none,20,65.8,True,flat,6.3,85.1,469.7,1724,22.46
-4.9,38,52.9,none,77,55.1,True,flat,1.7,80.8,502.3,2082,36.07
39.7,26,5.5,none,41,99.5,True,flat,9.9,83.4,565.6,2135,31.13
3.6,78,36.6,snow,12,126.5,True,hilly,4.4,58.1,303.1,2438,44.24
4.0,28,53.1,rain,56,116.9,True,flat,1.5,88.8,456.6,2468,40.24
9.6,72,23.7,none,58,38.7,True,flat,0.7,93.6,650.4,1843,22.27
34.2,41,25.0,rain,49,75.4,True,flat,4.2,97.3,643.0,2236,23.73
26.1,56,10.0,none,20,99.5,False,mountainous,8.1,78.3,456.2,2361,28.4
1.6,94,33.5,none,78,86.3,True,flat,4.4,60.9,308.0,2137,24.08
20.3,13,78.9,none,72,102.6,False,flat,1.4,63.3,434.4,2351,7.95
11.0,55,22.8,none,46,127.5,False,flat,4.9,73.9,487.1,2022,16.47
4.5,87,42.5,snow,44,64.2,False,mountainous,3.4,74.5,463.2,2099,38.89
-16.5,63,59.5,none,24,107.1,True,flat,5.0,87.5,576.4,1601,51.41
2.5,35,1.1,none,78,39.4,True,flat,3.9,45.1,282.2,1882,25.29
-12.8,46,72.0,none,64,117.0,True,flat,6.5,74.0,469.7,1514,52.64
34.0,71,30.9,none,18,107.8,True,flat,8.0,60.9,414.8,2246,20.75
-6.5,90,69.5,none,44,82.1,True,flat,8.9,90.0,523.4,1901,49.0
36.7,14,3.1,none,91,112.1,True,hilly,7.4,61.1,370.2,2399,21.67
7.3,16,11.7,rain,51,96.7,True,hilly,3.6,68.1,446.7,1604,32.95
14.2,39,25.8,none,39,85.2,True,hilly,4.5,53.7,297.4,1522,28.28
8.0,31,27.6,none,68,124.6,True,hilly,6.4,57.7,358.2,1875,41.07
-20.9,34,67.8,none,28,43.0,True,flat,2.2,73.3,418.0,2474,56.34
-3.7,30,0.9,none,57,129.3,True,flat,7.0,65.6,334.4,2470,43.39
-23.1,28,51.3,rain,70,45.4,True,hilly,6.5,52.1,276.6,2180,65.0
13.6,22,10.5,none,87,78.0,True,flat,6.6,68.4,357.7,1754,16.17
1.3,94,65.9,none,72,53.1,True,mountainous,3.3,49.9,304.4,1980,44.14
24.5,23,62.3,none,45,57.2,False,mountainous,6.0,92.9,486.8,2476,24.0
-14.6,28,40.0,snow,79,93.2,True,flat,2.0,95.5,580.9,2299,55.84
-18.5,32,17.0,rain,91,33.5,True,hilly,1.9,53.6,346.6,2168,57.73
-1.6,94,50.8,none,53,124.1,True,flat,7.7,43.1,270.2,2429,47.46
34.9,78,12.5,none,10,58.0,True,flat,3.8,95.6,621.4,2195,15.51
19.7,81,15.2,none,89,57.3,False,hilly,5.4,58.7,351.3,1795,10.05
-0.7,19,50.1,rain,25,116.4,True,flat,2.9,51.3,332.1,2063,36.62
6.2,85,79.3,none,21,106.5,True,flat,2.4,95.2,626.4,1767,31.66
-24.1,47,71.3,none,38,97.2,True,flat,7.8,93.0,511.4,2067,65.0
38.9,34,47.4,none,44,44.6,True,flat,7.9,43.2,289.9,2462,18.14
16.6,62,43.1,none,82,107.0,False,flat,8.4,52.5,360.5,2006,13.45
-10.0,84,79.9,none,45,66.1,True,hilly,8.5,88.8,573.6,2006,48.85
11.0,80,43.8,none,14,129.4,True,hilly,4.1,56.0,389.0,1783,34.32
-22.3,90,33.6,none,67,97.1,True,hilly,8.1,80.1,410.9,1726,65.0
37.6,94,72.8,none,70,113.6,True,flat,3.5,42.4,224.8,1610,19.48
-17.8,31,18.7,none,83,103.4,True,flat,0.5,90.5,615.9,2161,58.45
15.4,48,7.8,none,46,89.4,False,flat,6.9,65.3,330.7,2066,11.84
-12.8,11,50.7,none,18,101.6,True,mountainous,2.0,68.2,421.2,2015,65.0
20.2,89,7.7,snow,60,89.7,True,flat,4.5,88.5,490.0,2436,18.97
24.4,24,29.9,none,21,35.1,False,flat,1.6,67.3,397.5,2142,7.31
17.1,88,33.9,none,12,64.6,True,flat,3.9,46.2,267.0,1860,12.46
13.0,40,43.8,rain,80,61.6,True,flat,8.8,70.3,377.8,1757,19.73
32.5,43,79.3,none,46,101.4,True,hilly,6.1,67.4,416.0,1976,23.98
-24.5,14,17.7,none,57,87.6,True,flat,1.5,67.0,362.2,1823,65.0
-6.8,39,30.1,none,70,91.0,True,hilly,7.3,51.6,299.8,1839,49.77
-12.6,90,10.6,none,46,114.7,False,mountainous,8.5,49.8,326.0,2191,54.27
39.2,12,48.6,none,15,82.5,True,hilly,1.7,86.7,549.4,1790,18.56
-2.7,47,58.2,none,33,51.8,False,flat,7.4,77.2,486.0,1515,23.55
21.3,13,38.6,rain,27,31.2,False,flat,5.5,40.4,242.3,1851,10.97
17.9,43,19.7,rain,98,45.9,False,hilly,6.0,90.1,484.6,2432,15.9
-15.2,26,49.7,none,77,33.1,True,mountainous,9.4,47.3,278.5,2158,65.0
-13.3,33,43.1,rain,51,53.7,True,hilly,0.4,84.3,500.5,2016,54.72
-10.3,89,13.7,none,16,93.5,True,flat,6.4,45.8,247.4,1941,42.99
-1.2,49,32.5,none,20,45.1,True,flat,0.8,98.3,609.7,2346,32.12
-13.6,35,34.8,none,83,38.2,True,flat,7.9,94.0,566.7,1624,56.16
-28.6,63,78.6,none,95,127.1,True,flat,9.0,51.0,288.3,1808,65.0
31.6,23,67.9,none,13,129.7,True,flat,0.9,40.5,219.3,2067,17.39
37.6,33,58.7,none,92,93.7,True,hilly,0.3,43.6,230.3,2166,26.26
-6.1,59,71.1,none,44,40.9,True,flat,9.6,88.5,598.5,1819,38.43
-6.3,31,58.8,rain,29,112.2,True,flat,9.3,44.6,306.8,2305,44.16
-29.5,71,72.3,none,19,83.9,True,flat,9.2,86.7,575.4,1820,65.0
17.6,54,4.4,none,79,48.2,False,flat,9.4,89.2,551.9,1532,13.05
27.8,79,36.5,none,52,87.6,False,flat,5.0,58.4,404.4,2009,7.93
-19.7,95,59.8,none,85,33.9,True,hilly,9.8,84.1,499.1,2495,65.0
-18.8,20,46.7,rain,30,127.2,True,hilly,8.9,89.2,454.1,1831,65.0
25.3,40,14.0,snow,71,112.6,False,flat,1.0,86.8,499.1,1816,16.11
13.1,39,27.2,rain,21,56.1,True,hilly,8.1,51.5,275.9,1987,27.55
-26.9,24,25.4,rain,18,71.9,True,flat,7.1,67.0,427.4,1679,65.0
13.6,83,20.9,none,22,69.5,False,hilly,1.3,44.1,246.6,2102,8.26
-8.4,78,27.5,none,83,116.1,False,flat,7.4,71.5,424.7,1921,38.07
-4.2,54,41.2,none,69,65.5,True,flat,4.8,66.5,457.0,1903,38.92
23.9,58,68.4,snow,25,34.8,False,flat,8.5,94.2,657.7,2202,22.24
26.8,15,59.4,none,45,51.5,False,flat,8.2,41.1,249.4,1686,9.67
-2.0,60,66.8,none,79,51.6,False,flat,9.4,71.8,398.6,2499,26.72
36.3,81,70.7,none,36,124.9,True,hilly,0.8,83.9,493.5,2047,29.08
-1.5,62,33.3,none,93,122.4,True,flat,7.1,67.8,457.9,1678,42.09
24.0,34,27.7,none,92,60.1,False,flat,3.8,54.3,297.3,1583,5.86
3.9,70,4.6,rain,60,30.3,True,hilly,7.8,76.6,392.5,2254,35.77
32.8,43,74.4,none,67,81.7,True,hilly,6.0,99.2,658.5,1731,27.39
33.5,59,5.3,rain,69,109.7,True,flat,5.0,42.5,257.3,2240,22.02
-23.9,54,59.3,snow,33,56.9,True,flat,0.0,51.8,351.7,2220,65.0
35.6,44,30.2,rain,43,73.9,True,mountainous,6.1,69.4,442.4,2497,37.44
27.8,75,75.9,snow,22,47.3,False,hilly,4.2,75.9,384.7,1589,19.19
25.4,90,33.6,none,93,62.7,False,hilly,3.3,77.4,509.2,2050,10.07
-15.9,10,65.3,snow,75,105.9,True,flat,9.9,43.6,234.7,2197,65.0
26.4,94,22.6,none,14,72.8,False,flat,7.0,47.4,248.9,1693,10.0
29.5,56,23.9,rain,59,74.7,False,flat,5.4,96.7,592.1,2278,10.22
-9.8,73,47.6,none,41,109.0,True,flat,8.7,44.5,261.8,2018,45.93
36.7,87,79.8,none,83,106.3,True,hilly,2.3,65.1,365.0,1873,23.1
-26.5,52,41.4,none,41,48.7,True,hilly,6.2,74.6,461.0,1863,65.0
-19.5,85,74.9,none,68,71.5,False,hilly,8.6,58.8,381.7,1866,61.69
7.6,26,62.9,snow,25,114.9,True,flat,1.2,55.3,331.3,2275,33.99
10.3,24,63.7,rain,60,75.7,True,flat,2.4,57.4,377.6,2461,24.61
15.2,69,34.9,none,36,96.2,False,hilly,0.8,57.0,332.5,2156,15.27
-28.8,88,30.9,none,25,60.6,True,hilly,9.9,62.8,376.4,1720,65.0
37.2,90,15.4,rain,66,36.0,True,flat,5.8,47.0,286.0,1621,18.63
-26.9,68,77.1,none,67,46.5,True,hilly,4.9,91.2,513.6,1584,65.0
-20.0,57,76.8,rain,99,70.2,True,flat,3.4,85.6,490.0,2065,64.35
-29.0,40,59.8,none,70,65.3,True,flat,4.5,42.0,253.2,2388,65.0
9.7,98,23.7,none,56,119.6,False,flat,7.8,85.7,579.7,1911,19.62
35.3,39,19.6,snow,92,84.6,True,flat,9.2,89.7,547.1,1651,30.7
16.6,77,79.1,none,85,92.7,False,flat,1.0,95.3,497.3,1945,9.03
27.6,58,5.3,none,59,98.9,False,hilly,3.0,76.8,496.1,2294,14.79
-29.1,65,67.5,snow,56,83.2,True,mountainous,1.9,91.2,550.0,2279,65.0
7.9,45,28.4,snow,95,107.0,True,flat,4.4,85.5,496.1,1897,36.3
2.2,97,33.5,snow,66,108.3,True,hilly,5.3,41.5,265.0,1981,44.69
4.9,61,66.6,none,74,65.1,True,flat,7.2,88.7,472.9,2131,29.15
-24.9,94,7.2,none,18,38.5,True,mountainous,8.8,74.9,491.9,2012,65.0
17.9,11,28.3,none,75,128.6,False,flat,5.4,79.0,508.4,1743,10.94
5.2,62,76.2,none,34,94.3,True,flat,4.9,93.1,500.0,2274,24.19
23.6,75,55.9,rain,20,100.9,False,hilly,5.8,40.6,271.9,1938,15.57
4.0,77,60.4,none,86,105.7,True,hilly,8.9,46.5,250.3,1844,39.83
-19.5,91,60.6,none,72,91.3,True,flat,6.5,74.4,473.0,1782,61.61
15.4,10,4.8,snow,47,77.1,False,hilly,7.9,64.6,370.4,2378,25.25
-17.9,10,16.3,snow,49,128.5,False,flat,7.2,65.1,423.8,1798,60.81
31.1,53,39.3,none,28,102.8,True,hilly,9.2,58.7,300.5,2202,28.81
12.9,13,29.5,none,11,114.6,False,hilly,8.2,89.1,490.1,1801,24.49
-19.0,98,32.9,rain,41,74.0,True,flat,3.4,46.2,274.6,1748,63.0
37.4,30,62.5,none,23,120.5,True,hilly,8.5,72.0,462.8,1918,27.24
6.3,53,1.2,rain,48,103.2,True,flat,4.7,67.5,420.5,2442,26.84
-24.9,16,52.8,rain,85,104.6,True,flat,8.5,73.1,504.8,2329,65.0
13.9,57,0.0,none,20,38.7,True,flat,9.1,43.0,263.3,1777,20.09
-12.3,44,5.0,none,18,91.7,True,hilly,6.9,80.4,450.7,1862,46.53
26.3,14,32.7,none,91,63.5,True,flat,7.2,40.8,239.5,2108,14.24
27.2,40,67.3,none,77,96.9,False,flat,1.4,71.7,369.2,1927,6.09
38.5,45,11.6,none,15,86.8,True,hilly,3.2,55.9,292.7,2372,20.63
5.1,99,44.4,rain,17,41.1,True,hilly,5.6,58.8,354.8,2048,34.17
1.8,29,54.3,snow,72,83.0,True,hilly,0.0,84.3,586.0,2362,46.71
22.7,59,18.4,none,43,75.1,False,mountainous,8.5,99.2,544.3,1756,28.28
-20.7,99,41.0,snow,75,107.6,True,flat,3.7,68.5,449.1,2185,65.0
8.3,81,72.9,none,46,80.3,True,hilly,7.2,80.2,459.6,1913,29.32
8.2,99,41.0,rain,97,78.1,True,hilly,7.7,54.9,278.0,1606,41.91
-23.7,97,12.6,none,72,101.9,True,hilly,5.5,73.2,390.2,1882,65.0
-0.7,54,50.2,none,14,96.9,True,flat,7.9,46.0,287.2,1840,38.33
29.7,73,47.4,none,40,129.2,False,flat,6.8,91.0,496.8,1822,14.88
29.9,20,2.2,none,61,65.2,False,flat,3.6,67.3,451.4,2127,5.37
-23.1,50,7.2,none,23,98.8,True,hilly,8.2,61.7,353.7,1906,65.0
-23.6,83,12.5,rain,10,46.7,True,flat,6.4,70.8,386.0,1612,65.0
-11.6,55,10.9,none,17,110.5,True,flat,1.6,94.8,621.5,1711,38.46
31.2,73,20.8,snow,57,108.6,True,hilly,7.7,86.6,460.4,2008,39.46
-21.0,77,36.3,none,67,102.6,True,hilly,6.8,49.2,339.5,2017,65.0
20.4,33,29.7,none,18,41.9,False,flat,2.8,86.1,471.3,1537,3.79
-22.9,89,71.3,none,70,128.8,True,flat,8.4,63.6,421.5,1675,65.0
13.6,51,49.0,snow,66,124.3,True,hilly,3.7,63.7,384.3,2157,33.26
-5.1,29,70.1,none,95,67.0,True,flat,5.5,85.5,553.7,1854,43.9
25.2,88,42.2,none,86,87.7,False,mountainous,3.4,67.6,356.5,1835,20.91
-13.6,48,7.2,snow,95,118.9,False,hilly,7.2,44.3,240.2,1547,57.71
14.7,78,37.1,none,97,79.5,True,hilly,5.8,54.8,295.8,1888,26.25
-13.5,59,65.8,none,50,89.9,True,flat,4.7,93.7,493.5,1559,51.74
20.0,44,15.5,none,54,90.3,False,flat,0.2,75.5,417.6,1783,5.73
31.2,83,7.3,none,35,94.9,False,hilly,6.1,91.7,612.8,1613,14.52
-21.1,63,26.4,none,56,87.6,False,flat,6.2,58.3,378.7,2338,56.19
30.7,45,31.1,snow,24,70.6,True,hilly,1.8,81.3,456.5,1698,26.16
11.6,20,24.5,snow,70,83.9,True,flat,3.3,87.1,499.3,1626,26.63
-21.1,91,10.8,none,12,117.1,True,hilly,8.8,51.0,329.8,2349,65.0
-0.1,13,20.1,none,31,116.4,True,flat,5.5,41.4,275.2,2122,40.53
-18.7,88,54.6,none,29,107.3,True,flat,4.4,78.1,456.5,2451,61.16
19.0,42,30.9,none,94,71.4,False,hilly,9.4,74.6,483.6,2127,18.26
23.1,68,50.6,none,23,108.6,True,hilly,8.1,42.4,260.2,2176,29.99
-22.6,93,42.9,none,90,68.8,False,hilly,1.0,64.6,451.5,1861,60.01
5.4,24,43.9,none,21,96.4,False,flat,8.6,73.8,471.0,2246,23.47
27.0,61,19.9,none,69,86.7,False,flat,1.5,52.7,341.4,2082,6.61
35.5,79,41.7,rain,39,60.0,True,hilly,1.7,45.8,306.2,1659,29.79
5.9,78,1.9,rain,38,75.3,True,flat,0.8,88.1,465.5,1655,25.41
36.5,57,34.5,none,100,113.0,True,hilly,4.8,95.5,547.7,2143,28.05
7.5,66,45.8,rain,30,121.3,True,mountainous,6.4,66.8,400.0,1772,52.73
-2.4,78,14.6,none,28,50.5,True,hilly,7.5,48.0,254.9,2044,42.71
29.4,86,20.5,none,63,75.6,False,flat,0.3,65.3,373.6,1692,5.65
4.5,79,17.6,rain,77,73.4,True,hilly,1.8,56.7,361.6,1919,31.5
3.0,42,5.6,rain,98,78.9,True,flat,6.2,69.4,381.9,2362,28.88
4.3,100,27.8,none,73,127.7,True,flat,5.3,40.5,241.7,2191,30.73
29.3,49,78.3,none,61,81.9,False,flat,0.5,92.0,485.2,1987,2.39
28.2,12,28.3,snow,47,113.0,False,flat,9.4,43.5,227.4,1991,23.85
-1.8,43,36.8,none,64,96.4,True,hilly,7.6,65.8,377.3,1887,39.44
-6.7,22,52.2,none,64,40.7,True,flat,3.6,79.7,514.2,2152,37.72
4.4,21,51.9,rain,30,99.6,False,flat,5.4,79.1,478.5,1688,24.56
10.1,35,76.0,none,70,94.7,True,flat,3.7,57.9,362.2,1837,21.46
-13.3,15,68.6,none,28,105.8,True,hilly,4.6,70.0,406.3,2180,58.18
25.6,72,63.5,snow,54,37.4,False,flat,6.0,69.8,430.9,2222,14.79
4.1,17,76.1,none,33,54.1,True,flat,4.0,47.9,285.7,2386,24.05
-6.6,28,18.5,none,38,106.9,True,flat,6.2,62.3,361.3,1805,41.99
-22.5,18,49.4,none,65,67.1,True,flat,4.7,47.2,238.1,2353,65.0
-13.3,16,71.0,none,16,121.1,True,flat,6.6,43.4,290.5,2324,51.85
36.4,34,49.9,none,11,81.8,True,mountainous,2.6,43.3,299.2,1510,28.9
-8.6,61,78.2,none,22,30.1,True,hilly,1.7,66.1,400.5,2173,51.48
-18.2,97,8.0,none,25,99.9,True,flat,0.1,83.8,493.8,2267,52.65
2.2,89,35.1,none,28,81.3,True,hilly,6.0,99.1,646.9,1504,35.09
-8.5,89,78.2,none,80,61.7,True,flat,9.8,74.3,373.3,1994,42.68
-27.5,26,30.4,none,50,32.0,True,hilly,4.2,58.0,305.9,2453,65.0
-7.4,34,59.2,none,52,49.9,True,flat,2.1,52.4,291.2,2454,33.57
8.1,17,2.4,none,68,46.2,True,flat,0.1,81.7,422.2,2240,21.14
8.6,80,55.6,none,76,88.3,True,hilly,5.1,43.1,219.5,2332,29.58
-5.0,16,74.8,none,10,107.0,True,hilly,9.9,55.7,383.3,1808,53.78
1.3,60,30.6,rain,87,53.5,False,flat,9.8,81.3,436.6,1961,25.05
37.6,32,1.7,rain,99,99.8,True,flat,1.0,66.7,412.6,2495,16.98
-3.6,32,2.2,none,21,120.0,True,hilly,8.2,70.0,425.5,2307,47.94
-11.9,99,71.4,none,69,92.2,True,flat,1.7,98.5,549.0,1545,46.46
-13.0,78,57.8,none,10,107.6,True,flat,8.1,64.3,404.6,1555,55.12
2.0,85,8.5,none,14,50.4,True,hilly,8.5,75.7,427.8,2080,35.72
23.2,61,4.4,none,36,37.5,False,flat,0.1,99.9,591.0,1873,0.0
-15.6,88,64.4,none,86,66.5,True,flat,2.4,81.2,467.7,1736,49.91
19.7,68,64.8,none,69,100.9,False,hilly,0.6,70.9,483.4,1820,14.38
-28.5,95,9.6,snow,50,98.6,True,flat,5.0,59.4,407.8,2459,65.0
-0.7,35,24.1,none,49,125.5,True,hilly,0.3,98.6,566.7,1822,32.6
24.3,64,62.4,rain,52,93.0,False,hilly,6.3,57.6,316.6,1862,17.39
-6.3,72,42.0,none,38,71.1,True,flat,5.6,46.9,303.9,1951,31.8
9.5,45,76.5,none,89,109.7,True,flat,3.8,95.6,538.0,1661,26.91
-15.7,89,38.5,none,61,45.3,True,mountainous,4.6,59.1,352.6,1889,63.45
21.9,98,54.2,snow,54,111.3,False,flat,9.9,75.3,458.6,2147,23.95
-26.3,54,40.8,none,52,66.6,True,mountainous,1.7,78.8,549.2,1759,65.0
29.7,45,75.4,none,94,45.4,False,flat,7.3,55.7,320.9,2123,7.64
-16.1,52,31.9,none,75,46.2,True,flat,6.5,65.4,380.6,1745,50.16
31.2,87,18.4,rain,23,128.4,True,hilly,6.6,49.3,253.4,2287,29.35
-5.3,68,26.1,none,49,92.3,True,mountainous,3.5,93.1,588.8,2437,58.91
20.6,14,68.2,none,36,47.4,False,hilly,2.2,75.1,404.0,1944,9.49
-7.7,59,39.8,snow,99,56.9,True,flat,6.5,93.4,581.7,2464,54.54
33.4,12,28.3,none,47,67.2,True,flat,9.1,55.4,304.0,2164,21.62
-21.1,80,43.5,none,16,35.6,True,flat,9.8,78.0,537.6,2212,65.0
-17.5,40,10.7,none,47,40.8,True,flat,4.8,53.1,273.9,2011,50.28
4.5,52,0.4,rain,39,106.2,True,hilly,4.3,57.3,393.3,1727,35.55
-24.3,82,22.4,none,64,108.7,False,mountainous,3.5,61.7,376.3,2440,65.0
-16.3,14,48.4,none,30,128.8,True,hilly,8.1,73.0,501.6,2470,65.0
36.1,24,56.9,rain,13,36.8,True,flat,2.6,73.3,439.1,2342,14.56
38.4,46,66.1,none,19,118.9,True,flat,5.1,52.0,264.8,1964,27.54
-3.7,31,74.1,snow,35,61.7,True,flat,3.5,42.8,230.7,1671,37.61
34.6,40,33.0,none,41,62.8,True,hilly,8.8,86.3,492.3,1590,27.29
8.1,100,59.2,none,85,42.7,True,hilly,2.8,71.6,492.0,2005,28.37
-11.1,84,6.0,none,34,128.6,False,hilly,6.9,58.8,383.3,1805,46.86
19.2,90,4.6,rain,13,128.1,False,hilly,5.9,43.2,267.8,2357,21.84
16.1,94,10.0,none,80,116.5,False,mountainous,3.3,46.3,272.1,2044,26.99
39.2,41,35.9,none,88,39.1,True,hilly,2.5,65.4,385.5,2421,13.79
-11.4,37,16.9,none,54,114.2,True,hilly,8.0,69.0,435.2,2225,53.46
17.0,31,23.0,snow,36,93.5,False,flat,5.1,62.6,403.5,1952,17.36
-26.4,85,51.8,none,79,42.9,True,hilly,6.1,74.0,440.6,2243,65.0
-22.0,71,28.7,none,11,56.2,True,flat,9.6,88.8,586.1,2468,65.0
-29.7,31,44.6,snow,93,98.9,True,hilly,4.0,80.6,487.7,2063,65.0
40.0,44,33.0,rain,88,110.3,True,hilly,8.1,92.0,554.9,1814,36.77
26.2,56,13.5,none,59,114.8,False,hilly,6.4,76.9,484.5,1872,18.36
25.1,58,5.9,snow,35,84.4,False,hilly,5.9,46.3,305.1,2120,23.52
5.7,90,18.9,none,13,83.5,True,mountainous,0.5,49.0,303.5,2472,42.39
-9.0,44,4.6,none,100,98.4,True,hilly,9.1,63.4,434.2,1972,46.86
-19.4,92,49.5,none,79,107.8,True,hilly,2.3,57.0,385.2,2209,65.0
-10.1,50,63.7,none,40,47.1,True,hilly,4.7,79.1,517.5,1679,43.87
-3.7,77,27.2,snow,12,104.0,True,flat,7.5,77.5,459.4,2120,44.85
22.9,94,31.0,rain,68,64.2,False,flat,5.2,67.8,421.8,2234,8.1
7.8,92,65.3,none,99,68.4,True,flat,0.0,78.6,472.8,1923,20.67
-24.6,15,17.8,rain,74,37.8,True,flat,9.5,94.7,474.5,2136,65.0
-28.7,29,9.5,none,18,88.8,False,flat,0.2,69.5,439.7,1727,65.0
-22.8,53,40.1,none,46,39.3,True,hilly,0.9,60.8,415.6,1959,65.0
-1.3,49,51.7,snow,20,121.3,True,hilly,2.2,68.6,414.0,2326,47.42
35.3,68,48.0,rain,92,92.1,True,flat,6.0,48.7,260.1,1700,24.77
14.6,95,57.1,none,40,129.0,True,hilly,9.7,45.8,271.3,1589,31.84
26.1,20,4.5,none,76,54.6,False,flat,9.2,64.6,323.6,2196,10.39
2.6,51,34.3,none,18,98.0,True,hilly,6.5,95.4,618.2,1814,41.41
-4.7,27,19.1,none,22,126.4,True,hilly,7.4,91.8,581.6,1988,43.65
-22.4,90,60.7,none,71,59.9,True,hilly,7.1,80.7,508.7,2392,65.0
31.3,97,69.8,none,86,39.6,True,flat,6.9,83.1,487.8,1673,23.09
24.8,53,22.5,none,28,93.4,False,flat,8.1,91.6,530.0,2273,11.79
-18.2,19,7.6,rain,48,66.6,True,hilly,3.4,94.9,526.4,2007,65.0
5.9,81,20.3,none,66,57.3,True,flat,2.2,79.6,543.6,1547,18.6
4.1,73,8.3,none,82,129.4,True,flat,3.5,63.2,362.4,1679,30.12
13.8,42,25.8,snow,67,105.4,True,flat,0.5,48.8,298.4,1996,21.28
36.2,90,43.1,none,19,78.5,True,hilly,9.7,40.4,239.0,1725,25.3
10.6,98,77.9,rain,59,35.0,True,flat,7.4,78.9,498.6,1855,23.39
7.8,60,31.9,none,90,49.2,True,hilly,2.1,63.9,444.8,2193,27.27
-26.5,61,17.6,none,88,59.9,True,hilly,2.6,44.8,275.8,2348,65.0
-25.6,37,13.3,none,63,78.7,True,hilly,9.9,56.7,329.8,1941,65.0
-16.9,63,13.8,none,100,79.7,False,flat,7.7,68.1,423.2,2009,49.69
-27.7,50,15.4,none,19,32.5,True,hilly,4.3,87.0,441.0,2090,65.0
22.0,37,61.0,none,53,124.3,False,flat,2.1,58.9,401.0,1670,13.96
20.6,16,4.9,none,80,84.3,False,flat,0.4,79.4,423.6,2097,5.53
-20.5,33,79.8,none,23,32.0,True,flat,6.7,42.6,259.0,2309,65.0
28.5,28,41.8,none,98,100.1,False,flat,7.8,97.7,562.9,2395,12.73
-19.2,59,43.5,snow,42,37.1,True,hilly,1.1,98.3,658.8,1691,65.0
-8.9,64,28.6,rain,42,102.1,True,flat,0.0,71.7,496.6,2357,42.16
-12.6,65,55.2,rain,29,100.1,True,hilly,3.6,79.5,407.1,2376,53.78
-3.9,45,37.7,none,36,128.5,True,hilly,6.7,85.9,464.9,2263,49.28
-12.2,48,26.3,none,62,64.2,True,flat,9.2,98.2,658.0,2319,47.74
4.2,85,21.2,none,49,44.4,False,flat,8.8,72.7,429.4,1944,18.98
-1.5,53,74.1,rain,27,39.2,True,hilly,6.9,85.3,534.5,2471,42.38
39.1,99,23.3,none,83,37.2,True,flat,8.1,51.5,296.0,2218,22.02
-26.1,50,34.9,none,16,111.0,True,flat,3.6,49.2,298.8,1758,65.0
-20.0,68,28.0,none,85,101.9,True,flat,2.5,82.8,457.9,1529,62.47
-26.3,15,6.9,none,35,127.6,True,flat,1.2,95.4,589.8,1675,65.0
13.8,69,14.9,none,55,60.9,True,flat,1.8,74.1,434.4,2246,22.85
-26.2,87,15.2,snow,44,110.3,True,flat,9.6,72.1,458.6,2362,65.0
28.6,95,55.5,rain,61,39.3,True,hilly,9.3,74.3,461.7,1587,29.6
5.8,100,32.5,none,82,120.4,True,hilly,0.5,92.8,488.7,2154,26.73
6.9,35,62.6,none,99,35.2,True,flat,4.7,88.0,473.5,1869,19.21
9.3,62,56.7,none,38,108.8,True,flat,3.7,88.1,444.6,2088,31.58
-18.0,51,15.4,none,60,60.7,True,flat,6.5,46.4,265.2,2349,59.99
-16.2,61,45.0,rain,52,48.1,True,flat,3.3,85.6,474.6,1928,53.46
-7.7,24,59.4,none,100,100.5,True,flat,2.8,86.1,444.7,1687,43.04
11.5,87,50.6,rain,83,119.6,True,flat,8.1,47.9,304.6,1613,31.44
-15.3,92,48.0,none,46,106.4,True,mountainous,9.5,68.3,439.2,2498,65.0
-21.9,50,59.2,none,53,61.3,True,mountainous,2.0,45.9,290.1,2267,65.0
37.9,35,4.5,none,32,65.4,True,flat,2.4,63.8,348.9,1554,15.57
-28.5,23,58.5,rain,78,48.9,False,flat,4.2,78.5,490.9,1672,65.0
26.2,72,21.8,none,86,112.4,False,flat,7.1,53.1,305.8,2185,13.84
25.2,38,45.7,snow,97,40.7,False,mountainous,1.7,47.9,240.6,1923,28.39
-9.2,92,19.4,rain,61,120.3,True,flat,4.7,78.3,543.0,2121,45.3
-20.5,70,67.1,rain,70,90.1,True,flat,8.4,89.6,576.7,2065,65.0
-19.8,68,38.4,rain,50,88.9,True,hilly,2.3,49.3,269.8,1657,65.0
18.8,60,51.4,none,65,113.8,False,hilly,0.5,94.3,529.6,1939,14.84
15.0,14,63.5,none,41,96.8,True,flat,9.1,84.2,572.4,2030,22.03
24.8,94,71.6,none,76,60.4,False,hilly,7.9,80.7,444.6,1938,17.65
35.6,67,58.6,none,12,65.0,True,hilly,7.0,47.3,245.0,1981,29.56
18.4,99,11.9,rain,13,47.3,False,flat,0.9,95.8,640.1,2489,6.13
-19.1,58,68.4,none,74,76.4,True,flat,9.0,68.4,437.5,2485,60.07
-13.0,74,49.5,none,94,41.0,True,mountainous,3.1,72.1,439.0,1853,61.53
29.0,15,48.8,rain,67,95.3,False,hilly,2.1,70.8,432.2,2229,16.51
-15.3,67,73.7,none,75,46.9,True,flat,4.9,71.9,458.2,1734,45.57
-24.9,79,19.9,none,84,116.4,True,flat,9.2,89.4,609.7,2491,65.0
19.2,80,19.2,none,43,100.0,False,flat,9.9,45.9,305.2,1914,15.5
-1.8,79,41.1,rain,20,119.2,True,hilly,6.1,69.0,377.3,2084,47.8
34.4,30,60.1,none,94,38.7,True,flat,9.6,76.8,483.1,1881,17.44
15.5,98,35.8,snow,94,109.9,False,flat,4.5,47.1,298.5,1657,18.91
-23.7,100,50.7,none,50,118.1,True,flat,0.3,74.9,497.3,1654,65.0
36.3,17,36.2,rain,30,34.5,True,mountainous,2.8,70.5,481.3,2439,29.59
-11.9,94,48.8,none,90,129.9,True,hilly,3.0,53.4,273.1,2053,54.51
-6.4,36,65.8,none,74,60.1,True,flat,7.8,55.4,287.7,2472,41.79
-1.8,72,14.4,none,11,51.2,True,flat,1.2,45.2,234.5,1903,30.96
-26.4,40,55.6,none,20,71.5,True,flat,1.7,82.3,525.6,1974,65.0
4.8,97,63.0,none,98,30.9,True,flat,6.1,48.9,335.3,1718,31.01
-21.4,19,35.8,none,13,118.6,True,hilly,1.3,87.3,538.4,1605,65.0
-1.9,55,25.9,none,35,56.8,False,hilly,5.0,93.4,573.0,2283,24.72
-5.5,49,1.1,rain,59,82.2,True,flat,0.4,54.5,363.8,1896,31.13
24.1,39,63.8,none,27,92.4,False,hilly,6.7,55.6,388.5,2287,18.42
26.2,68,26.2,snow,31,109.1,False,hilly,9.1,47.4,326.2,1948,26.73
-19.3,22,28.6,rain,42,55.0,True,flat,8.7,72.5,450.2,2425,57.66
-4.3,74,26.9,none,34,101.7,True,hilly,0.7,97.9,684.5,2384,39.83
-3.9,98,39.9,none,82,41.8,True,hilly,5.9,54.6,352.1,2321,37.25
-19.4,82,56.2,none,55,100.4,True,flat,1.0,49.6,317.4,2293,60.77
25.9,87,61.7,rain,35,121.9,False,hilly,0.5,76.4,396.8,2158,19.2
19.5,42,31.4,rain,38,38.5,False,flat,6.1,91.4,511.3,2371,14.07
-16.7,39,53.0,none,14,41.7,True,hilly,5.7,92.2,568.7,2351,57.22
-4.3,57,57.7,none,14,85.7,True,flat,0.9,60.7,388.4,1713,41.39
-22.6,14,23.8,none,75,34.6,True,hilly,3.6,87.2,471.2,2197,65.0
14.0,95,7.7,rain,20,48.7,True,flat,3.2,75.5,499.9,2334,17.85
-21.5,23,71.6,rain,53,49.0,True,flat,3.4,84.0,566.9,2245,65.0
39.0,91,54.2,rain,86,78.1,True,mountainous,3.3,80.6,540.4,1517,34.88
24.6,18,51.8,none,43,54.8,False,mountainous,8.2,47.7,289.5,2118,26.05
-2.7,84,4.7,none,41,77.6,True,flat,3.5,61.4,349.0,1785,24.94
10.5,24,65.4,snow,89,82.1,True,flat,3.3,85.8,573.4,2274,27.3
33.8,13,45.3,snow,88,103.1,True,flat,0.3,85.6,555.0,2241,23.73
8.8,75,67.8,none,89,124.6,True,flat,7.9,47.3,240.2,1609,32.84
-17.8,35,78.0,none,61,80.4,True,hilly,6.6,67.7,406.5,1834,64.37
-3.5,74,76.6,none,96,65.5,True,flat,3.4,92.1,612.4,2401,31.9
29.0,60,68.5,rain,84,55.9,False,flat,4.5,87.5,537.1,1983,11.82
15.1,20,0.9,none,47,93.5,False,hilly,7.9,74.9,414.4,2007,18.34
15.6,94,70.9,none,67,124.3,False,hilly,3.4,52.4,263.7,1704,22.38
30.7,51,6.0,none,21,106.5,True,mountainous,4.7,59.5,324.3,1678,33.03
32.6,76,68.1,none,60,50.6,True,flat,0.2,79.2,493.0,1567,9.32
34.4,55,22.4,none,34,119.3,True,mountainous,9.2,86.9,478.4,1580,43.11
-23.4,64,48.8,none,36,103.6,True,hilly,3.7,76.8,385.8,1675,65.0
8.1,37,3.0,rain,21,42.8,False,flat,3.0,63.7,327.5,1514,13.34
21.8,28,61.7,none,42,101.3,False,hilly,6.1,74.6,429.7,2495,16.53
23.0,59,8.9,none,53,58.9,False,hilly,5.3,40.2,238.5,1935,11.35
12.5,50,32.9,none,64,79.1,False,flat,4.0,84.1,548.4,1908,10.44
-18.3,45,65.4,none,37,60.0,True,flat,9.2,90.6,551.3,2087,62.21
25.8,71,55.6,none,81,38.4,False,hilly,3.6,42.8,280.4,2355,11.48
20.4,72,0.5,none,57,106.9,False,flat,10.0,64.0,339.0,2163,15.42
-24.0,14,32.2,none,67,112.9,False,flat,7.9,90.9,518.3,1714,65.0
2.5,40,3.4,snow,35,53.2,True,mountainous,9.0,75.8,457.6,2245,56.97
-17.8,47,53.9,rain,83,54.0,True,flat,2.8,69.0,347.2,1640,58.41
-6.4,19,77.5,none,66,73.0,True,hilly,0.7,45.2,313.0,2356,43.01
-28.7,31,52.4,snow,88,111.1,True,mountainous,4.2,84.2,576.6,2233,65.0
-2.0,15,17.9,rain,24,37.7,True,flat,3.1,81.4,514.8,2437,29.82
8.5,100,28.4,snow,44,110.9,True,flat,0.6,75.4,409.1,2375,29.59
13.4,76,78.1,none,20,122.3,True,flat,0.7,43.6,230.2,1913,22.38
16.4,18,17.9,rain,29,86.2,False,flat,1.7,78.6,532.4,2394,8.31
28.5,12,44.9,none,46,36.0,False,flat,3.8,43.1,240.3,2310,6.02
-14.9,75,32.0,rain,91,57.0,True,hilly,9.4,89.3,513.9,1947,64.25
-21.6,50,61.5,none,60,41.1,True,hilly,6.6,92.2,533.7,2195,65.0
29.6,81,69.4,none,40,55.9,True,flat,4.0,71.9,389.9,1667,12.35
-19.0,93,27.3,none,77,111.2,True,flat,8.0,90.9,586.3,2034,59.62
38.2,64,52.8,rain,12,35.6,True,hilly,5.7,64.0,393.9,1554,28.76
29.0,27,43.9,rain,43,58.4,False,hilly,4.2,57.4,389.0,1911,15.28
5.1,80,22.3,none,64,81.7,True,flat,1.4,69.0,375.5,2128,20.07
38.7,96,21.8,none,62,117.4,True,flat,9.3,73.5,417.6,2127,18.75
-23.2,62,43.1,rain,65,55.0,True,hilly,6.2,86.0,515.0,1870,65.0
-8.8,71,12.3,none,29,107.8,True,flat,4.4,76.1,452.5,1588,41.43
14.7,40,64.9,none,40,88.4,True,flat,4.4,91.4,636.1,2141,28.69
-5.5,44,5.5,rain,94,97.6,True,flat,7.7,96.1,595.4,1585,45.76
35.0,76,7.6,rain,98,116.2,False,flat,1.8,71.3,415.1,1734,8.74
-25.4,93,27.4,none,38,32.6,True,flat,4.2,83.1,462.7,2303,65.0
8.5,67,9.4,none,68,83.0,False,hilly,0.6,68.9,424.0,1937,14.94
11.4,81,38.1,rain,32,104.7,False,hilly,0.8,94.4,575.0,2500,19.06
15.7,25,32.0,rain,43,118.5,False,flat,5.3,41.8,251.7,2270,14.67
-12.1,29,57.7,none,81,43.3,True,flat,3.8,83.1,572.5,1905,48.06
-4.5,58,76.2,none,55,64.1,True,flat,7.2,69.8,419.3,1610,38.26
29.1,26,60.3,none,86,37.9,False,flat,9.9,43.7,238.3,1929,9.09
-16.4,67,14.4,snow,67,113.5,True,flat,8.6,84.7,450.1,1637,65.0
27.9,36,74.8,none,67,115.7,False,flat,4.4,63.6,433.5,2190,10.21
9.4,81,31.4,none,13,78.4,True,flat,3.8,71.6,501.1,1605,21.02
23.4,83,37.9,none,77,32.1,False,hilly,5.9,82.8,511.9,2443,11.53
20.0,52,33.7,none,98,40.2,False,hilly,0.9,55.1,355.8,1890,7.64
-15.5,26,22.4,none,53,92.4,True,flat,9.9,57.3,334.7,1533,54.4
9.8,68,71.6,none,24,128.3,True,flat,9.8,61.4,412.8,2329,28.52
30.7,99,26.6,none,98,113.9,True,flat,9.2,84.9,483.1,1851,27.15
0.2,66,46.3,none,36,109.8,True,flat,6.6,98.9,498.3,2170,36.02
37.7,13,19.2,none,47,71.8,True,mountainous,5.0,61.8,313.6,2363,26.23
1.7,12,63.8,rain,17,128.5,True,flat,7.1,76.6,509.8,1559,33.47
-20.0,39,61.9,none,20,112.5,True,flat,3.1,59.4,347.2,1516,64.43
-2.7,28,23.7,rain,29,63.6,True,flat,8.5,92.6,642.3,1642,42.95
36.6,83,54.5,none,59,104.8,True,flat,1.3,96.1,560.9,1736,16.43
-7.6,86,56.3,none,60,73.3,True,hilly,8.0,51.4,354.1,2024,47.97
30.8,33,45.0,none,65,96.0,True,mountainous,8.7,79.2,470.8,2461,37.32
31.7,39,48.0,snow,63,127.0,True,flat,1.7,94.4,608.0,2045,27.84
-5.5,31,46.0,none,55,54.6,True,flat,4.8,68.5,382.7,2359,35.43
-24.2,92,6.5,none,82,109.5,True,flat,8.9,60.1,366.6,1700,65.0
20.7,55,53.6,none,94,89.0,False,hilly,9.6,94.3,533.1,2393,17.15
-8.2,69,37.6,none,34,125.0,True,hilly,8.1,55.5,352.5,2215,50.25
24.8,47,35.1,none,22,43.4,False,flat,9.4,52.4,286.0,2450,10.7
1.0,67,68.8,snow,48,102.0,True,flat,9.4,92.8,530.6,2373,44.8
4.0,45,1.9,none,12,33.7,True,flat,9.8,78.0,489.0,2350,28.35
24.5,41,20.1,none,89,54.7,False,hilly,4.1,51.1,286.5,1573,10.57
-3.2,67,9.7,snow,32,62.1,False,hilly,2.9,78.6,436.7,2174,36.34
1.0,63,2.8,none,59,73.2,True,hilly,6.3,92.6,533.3,1808,41.19
-3.7,36,22.1,none,20,126.5,True,flat,1.9,45.4,283.2,1758,36.6
-4.3,23,79.1,none,60,36.8,True,mountainous,5.6,55.4,313.9,1953,51.09
6.8,43,21.6,none,14,46.9,True,flat,5.8,76.3,447.5,2367,25.54
26.6,47,53.1,none,79,50.3,False,flat,8.1,46.9,236.5,1590,9.37
-4.7,67,9.5,none,96,72.4,True,hilly,3.6,94.3,603.7,2424,33.0
6.7,92,48.1,rain,38,36.1,True,hilly,6.0,75.6,500.6,2358,38.56
17.0,13,78.8,none,33,126.5,False,flat,9.0,75.1,499.7,1780,17.8
-11.1,32,23.3,snow,50,86.0,True,flat,4.2,43.4,264.4,1839,46.78
-10.6,27,67.8,none,66,111.3,True,flat,5.7,65.3,381.9,1551,52.04
35.3,55,79.8,none,27,107.2,True,hilly,7.9,51.7,277.7,2230,30.1
20.6,49,47.1,none,82,96.1,False,flat,2.5,88.5,558.7,1672,9.48
10.4,76,24.8,none,28,120.4,True,flat,1.0,60.2,370.2,1795,25.26
15.3,32,53.9,none,10,120.2,False,mountainous,6.8,64.2,376.1,1898,33.46
-27.9,64,67.6,none,57,42.8,True,mountainous,3.7,78.4,488.6,1907,65.0
13.3,90,13.7,rain,20,120.2,True,flat,3.8,83.0,573.7,2302,28.19
5.7,92,36.2,snow,73,82.4,True,flat,9.3,87.4,460.7,1995,36.69
8.2,96,25.5,none,25,56.8,True,flat,4.1,50.5,349.9,1556,23.43
-4.8,80,22.7,rain,84,90.9,True,hilly,9.5,55.8,342.4,2101,53.11
-24.3,92,68.9,rain,52,58.1,True,hilly,1.1,45.5,303.5,1807,65.0
-16.5,31,33.7,none,61,77.9,True,flat,3.4,91.4,638.6,1840,55.79
36.6,28,27.1,none,27,111.6,True,flat,6.9,58.9,404.1,1707,24.67
-1.4,11,48.3,snow,23,33.2,True,flat,1.3,47.6,275.8,1612,36.45
2.7,74,17.6,none,67,48.3,True,flat,3.9,58.7,347.1,1756,23.13
-26.3,94,18.4,snow,33,125.7,True,mountainous,8.5,43.4,269.8,2377,65.0
-27.4,27,41.6,none,45,74.5,True,flat,7.6,90.2,566.1,2372,65.0
20.2,67,32.7,none,53,60.3,False,hilly,2.8,57.2,312.2,2445,14.0
7.7,77,23.6,none,31,122.3,True,hilly,3.6,61.0,420.7,1534,36.22
5.6,93,4.3,snow,82,121.1,True,hilly,5.1,96.4,641.8,2401,50.08
-13.0,68,41.7,none,95,34.4,True,flat,7.3,51.4,270.2,1862,45.36
22.1,97,65.3,none,49,66.2,False,flat,1.5,52.2,364.8,2149,5.73
-18.2,41,68.1,none,93,121.3,True,mountainous,5.3,73.6,514.8,2120,65.0
-16.7,41,18.8,none,89,48.0,True,flat,0.7,98.3,561.4,1672,47.39
2.2,59,48.0,none,25,87.8,True,mountainous,4.0,94.1,630.0,1672,47.34
-10.0,45,68.5,none,26,62.1,True,flat,1.9,75.6,417.3,1713,39.54
-12.7,10,32.7,none,53,103.7,True,flat,3.1,88.7,472.1,1769,48.91
15.2,76,74.6,none,57,45.8,False,hilly,3.3,69.3,464.6,1869,15.14
15.6,78,72.2,none,41,89.6,False,hilly,7.7,66.1,404.6,1955,21.03
27.7,77,16.7,none,38,30.0,False,flat,2.7,64.0,328.0,1859,6.2
-0.8,41,20.7,none,49,55.3,True,flat,6.6,67.3,448.4,2089,30.81
-24.9,57,14.4,none,72,46.2,True,mountainous,5.3,82.4,475.3,1657,65.0
-10.8,42,15.7,rain,18,51.0,True,flat,8.0,89.3,476.6,2432,44.56
38.6,11,72.6,none,74,116.0,True,flat,3.2,74.6,451.4,2337,22.01
11.7,61,74.5,none,93,121.5,True,flat,9.9,92.1,547.3,1552,28.3
19.7,21,4.2,none,79,105.5,False,hilly,3.0,78.3,517.5,1962,12.55
-29.5,17,47.5,none,27,89.0,True,mountainous,5.8,88.2,525.2,2315,65.0
6.3,78,45.1,none,18,53.1,True,flat,6.3,81.4,515.0,1852,29.35
-27.4,11,31.2,none,54,57.5,True,flat,5.4,86.4,493.3,1923,65.0
9.8,96,50.5,rain,96,61.0,True,flat,8.6,41.1,214.7,2496,29.42
34.5,56,75.8,rain,84,107.7,True,hilly,1.1,92.0,468.2,2256,26.65
37.8,98,13.6,none,61,55.3,True,hilly,6.0,93.2,525.5,1777,22.82
7.8,15,9.6,none,23,127.3,False,flat,5.1,90.5,573.4,2065,17.65
2.1,63,2.7,rain,74,109.6,False,flat,4.2,83.8,420.8,2303,23.43
36.2,41,29.1,none,83,130.0,True,flat,3.5,87.3,479.7,1780,22.75
17.2,86,27.0,none,94,75.9,False,flat,1.5,50.9,269.8,1576,4.96
-25.5,43,34.5,none,65,88.9,True,flat,6.5,42.9,253.9,1830,65.0
2.6,33,40.3,none,56,58.0,True,mountainous,1.2,57.4,372.6,2383,43.98
-13.2,87,60.6,rain,66,90.4,True,flat,8.3,66.5,406.3,1968,58.34
2.9,44,31.4,none,95,127.4,True,hilly,4.5,56.2,349.7,2097,40.35
1.9,12,26.4,none,67,33.0,True,flat,6.1,92.2,635.8,1541,36.54
10.8,45,66.2,rain,33,58.9,True,mountainous,0.8,97.9,578.8,1739,40.05
-5.0,69,68.0,none,67,58.1,True,flat,0.9,86.2,571.7,2285,25.23
-18.5,33,18.6,none,89,128.2,True,flat,2.4,68.6,390.2,2211,54.82
5.3,49,25.2,none,61,43.3,True,flat,7.8,48.7,304.2,1611,25.34
28.1,15,66.0,none,55,111.2,False,hilly,4.9,92.3,603.5,2320,17.62
16.5,63,6.4,none,76,57.5,False,flat,3.1,90.5,602.3,2032,5.38
-6.3,78,26.1,none,69,116.1,True,hilly,8.5,49.7,270.8,1750,52.85
35.5,47,35.9,snow,15,78.8,True,hilly,1.9,42.9,236.5,1656,23.72
33.9,48,15.0,rain,75,54.2,True,flat,2.6,93.9,540.5,1671,12.52
-15.3,18,14.4,none,47,101.0,True,flat,7.8,89.3,491.3,1918,56.44
-27.2,28,34.0,rain,95,114.2,True,flat,0.3,96.1,584.0,2376,65.0
21.9,24,60.4,none,97,77.0,False,flat,2.2,61.5,406.6,1868,6.41
27.9,53,67.2,none,50,101.4,True,flat,5.2,79.5,421.8,2151,17.05
37.8,58,78.3,none,97,48.2,True,flat,9.2,91.9,534.1,1643,27.17
32.3,95,5.9,none,38,123.8,True,mountainous,2.7,60.5,390.3,1564,30.66
12.0,17,17.3,none,71,39.6,False,hilly,2.1,68.5,438.7,1911,10.38
7.1,64,60.5,none,17,52.2,True,hilly,9.7,71.9,393.8,1664,37.93
-28.1,57,43.2,rain,23,58.8,True,flat,5.2,41.8,263.9,1695,65.0
-12.7,56,26.2,none,88,45.3,False,flat,0.6,89.7,621.9,1770,32.79
2.2,89,16.4,none,90,70.7,True,flat,2.8,96.6,604.2,1562,30.01
14.0,28,22.4,none,58,75.8,False,hilly,5.3,65.0,367.7,2301,15.54
9.0,14,34.3,none,41,81.9,True,flat,0.7,76.7,462.3,2042,16.13
22.0,71,14.2,none,51,34.1,False,flat,6.9,72.5,411.5,1907,7.22
-10.4,41,77.1,none,88,51.9,True,hilly,5.2,60.9,369.1,1831,46.74
9.5,12,8.6,none,29,110.8,True,flat,7.1,44.9,300.3,1501,31.11
-23.8,33,78.8,none,37,111.1,True,flat,3.4,71.2,375.1,2369,65.0
-1.0,38,67.4,none,81,63.0,True,flat,4.2,54.6,318.4,2262,33.09
22.5,66,33.9,snow,94,76.1,False,hilly,9.3,79.1,496.0,2231,30.01
18.5,26,59.2,none,18,48.3,False,mountainous,2.1,72.2,428.4,1674,20.56
39.3,47,53.7,rain,82,112.2,True,hilly,0.4,75.4,495.1,1552,23.6
-10.5,53,17.1,rain,68,125.7,True,hilly,9.8,76.1,405.1,1565,63.98
4.9,51,27.1,none,31,59.1,False,mountainous,0.1,93.1,628.6,2036,27.03
-6.9,98,41.0,none,78,108.2,True,flat,8.9,48.8,339.8,2136,41.78
0.8,14,51.0,none,76,65.2,True,flat,8.3,88.3,505.3,2498,31.67
30.0,96,43.4,none,23,30.3,False,flat,4.9,97.3,508.6,2022,8.13
17.9,62,37.8,none,55,90.0,False,flat,7.1,83.3,580.9,1832,10.33
31.8,82,35.5,none,78,71.0,True,flat,1.1,48.3,275.6,2180,21.5
-15.8,49,39.9,none,27,105.8,True,flat,7.6,91.0,544.7,2144,59.87
31.1,51,34.7,none,52,104.9,True,flat,7.8,87.5,480.0,1523,24.24
-25.8,89,43.3,none,21,124.6,False,flat,0.5,91.8,469.0,1624,65.0
32.2,91,71.0,snow,38,73.8,True,hilly,5.0,69.2,363.3,2192,37.46
-7.0,31,50.6,none,30,78.3,True,flat,9.5,89.2,488.5,1582,46.92
-8.0,28,57.8,none,55,70.0,True,mountainous,9.5,49.2,343.5,2306,60.45
5.8,55,47.8,rain,23,59.7,True,hilly,9.8,74.6,491.8,2408,34.19
35.8,91,51.4,rain,44,93.8,True,hilly,6.6,73.1,427.0,1700,29.1
-26.7,39,46.3,none,35,112.8,True,hilly,1.4,93.8,528.9,2005,65.0
-5.3,69,2.1,none,77,45.8,True,hilly,4.1,91.8,485.3,1815,40.42
30.0,74,80.0,none,73,128.2,False,flat,7.3,83.0,495.3,2021,16.45
-2.3,80,2.7,none,19,98.4,True,hilly,2.8,50.5,344.1,2116,41.72
-16.1,61,31.6,none,96,108.0,True,hilly,8.1,88.4,617.6,1512,65.0
-0.3,46,8.4,none,77,129.9,True,flat,8.6,76.9,522.9,2395,33.17
-3.0,97,7.8,none,65,80.4,True,hilly,7.6,89.0,456.7,1869,40.49
34.1,65,63.5,snow,53,37.1,True,flat,3.4,96.3,512.0,1692,29.15
23.3,76,34.1,none,26,109.0,False,flat,7.4,67.0,354.0,1532,14.91
5.4,41,64.1,none,97,117.1,True,flat,0.7,84.7,450.7,2493,24.23
39.2,70,21.8,snow,11,46.2,True,hilly,3.4,98.4,516.4,2259,26.14
2.6,33,20.5,none,72,32.4,True,mountainous,7.7,52.8,274.3,1956,41.42
-25.9,32,20.1,none,56,43.6,True,hilly,7.9,90.8,517.7,2366,65.0
-11.6,74,49.3,none,91,62.4,False,flat,3.2,48.5,257.9,1956,34.52
0.5,57,65.2,snow,44,122.4,True,mountainous,9.6,41.0,217.0,2188,65.0
-19.0,71,36.2,none,57,30.2,True,flat,2.7,90.8,549.4,2457,53.55
36.3,34,30.3,none,77,110.4,False,flat,6.6,97.6,527.6,2206,15.1
23.7,64,77.9,rain,14,115.5,False,mountainous,8.8,41.9,210.2,1740,36.82
-11.2,50,9.3,none,15,111.1,True,hilly,5.5,90.7,579.6,2433,54.96
11.4,64,38.9,rain,29,38.2,True,hilly,4.1,82.0,463.7,1522,28.38
20.5,36,32.7,snow,23,97.9,False,flat,2.1,82.0,530.8,2420,18.59
35.9,74,7.9,none,11,125.4,True,flat,2.0,67.6,458.6,2462,14.66
31.7,83,21.5,none,66,42.0,True,flat,1.6,65.0,445.5,1592,15.34
6.1,33,2.3,rain,82,33.2,True,hilly,4.4,62.4,334.1,1556,33.15
24.2,37,70.2,none,96,117.4,False,flat,5.5,62.9,399.2,2339,11.21
9.4,70,48.6,rain,50,94.5,True,flat,8.4,96.2,495.6,1525,34.56
8.7,73,65.2,none,35,94.6,False,flat,2.2,88.9,527.1,2305,15.32
-22.0,73,41.7,none,88,126.4,True,hilly,7.6,58.8,344.3,1853,65.0
-21.2,71,48.0,none,86,107.0,True,flat,6.9,84.4,456.5,1522,65.0
7.1,45,56.1,none,66,69.7,True,mountainous,6.3,79.4,520.0,2143,47.9
-11.2,46,72.6,none,35,73.6,True,flat,3.4,90.8,619.6,1779,46.92
-28.5,33,7.3,none,92,44.5,True,hilly,3.2,45.5,251.1,1651,65.0
20.6,24,26.5,none,26,60.4,False,flat,7.6,82.0,450.9,2047,8.43
-27.7,72,56.7,none,14,74.5,True,hilly,2.7,54.7,294.9,1528,65.0
11.7,18,76.7,rain,82,56.1,True,flat,3.3,54.5,347.3,1893,23.01
7.7,94,78.5,rain,61,121.6,True,hilly,9.7,82.3,421.0,2117,37.95
37.8,84,51.0,none,32,31.2,False,flat,10.0,93.7,480.4,2226,10.74
3.9,87,15.5,none,70,88.7,True,hilly,0.0,71.0,379.5,2017,29.02
-25.5,92,9.5,none,79,107.2,True,flat,6.9,67.9,413.8,1562,65.0
8.6,47,75.7,none,86,103.2,True,flat,5.4,88.9,489.5,2263,28.96
28.9,86,34.7,none,35,94.4,False,flat,4.6,41.5,289.6,1888,9.53
39.8,24,15.6,rain,12,71.0,True,hilly,2.8,82.4,477.3,1681,24.08
0.1,12,74.7,none,56,121.8,True,flat,5.1,43.4,257.6,1765,41.64
-7.6,81,8.4,rain,87,62.9,True,flat,4.6,54.7,280.5,2167,36.76
33.5,17,58.4,rain,29,105.0,True,flat,4.0,80.0,513.0,1698,28.3
-16.6,99,50.0,none,48,122.7,True,hilly,8.5,62.8,413.1,1588,65.0
13.1,71,7.0,none,33,42.8,True,flat,2.7,57.7,327.1,2121,16.06
-1.6,78,27.1,none,11,124.7,True,flat,6.0,70.3,453.3,2146,38.57
-27.1,32,12.0,none,91,107.6,True,flat,8.6,91.0,496.4,1945,65.0
-5.7,71,48.4,none,22,91.7,True,flat,9.8,65.6,432.4,2005,41.64
-11.4,14,38.2,none,79,67.3,True,flat,6.0,72.0,437.9,2332,41.7
18.0,85,0.3,none,41,120.4,False,mountainous,5.2,49.5,286.7,1839,30.58
36.4,25,78.1,none,35,34.4,True,flat,8.4,66.7,429.4,2364,21.19
-11.2,73,28.0,none,95,73.2,False,flat,1.9,41.0,255.3,2374,34.41
26.8,30,20.7,none,69,105.7,False,mountainous,6.3,90.3,547.6,2012,25.09
-26.1,16,17.8,none,72,111.1,True,mountainous,0.6,52.4,284.2,1517,65.0
7.7,53,12.7,none,78,50.2,True,flat,6.6,95.2,637.7,2422,19.42
-25.1,25,79.9,none,41,34.8,True,flat,8.0,61.5,360.4,1640,65.0
35.4,76,23.6,rain,61,110.3,True,hilly,0.6,90.2,531.1,2027,19.2
23.6,31,32.4,rain,34,72.2,False,flat,8.5,63.4,342.4,2172,11.9
16.1,41,69.7,none,85,44.4,False,hilly,1.2,49.2,337.4,1595,11.21
27.7,61,51.4,none,64,38.6,False,mountainous,1.8,70.2,429.0,2250,19.89
15.3,36,29.5,rain,32,94.1,False,flat,8.4,55.6,329.7,2113,16.67
37.8,44,71.9,none,91,88.3,False,flat,1.2,59.4,413.0,2173,8.0
20.0,83,60.0,none,62,115.4,False,hilly,6.7,59.0,338.0,1654,22.56
34.7,26,18.2,rain,55,33.2,True,hilly,2.9,60.8,307.6,1772,19.86
6.2,17,51.5,none,13,116.8,True,hilly,2.5,69.9,381.5,1803,29.44
-21.8,40,73.8,none,92,118.7,True,flat,6.5,47.7,309.5,1650,65.0
7.0,48,39.7,snow,96,74.6,True,hilly,1.1,55.5,294.6,2066,35.21
-21.1,59,58.7,none,61,37.7,True,hilly,5.7,77.9,414.0,1577,65.0
11.5,44,77.7,snow,50,124.7,True,flat,9.2,85.3,504.5,1757,38.17
3.8,81,55.2,none,42,37.2,True,flat,8.5,54.6,322.6,2261,27.01
13.6,14,8.2,none,34,89.1,True,flat,8.5,55.7,329.9,1737,31.46
-29.3,49,19.6,none,62,79.3,False,flat,3.0,68.7,373.5,1695,65.0
-16.4,44,47.6,rain,22,113.5,True,mountainous,7.0,98.9,527.6,1642,65.0
4.4,68,22.0,none,93,80.3,False,flat,7.8,73.0,477.4,2117,17.83
36.5,97,76.6,none,26,76.9,True,flat,9.0,88.8,551.3,1954,23.52
-3.1,56,32.4,rain,77,118.1,True,flat,2.6,95.1,536.7,1720,36.37
-0.3,99,36.6,none,38,126.4,True,flat,7.6,78.2,421.9,1704,39.7
20.0,37,56.1,none,30,84.9,False,hilly,2.3,71.1,480.6,2489,13.37
12.3,13,41.9,none,60,75.5,False,flat,0.3,85.9,452.8,1567,8.64
-9.1,25,30.6,none,79,113.1,True,flat,4.8,59.1,364.7,2244,42.38
-1.2,46,6.1,rain,75,113.1,True,hilly,7.7,98.4,611.8,2415,49.16
-14.8,38,47.7,none,31,61.9,False,flat,2.1,68.5,460.0,1945,38.48
37.6,19,69.4,none,40,87.6,True,flat,0.5,95.7,489.4,1982,8.54
-20.9,49,54.9,none,88,45.4,True,hilly,3.7,85.6,480.6,2353,64.33
-4.0,40,30.5,none,75,93.6,True,flat,2.0,52.7,365.3,1514,44.32
-28.2,21,10.2,none,74,113.4,True,flat,3.8,53.2,326.8,1690,65.0
-14.5,37,65.3,none,34,48.8,True,flat,9.2,61.0,355.9,2214,52.23
24.6,90,75.3,snow,81,62.3,False,flat,7.4,62.3,351.1,2014,15.52
-15.9,37,31.1,rain,42,74.9,False,flat,3.7,40.9,216.7,2467,46.05
-24.4,74,58.3,none,46,114.5,True,flat,3.3,91.3,490.9,1712,65.0
3.2,65,32.9,none,36,103.1,True,mountainous,9.2,54.4,357.0,2387,50.95
-29.3,48,40.2,none,21,61.7,True,flat,8.9,89.5,491.1,2500,65.0
-24.1,32,66.9,none,48,54.3,True,flat,6.0,69.0,375.2,1501,65.0
26.5,43,6.7,none,12,99.6,False,hilly,3.6,75.5,425.8,1789,12.13
24.0,63,42.4,none,51,78.0,False,hilly,7.9,72.2,470.1,2481,15.43
34.1,42,17.2,none,75,89.4,True,flat,6.6,96.7,564.7,2398,14.58
29.8,29,27.2,none,96,94.9,False,flat,5.6,65.1,329.1,1597,11.73
17.8,20,51.6,snow,17,85.9,False,flat,7.4,63.3,381.6,1757,22.33
-26.3,89,2.2,none,35,91.3,True,flat,1.3,76.9,427.2,2127,65.0
24.8,50,47.5,none,54,118.8,False,hilly,9.3,62.9,372.2,1748,19.68
29.2,66,22.7,none,25,116.8,False,flat,9.7,76.4,517.3,1892,15.4
25.9,54,53.6,none,21,44.9,True,flat,3.5,74.3,401.0,1754,15.29
5.6,89,11.3,snow,51,88.6,True,mountainous,9.5,86.5,491.1,1799,49.31
-13.7,59,58.9,none,62,73.9,True,flat,8.0,99.4,684.9,1841,56.42
29.2,53,51.7,snow,84,58.6,False,hilly,9.4,98.6,645.7,2025,23.74
20.9,93,77.7,none,100,93.1,False,flat,9.2,47.4,263.1,2280,17.05
38.7,75,72.9,none,80,81.1,True,flat,2.0,67.1,349.9,2051,15.41
-19.1,20,22.7,none,30,107.5,True,flat,2.6,65.3,448.8,1746,61.75
-14.2,26,2.2,rain,77,39.3,True,flat,2.6,51.4,272.2,2156,46.93
-15.2,81,52.4,none,58,60.3,True,flat,0.9,84.6,484.8,2332,50.46
25.5,85,48.2,snow,51,32.6,False,mountainous,4.0,98.1,555.7,2149,29.15
-16.9,59,2.2,none,94,104.6,True,flat,3.6,49.2,257.2,2300,49.42
-25.3,60,9.8,none,73,121.2,True,flat,3.4,56.3,293.0,1949,65.0
39.9,67,46.8,none,71,88.7,True,flat,3.5,91.3,508.1,2424,20.72
-28.3,50,72.9,none,11,91.7,True,mountainous,0.6,58.3,334.5,2114,65.0
28.5,71,72.5,none,88,34.6,False,flat,1.9,66.5,461.2,2211,6.77
-4.4,20,12.1,rain,81,80.4,True,hilly,3.0,84.4,512.7,1611,39.6
28.9,97,30.8,none,37,82.7,False,flat,8.9,47.6,324.3,2129,11.74
8.8,78,3.5,none,36,33.9,True,hilly,9.3,71.6,376.5,1529,32.13
33.1,67,37.5,none,15,108.2,True,flat,2.9,46.6,255.1,1664,17.18
34.8,38,60.2,none,15,57.8,True,flat,6.9,58.3,310.6,2199,22.52
-29.4,24,63.2,none,70,102.3,True,flat,8.5,54.2,311.7,2176,65.0
-24.7,47,39.9,none,27,70.3,True,flat,5.1,83.8,572.9,1996,65.0
-12.5,70,7.7,rain,93,129.6,False,flat,7.6,49.0,274.0,2158,46.89
16.9,67,30.5,none,86,51.2,False,mountainous,9.8,79.7,493.5,2320,27.73
32.2,44,74.6,rain,41,35.8,True,hilly,1.6,74.5,509.2,2334,19.31
2.2,65,18.4,none,44,128.0,True,mountainous,0.7,80.5,483.7,2389,46.68
12.5,83,25.6,none,39,54.4,True,flat,6.4,92.6,560.7,2390,22.0
-16.8,12,59.7,none,18,93.5,True,flat,5.1,72.0,439.9,2065,57.0
26.3,51,58.7,rain,13,67.5,False,flat,3.0,83.2,462.8,1853,8.6
37.7,78,73.0,rain,51,94.0,False,hilly,9.2,88.3,515.2,1500,20.98
-11.2,59,31.0,none,95,89.6,True,hilly,8.5,81.7,547.2,2431,51.52
4.6,69,41.2,none,93,100.7,True,hilly,2.6,59.1,343.0,1697,34.36
-24.0,57,37.4,none,83,31.8,True,flat,7.7,97.7,570.3,2333,65.0
9.1,99,74.2,rain,67,113.6,True,flat,8.3,43.6,228.3,1751,33.65
5.2,15,61.5,rain,87,77.9,True,hilly,3.3,62.3,369.5,1822,31.66
-19.9,54,66.5,none,56,81.9,True,hilly,1.0,89.3,461.2,1706,65.0
0.9,18,10.6,none,26,71.1,True,flat,8.5,61.0,337.6,2276,29.41
-6.6,24,63.3,rain,72,128.9,True,flat,1.0,72.8,506.3,1935,45.88
6.5,44,34.6,none,93,110.2,False,flat,4.8,48.1,327.3,2462,17.08
11.0,24,1.9,none,12,61.1,True,flat,1.9,91.4,570.6,2310,22.24
-29.4,97,4.8,none,33,108.3,True,flat,9.3,95.9,616.0,2066,65.0
23.3,95,54.2,none,34,73.7,False,hilly,1.1,99.0,542.3,2283,11.71
19.9,40,29.8,snow,19,117.0,False,flat,1.2,44.6,236.0,2342,16.18
-4.4,68,69.4,snow,30,33.1,True,hilly,7.0,51.9,317.0,2417,52.45
-26.3,58,58.7,none,45,65.5,True,flat,2.1,69.7,473.7,1580,65.0
22.8,83,1.7,none,95,73.0,False,hilly,1.3,56.4,375.6,2301,8.47
36.9,66,55.0,rain,87,104.4,True,flat,1.7,78.6,485.4,1684,20.7
-13.2,10,15.4,none,95,48.2,True,hilly,6.0,90.7,632.3,2416,50.23
-7.4,79,33.8,none,21,58.6,True,flat,2.2,47.6,261.7,1688,35.99
-17.1,77,50.0,none,13,102.4,True,flat,3.8,40.2,262.6,1672,57.22
10.4,56,69.8,none,20,37.7,True,hilly,8.5,99.6,554.6,1994,33.06
-19.2,91,36.5,none,92,50.1,True,hilly,1.8,67.0,465.8,2357,61.54
-5.1,92,64.7,none,24,105.3,True,flat,8.3,44.1,243.9,1588,45.53
18.8,57,62.6,none,62,117.6,False,flat,7.8,75.3,431.6,1560,16.25
9.2,65,33.2,rain,30,102.9,True,flat,8.3,85.2,507.1,2265,27.68
-2.9,100,40.1,snow,12,82.7,True,hilly,3.5,88.1,497.0,2340,44.19
-0.6,37,56.0,rain,18,39.9,True,flat,4.7,74.2,411.7,1957,26.9
9.3,39,2.5,none,74,112.7,True,flat,7.1,80.8,479.9,2147,29.51
-29.6,26,71.3,none,26,42.4,True,hilly,0.4,68.6,454.9,1629,65.0
-24.5,91,61.6,rain,31,68.5,True,hilly,6.6,77.2,505.4,2097,65.0
31.7,77,20.0,snow,44,35.0,True,hilly,1.2,97.1,571.8,1511,21.02
-24.5,20,78.5,none,69,101.0,True,flat,2.9,99.3,558.4,1802,65.0
19.5,98,14.4,none,52,80.3,False,flat,8.1,77.7,408.7,1521,8.75
34.4,76,73.1,none,95,120.8,True,flat,6.4,75.0,505.7,1771,30.97
-11.1,87,26.0,none,49,43.9,True,hilly,6.2,60.7,411.3,1523,47.81
-4.1,14,61.1,none,28,111.9,True,flat,2.3,59.5,305.2,2441,42.93
9.8,55,36.5,snow,58,81.1,True,flat,6.7,95.5,620.3,2383,35.2
31.7,73,58.9,none,51,66.6,True,flat,1.3,79.9,540.8,1706,18.07
35.9,59,12.5,none,81,94.4,True,hilly,9.6,67.5,437.0,2417,29.05
21.8,70,21.6,snow,94,109.0,False,hilly,2.5,80.0,454.1,2396,22.78
-23.9,84,8.0,none,85,74.0,True,flat,8.3,47.3,276.8,1718,65.0
16.8,44,69.2,rain,45,53.3,False,flat,9.2,96.6,541.1,2173,19.11
-1.3,86,23.7,none,29,121.6,False,hilly,1.7,71.3,434.1,1687,29.68
2.9,25,55.6,snow,92,61.3,True,hilly,0.1,60.0,407.1,2182,35.34
-26.6,34,65.6,none,45,129.8,False,flat,8.7,40.8,258.8,1564,65.0
-16.6,14,72.1,snow,79,106.7,True,flat,7.6,80.6,477.1,2359,64.75
25.3,43,8.5,none,99,98.8,False,flat,1.5,98.2,659.8,2325,7.4
1.8,44,71.4,none,62,31.2,False,flat,8.3,73.5,367.7,1672,20.48
-8.9,82,15.8,none,53,74.9,True,mountainous,8.1,60.0,332.7,1940,58.64
-3.1,69,59.0,none,73,80.2,True,hilly,4.6,65.1,382.3,1754,42.53
29.8,49,58.3,none,27,67.6,False,hilly,9.5,74.1,458.4,1623,18.53
22.4,69,0.7,snow,54,45.0,False,hilly,5.8,81.3,568.6,1513,18.24
-10.9,15,17.6,none,38,66.7,False,flat,4.4,51.0,320.2,1803,29.9
-21.8,26,39.4,none,25,37.5,True,flat,0.1,96.1,553.9,2439,56.57
-12.4,66,33.6,none,65,59.1,True,flat,9.5,64.9,418.3,2388,48.11
34.5,68,73.5,rain,62,38.4,True,hilly,1.3,77.5,539.8,1934,21.13
10.7,80,28.8,none,79,105.2,True,flat,3.0,94.7,589.2,1789,23.97
7.3,46,75.0,snow,89,97.1,True,flat,7.3,74.7,426.0,1808,33.84
11.7,75,36.8,none,30,124.0,True,flat,0.1,81.0,515.6,2206,19.46
-4.4,72,77.1,none,80,68.0,True,hilly,5.4,78.0,462.3,1766,44.3
26.5,97,59.0,none,43,108.6,False,flat,1.6,54.9,333.2,2326,7.6
6.6,29,66.3,rain,67,88.8,True,flat,0.2,97.8,675.7,1859,28.34
-21.8,60,8.4,none,87,94.6,True,hilly,6.4,68.3,401.4,1567,65.0
-21.0,64,46.9,rain,33,84.7,True,hilly,6.0,45.9,258.3,1622,65.0
7.6,100,11.4,none,64,107.9,True,flat,7.3,99.9,626.2,2271,27.57
35.6,28,23.8,none,53,34.2,True,flat,6.2,79.0,484.8,2271,13.93
-8.4,57,49.9,snow,81,38.0,True,hilly,4.4,76.5,443.3,1897,52.72
30.9,41,58.1,none,73,39.6,True,flat,4.8,95.0,532.5,2495,11.97
23.5,57,3.1,none,79,58.9,False,hilly,2.2,72.5,438.7,1719,9.84
-12.7,31,42.5,rain,36,89.1,True,flat,0.8,61.6,328.3,1696,45.98
-27.5,14,45.2,none,73,94.6,True,hilly,8.6,50.5,279.5,2027,65.0
-22.9,62,6.3,none,65,101.3,True,hilly,6.9,88.6,594.0,2055,65.0
21.0,40,40.1,none,51,58.1,False,hilly,1.2,59.9,408.1,1919,10.59
-16.0,26,57.1,snow,44,95.0,True,flat,2.6,71.0,410.8,2076,58.48
-4.0,39,4.3,rain,40,41.8,False,flat,8.6,70.5,470.3,2393,21.84
5.1,14,60.8,none,11,31.0,True,flat,9.6,84.4,439.5,1965,30.26
20.8,96,46.1,none,25,99.5,False,flat,7.9,81.1,440.3,2496,15.14
-22.1,62,66.7,none,15,101.6,True,mountainous,5.7,65.4,405.1,2448,65.0
-1.6,83,17.4,rain,86,92.2,True,flat,8.7,65.6,416.7,2206,37.64
4.0,48,66.7,none,87,55.9,True,hilly,6.3,56.2,309.4,2205,30.92
7.9,91,7.6,rain,86,122.7,True,mountainous,7.0,60.5,415.9,2225,45.99
27.3,53,32.3,none,84,117.6,False,mountainous,8.3,82.7,516.5,2361,29.55
-18.0,62,16.0,none,30,81.6,True,hilly,3.5,73.7,504.6,2330,59.13
26.5,54,70.1,none,54,128.9,False,flat,7.8,43.1,224.4,2219,17.4
18.5,76,56.4,none,92,59.9,True,flat,2.1,70.5,434.7,2316,21.06
8.9,61,2.0,rain,78,79.1,True,hilly,1.9,97.3,553.0,1930,20.73
19.0,34,0.8,rain,10,122.8,False,hilly,8.1,46.6,313.5,1998,23.82
-1.2,23,23.3,none,51,76.2,True,flat,5.6,46.3,232.7,2395,36.99
-20.3,65,11.5,none,11,77.1,True,hilly,4.1,80.1,523.2,1592,65.0
16.6,54,50.4,rain,35,37.9,False,flat,5.2,97.5,519.3,2276,9.99
6.7,19,53.1,none,49,51.1,True,hilly,9.8,41.6,282.1,2171,39.77
14.8,46,75.4,none,90,45.8,True,hilly,8.9,60.7,359.5,1649,28.51
-6.3,56,76.2,none,69,86.5,True,flat,5.1,44.0,235.3,1917,34.48
33.5,84,52.7,rain,43,61.8,True,hilly,5.5,55.9,371.3,2228,30.26
11.1,17,0.5,none,54,37.7,True,hilly,6.1,73.3,440.1,2224,16.1
-24.0,41,28.7,rain,84,81.0,True,flat,7.9,66.5,340.8,2191,65.0
1.5,84,41.1,rain,37,96.9,True,flat,8.7,61.8,313.0,1656,35.98
22.9,68,39.9,rain,65,103.7,False,hilly,1.5,52.6,289.9,2278,16.09
25.6,36,48.3,snow,34,113.8,False,flat,6.3,77.2,496.0,1632,23.04
4.6,86,76.8,rain,53,78.2,True,mountainous,2.3,74.5,437.5,2481,45.69
32.6,54,70.8,none,12,69.1,False,hilly,6.2,79.8,482.9,1655,13.69
-11.3,55,8.7,none,87,98.4,False,flat,1.7,87.6,461.8,2093,31.73
-1.3,98,21.3,none,14,31.3,True,flat,8.1,83.8,539.5,2275,32.47
32.9,95,66.6,none,30,93.4,True,hilly,6.6,97.4,557.6,1507,22.5
32.7,42,65.9,none,40,70.6,False,hilly,8.7,50.2,284.4,2220,19.39
18.0,23,22.0,none,66,75.3,False,flat,9.4,97.1,598.4,1724,14.67
30.1,39,58.4,none,75,59.6,True,flat,9.3,50.3,328.7,1681,24.98
-23.8,13,53.8,none,17,42.7,True,hilly,1.5,90.6,457.2,1574,65.0
30.5,12,37.9,rain,14,70.1,True,hilly,3.8,87.3,445.1,1691,22.37
-7.6,46,16.1,rain,82,60.8,True,flat,4.8,80.0,415.2,2110,37.48
-17.5,95,71.1,snow,74,126.0,True,hilly,7.9,82.4,551.3,2499,65.0
-13.2,88,54.2,none,85,124.4,True,hilly,0.1,81.5,546.9,2068,50.26
-0.7,56,13.5,none,71,94.4,True,flat,9.3,71.8,450.6,2105,42.7
-12.4,61,56.4,none,78,120.4,True,flat,4.1,42.0,213.6,1889,49.23
-7.6,11,59.3,none,44,105.1,True,hilly,6.3,74.8,486.2,1538,52.14
-20.6,29,71.0,none,63,64.6,True,flat,9.8,63.3,426.7,2232,65.0
-9.3,12,17.8,none,82,90.4,True,flat,8.8,56.3,384.9,1578,49.04
10.1,78,79.1,none,25,52.0,True,hilly,3.6,69.4,458.4,2219,29.4
0.9,23,12.3,rain,48,98.7,True,flat,4.8,90.9,536.0,2334,34.68
-5.7,88,48.1,rain,77,34.5,True,hilly,7.7,74.7,442.0,1724,44.22
22.3,68,52.6,none,58,113.1,False,flat,7.4,97.9,586.7,2276,17.2
32.5,31,33.5,none,71,88.3,True,flat,7.0,65.2,388.0,2412,26.53
23.0,24,38.0,none,36,35.8,False,flat,0.1,50.1,302.0,2058,7.35
-6.8,66,71.3,none,13,117.2,False,mountainous,2.0,58.9,304.0,1927,48.34
22.1,91,51.6,snow,13,117.8,False,flat,2.2,48.7,322.7,2051,19.21
-19.4,75,39.8,rain,95,115.3,True,hilly,2.5,81.1,405.9,2305,65.0
-20.9,41,10.3,none,95,107.4,True,flat,1.0,49.6,250.9,2117,62.16
-5.8,63,0.6,none,29,97.8,True,mountainous,8.1,71.1,359.2,2064,59.13
26.5,38,10.0,none,23,69.7,False,flat,3.4,95.4,648.8,1906,6.79
-12.8,100,76.5,none,12,43.6,True,flat,7.8,66.0,461.6,1526,46.97
-25.6,77,61.1,snow,31,58.9,False,flat,9.3,64.2,359.0,1647,65.0
-20.8,65,77.4,rain,40,64.7,True,hilly,3.1,52.2,274.0,2012,65.0
30.1,48,2.9,none,32,65.8,False,hilly,4.5,85.2,429.4,2146,12.55
14.4,66,54.4,none,82,86.5,False,mountainous,0.9,58.3,396.3,1679,23.84
-12.3,41,3.5,rain,77,50.8,True,flat,2.9,99.4,568.2,2179,52.87
8.9,13,62.6,none,17,49.0,True,hilly,5.5,50.0,299.3,2024,30.71
6.9,46,30.5,none,73,101.7,False,flat,1.8,40.1,230.8,2170,16.1
15.9,94,7.7,none,57,30.8,False,hilly,5.4,72.4,493.1,2027,10.62
-13.7,66,45.4,none,22,45.0,True,flat,3.1,44.1,294.1,1928,41.53
30.5,18,22.4,none,77,73.5,True,hilly,9.9,62.2,422.4,1814,26.48
-8.3,90,52.8,none,18,44.9,True,mountainous,3.8,67.1,393.2,1666,52.93
18.6,34,52.7,none,26,126.0,False,flat,0.4,54.9,298.3,1586,11.28
-28.9,32,56.4,none,23,97.0,True,hilly,4.7,98.7,612.3,2356,65.0
-3.9,37,79.4,none,95,73.3,True,hilly,3.3,60.7,329.1,2043,44.58
-5.4,62,30.9,rain,73,41.2,True,hilly,3.7,48.7,275.1,2488,40.62
8.0,59,37.2,none,47,68.5,False,hilly,3.7,42.2,291.0,2344,16.08
-24.9,54,64.4,rain,84,95.1,True,flat,8.8,58.6,394.9,1617,65.0
25.3,75,46.3,none,29,126.9,False,flat,5.0,89.3,524.4,2371,13.01
-14.8,38,3.0,none,94,77.3,False,hilly,2.5,54.8,308.9,2276,43.18
17.4,80,67.4,rain,73,99.2,False,flat,7.9,75.9,467.5,2488,17.15
26.2,26,4.1,none,60,49.5,False,flat,4.4,99.3,648.3,2389,5.04
9.3,80,13.7,none,82,92.4,True,flat,1.5,60.6,326.6,1857,16.87
21.9,70,8.2,none,68,53.9,False,hilly,10.0,77.0,524.4,2142,15.82
16.3,71,6.2,none,90,49.8,False,hilly,0.3,76.0,408.4,2137,9.47
-5.1,53,2.1,rain,85,80.9,True,hilly,7.1,75.7,470.6,2441,42.02
26.6,70,4.4,none,28,51.2,False,hilly,8.5,97.2,592.9,1673,13.23
-9.4,17,35.4,none,32,102.1,True,hilly,3.5,87.2,493.1,1941,45.03
10.0,87,20.2,none,16,123.7,False,hilly,1.6,40.5,248.2,2081,25.72
22.2,15,10.1,none,30,69.4,False,hilly,4.4,41.7,281.7,1506,13.11
-3.5,23,52.7,rain,41,62.2,True,flat,4.8,42.4,240.0,1646,35.48
-8.8,62,18.1,none,13,47.6,True,flat,10.0,61.9,418.9,2147,36.07
2.2,77,1.5,none,38,69.0,False,hilly,0.2,66.4,340.2,1972,18.54
27.3,17,33.5,none,79,86.0,False,flat,6.6,88.4,536.6,1758,14.9
35.1,93,24.8,none,86,67.3,True,hilly,8.0,78.2,436.7,1689,19.78
8.2,98,25.5,none,11,92.3,True,hilly,6.2,100.0,686.1,2255,29.5
16.3,65,35.6,none,11,96.2,False,hilly,6.3,87.6,446.5,1997,19.8
33.2,53,53.5,none,23,39.8,True,flat,8.8,92.4,465.5,1788,24.15
-23.1,77,49.3,rain,89,99.8,True,hilly,5.7,50.9,337.0,1842,65.0
-13.8,40,75.0,rain,52,120.0,True,flat,8.8,78.5,508.5,2263,63.69
19.6,54,41.4,none,98,32.6,False,flat,2.1,48.9,259.9,1875,5.87
27.7,92,37.8,none,90,85.1,True,hilly,5.2,80.5,554.2,1893,25.77
30.0,96,17.1,none,90,90.4,False,flat,0.3,88.6,597.7,2016,5.66
-0.9,93,60.4,none,22,101.0,True,flat,8.0,58.0,318.3,1560,36.38
-23.7,34,11.3,rain,53,68.6,True,flat,7.8,50.0,318.7,2221,65.0
0.6,31,39.3,snow,99,111.9,False,flat,5.4,54.2,317.7,1590,33.91
-13.8,37,33.7,none,23,84.0,True,flat,4.0,88.7,542.7,2386,51.31
-9.6,50,52.7,none,62,70.9,True,flat,3.7,72.8,479.3,2042,44.22
24.1,38,73.4,none,41,101.9,False,flat,2.0,72.2,452.0,2442,10.21
-24.7,44,75.7,none,45,122.7,False,hilly,4.3,74.6,387.1,1902,65.0
27.9,66,13.4,none,90,111.2,True,mountainous,3.0,69.5,432.0,2483,32.96
-0.1,79,20.9,none,63,123.1,True,flat,5.8,91.8,493.1,2110,34.73
11.7,76,64.9,none,78,56.6,True,flat,7.9,70.4,415.0,1623,19.53
-23.7,83,41.5,none,71,41.9,True,flat,6.9,75.8,438.3,2063,64.05
-6.4,13,36.2,none,58,83.4,True,flat,5.1,98.8,510.5,1552,35.22
-23.7,14,56.9,none,81,34.4,True,flat,9.5,67.3,349.9,1940,65.0
37.3,81,48.2,rain,97,97.5,True,flat,2.0,51.2,336.8,2173,16.46
26.5,58,77.7,rain,97,54.0,False,flat,6.4,73.8,453.9,1635,12.66
2.2,62,46.7,snow,81,75.4,True,flat,0.9,82.3,571.6,1664,39.11
-14.3,15,37.3,none,54,95.6,False,flat,6.7,47.5,328.0,2262,40.4
35.3,33,43.4,none,25,78.3,False,flat,7.3,49.7,267.6,1772,10.8
-5.9,67,64.7,none,14,53.6,True,flat,7.8,41.5,278.3,2354,44.79
-18.7,87,49.0,rain,31,118.0,True,hilly,6.6,84.7,478.5,2114,65.0
9.4,93,51.8,none,41,106.5,True,flat,1.2,52.1,278.6,2047,21.04
36.1,55,77.7,none,22,90.1,True,flat,0.4,94.1,555.3,1895,19.89
-29.7,59,49.5,none,30,99.9,True,flat,7.1,70.9,395.1,2459,65.0
-13.3,85,30.4,snow,18,71.5,False,flat,8.0,97.3,585.5,2124,48.44
35.7,58,55.3,rain,57,67.6,True,hilly,0.3,63.0,396.5,1578,24.63
-18.0,57,52.8,none,21,46.0,True,mountainous,1.5,97.3,545.8,1908,61.6
-22.1,91,1.1,rain,77,110.4,True,flat,7.9,98.7,600.7,1623,65.0
9.9,81,37.4,none,40,68.1,True,flat,9.7,47.8,298.8,2235,30.47
30.3,92,59.4,none,70,99.2,True,mountainous,5.2,47.5,296.0,1750,33.75
3.4,30,39.9,rain,89,60.0,True,flat,1.5,65.4,448.0,1516,24.02
39.6,57,62.4,none,18,109.6,True,flat,3.2,64.8,408.3,2494,18.71
17.5,86,36.1,none,99,40.5,False,flat,7.8,79.0,447.5,1972,11.58
-24.8,20,78.7,rain,68,92.5,True,flat,5.4,46.8,242.6,1535,65.0
39.5,82,23.4,none,15,110.8,True,flat,0.6,85.4,510.0,1955,16.6
-1.4,26,7.4,snow,38,96.0,True,flat,3.1,53.5,329.1,1773,37.01
-9.9,83,34.4,none,90,99.6,True,hilly,7.5,49.0,299.7,2226,54.56
9.1,65,43.3,none,64,82.6,True,hilly,3.3,87.7,534.8,1508,26.81
-8.7,27,27.9,none,36,85.9,True,mountainous,4.3,44.8,257.7,1637,60.81
-23.9,53,19.4,rain,95,36.6,True,flat,9.1,82.7,571.9,1854,65.0
-29.9,71,53.8,none,81,55.1,True,hilly,9.8,46.7,290.6,1897,65.0
1.5,67,30.2,none,76,102.2,True,flat,7.6,84.4,459.5,1988,38.04
28.6,48,50.5,none,90,124.5,False,flat,2.4,87.4,438.3,1853,13.32
10.1,91,62.3,rain,79,84.2,True,flat,2.4,75.1,461.0,1899,23.52
39.9,57,60.9,none,36,102.6,True,flat,3.0,61.1,396.8,1985,23.49
-9.9,56,30.0,none,63,98.4,True,hilly,1.6,54.2,282.7,2432,47.42
-10.4,16,45.4,none,86,129.9,True,flat,1.8,88.5,525.2,2027,49.64
-18.8,93,36.0,none,26,109.5,True,hilly,2.6,46.4,322.3,1930,65.0
-18.5,26,69.7,none,25,92.8,True,hilly,6.6,98.5,589.7,1548,61.89
-10.0,58,70.3,none,24,41.5,True,flat,6.1,86.7,581.8,1650,49.54
25.5,82,27.5,rain,27,66.3,False,flat,3.4,81.4,430.0,2257,9.04
33.4,29,7.3,none,19,55.1,True,flat,2.0,99.3,586.4,2459,15.88
38.3,57,13.4,none,85,115.4,True,hilly,6.2,81.3,464.1,1884,29.72
-13.7,32,29.4,none,84,74.6,True,flat,1.3,46.2,233.8,2462,43.01
31.7,78,45.1,snow,24,83.5,True,flat,1.5,59.4,358.6,1828,24.55
-7.0,61,52.5,none,73,126.5,True,flat,3.8,75.1,435.5,2452,44.47
-22.1,87,26.5,rain,66,113.7,False,flat,5.7,74.5,463.8,2109,62.73
30.9,91,53.4,rain,35,109.0,True,hilly,7.3,40.6,247.4,1529,36.04
14.5,68,75.0,none,30,44.2,True,flat,6.9,55.6,328.4,1578,21.47
-18.5,75,52.2,none,33,32.3,True,hilly,3.8,84.2,437.9,2480,57.66
0.1,59,12.7,none,76,42.6,False,flat,6.5,79.6,468.3,1805,21.71
-9.9,45,46.4,rain,39,104.0,False,hilly,2.1,93.9,651.5,1514,40.02
21.6,68,43.4,rain,35,71.1,False,flat,4.9,97.6,541.6,1578,13.22
1.7,92,69.7,rain,12,41.7,True,flat,6.2,92.2,531.8,2030,36.76
39.2,48,28.0,none,92,103.9,True,flat,7.4,73.2,489.1,1729,28.21
-26.2,38,33.8,none,78,49.5,True,hilly,0.8,72.6,438.4,2254,65.0
-5.1,45,47.9,none,53,88.9,True,flat,1.0,62.2,311.1,2384,34.53
3.7,49,42.0,none,95,104.2,False,flat,0.7,93.9,571.0,1863,16.96
5.2,17,57.5,none,36,90.8,False,flat,5.5,89.8,605.9,2196,17.23
-7.9,55,3.2,none,71,129.4,True,flat,5.7,86.7,553.5,2225,39.44
21.0,54,45.1,none,37,73.4,False,mountainous,0.1,86.7,564.8,1973,18.24
31.2,63,9.7,none,38,61.2,False,flat,6.6,90.9,461.6,1760,4.23
35.7,43,25.2,none,86,50.1,True,mountainous,7.6,95.1,509.8,2258,36.18
26.4,65,52.9,rain,81,80.4,True,flat,1.2,89.3,550.8,1551,17.61
29.5,89,12.6,none,36,115.2,False,hilly,3.4,88.9,471.7,1583,15.86
8.5,96,24.7,rain,17,124.7,True,flat,8.5,79.6,518.1,1617,37.74
27.8,63,56.2,none,42,127.2,False,flat,6.9,67.5,368.1,1818,17.66
-8.8,14,52.1,none,78,83.1,True,flat,3.0,73.1,411.7,1798,38.47
-2.1,97,7.3,none,19,90.5,True,flat,7.4,72.1,366.6,1818,38.52
-7.8,74,46.2,none,70,88.2,True,mountainous,8.9,89.5,523.5,1597,63.31
2.7,40,11.8,none,90,76.6,True,flat,3.1,56.0,308.4,1921,30.24
-10.0,23,20.2,rain,26,45.2,True,hilly,6.8,61.8,313.0,1983,44.35
37.3,23,36.7,none,88,36.5,True,flat,0.9,73.4,386.8,2382,10.55
-8.1,25,8.7,none,15,73.7,True,hilly,0.6,99.1,573.3,2429,42.32
-23.1,14,79.5,none,70,48.6,True,flat,5.9,69.4,394.3,1833,65.0
6.9,91,13.2,none,81,118.7,True,flat,4.9,47.6,319.9,2462,27.82
-26.0,59,62.5,none,50,106.2,True,flat,8.1,80.4,450.9,1976,65.0
-22.3,73,66.4,none,28,91.8,True,flat,7.8,77.0,448.8,2341,65.0
-14.6,85,79.6,none,93,34.7,True,flat,2.9,90.8,528.2,1506,52.32
2.5,81,34.3,none,12,92.2,True,flat,5.1,91.3,565.8,1583,33.52
0.3,89,69.9,none,60,92.1,True,flat,7.6,55.5,378.0,1925,36.54
26.0,97,76.6,none,44,73.9,False,flat,2.7,42.7,271.2,1896,11.82
21.8,50,13.8,none,51,95.8,False,mountainous,3.6,87.1,581.6,1963,22.17
-0.2,96,38.4,none,58,115.8,True,mountainous,0.6,79.1,425.3,1765,49.1
-6.6,75,4.8,rain,58,105.8,True,flat,1.3,48.5,323.8,2075,44.05
-7.8,16,49.7,none,28,77.3,True,flat,6.1,99.1,634.5,2239,45.5
24.2,71,46.5,none,71,56.2,False,mountainous,5.0,95.6,534.1,1635,24.21
-26.4,72,16.3,none,12,77.8,True,flat,1.7,83.4,566.3,2047,65.0
-29.1,92,63.8,rain,12,124.6,True,mountainous,0.1,43.2,273.6,1737,65.0
25.7,44,3.0,snow,53,112.0,False,flat,1.7,52.8,313.4,2386,15.75
3.4,63,64.5,none,59,32.7,True,hilly,7.5,59.5,381.2,2409,37.83
-20.8,11,2.1,none,35,108.3,True,flat,0.9,43.4,217.4,2211,61.7
-13.5,40,52.5,none,60,47.1,True,hilly,4.0,89.6,506.2,1667,53.82
35.3,16,6.3,none,56,87.1,True,flat,2.4,44.6,292.3,2452,15.92
30.2,57,20.1,none,41,110.7,True,flat,5.5,52.3,351.5,2240,20.99
19.7,84,57.8,none,69,86.1,False,hilly,5.1,59.1,390.3,1603,14.85
3.8,29,22.4,none,96,70.4,True,flat,9.8,59.9,387.2,2081,30.03
6.4,57,40.9,none,54,62.1,True,flat,7.7,55.9,335.2,2118,35.0
38.3,28,73.2,rain,81,60.5,True,hilly,9.4,98.7,531.0,2092,27.25
37.6,21,4.0,none,32,113.7,True,flat,5.8,97.6,509.9,2035,21.03
-14.9,56,64.9,none,79,112.5,True,flat,7.4,77.2,528.8,1570,53.77
26.8,17,5.2,none,68,112.3,False,flat,9.0,47.5,257.6,1696,12.12
-16.2,63,10.1,snow,68,58.3,True,flat,0.4,82.4,452.4,2432,51.15
-15.1,13,9.5,none,90,109.9,True,flat,9.2,98.5,634.9,2272,54.06
17.3,20,79.5,none,31,33.7,False,flat,2.1,99.9,650.5,2066,3.48
-1.6,59,14.4,rain,43,50.6,True,hilly,7.1,77.0,447.8,2085,38.14
35.2,63,71.7,none,17,81.5,True,hilly,7.7,51.3,264.3,1799,27.47
-23.8,13,79.3,none,75,70.7,True,flat,1.1,89.9,536.6,1823,65.0
5.8,62,30.7,none,86,41.2,True,flat,9.5,77.4,512.6,1630,29.76
34.3,85,50.5,rain,47,34.2,True,flat,9.3,67.1,454.0,2429,27.49
33.3,75,62.3,snow,42,91.1,True,flat,6.5,49.0,308.7,2156,27.8
-19.0,22,31.4,rain,69,61.3,True,flat,1.6,54.4,346.4,1769,61.37
-4.3,63,12.9,snow,17,31.6,True,hilly,5.7,74.7,377.2,2213,46.94
13.3,71,34.7,none,36,73.1,True,hilly,3.4,55.6,301.9,2353,25.12
-18.8,13,61.8,snow,43,60.7,True,flat,9.3,68.7,446.0,2201,65.0
37.8,87,62.5,none,57,87.7,True,flat,4.1,82.9,502.7,1779,15.37
34.0,92,18.4,snow,53,123.0,True,flat,6.9,99.2,612.7,1718,27.49
-18.3,87,14.0,none,29,60.8,True,flat,6.4,42.6,282.3,1607,63.36
-21.5,84,73.6,rain,59,129.7,True,flat,2.7,87.8,556.6,1902,65.0
-24.0,77,3.5,none,93,38.6,True,flat,5.4,47.7,278.4,2426,65.0
33.7,67,58.8,none,12,38.8,True,flat,4.1,96.6,671.3,1699,13.02
-16.4,71,3.7,none,71,101.3,True,flat,3.7,86.2,472.7,1980,48.74
-0.9,83,67.0,none,66,104.9,True,flat,8.6,63.9,362.8,1510,40.38
1.4,70,72.4,none,93,72.3,True,mountainous,1.4,70.8,448.2,2344,43.62
11.9,39,23.8,snow,68,58.6,True,hilly,4.1,80.6,440.4,2121,30.19
-25.0,44,5.9,none,66,109.4,True,hilly,0.1,73.7,424.4,1821,65.0
-14.1,91,38.5,snow,79,125.6,True,mountainous,2.6,98.8,630.6,1628,65.0
35.2,12,23.9,snow,34,129.0,True,hilly,6.2,99.9,567.1,2130,35.16
33.6,73,33.4,none,64,93.4,True,mountainous,0.9,43.4,222.1,2037,31.5
24.7,96,53.2,none,57,104.0,False,hilly,2.7,83.7,512.1,2484,14.32
-28.6,74,16.8,none,49,112.2,True,flat,8.8,84.8,554.7,1969,65.0
-7.1,99,28.6,none,17,109.9,True,flat,6.9,87.4,566.9,1658,38.86
14.0,72,62.6,none,36,129.3,True,flat,0.7,95.0,593.2,2347,20.85
-10.7,13,51.5,none,35,111.0,True,flat,9.9,75.6,493.7,2395,50.88
33.7,84,26.1,none,75,96.3,True,flat,9.5,55.3,298.4,1603,20.09
14.4,36,53.1,none,93,67.6,False,hilly,1.4,80.3,519.4,2327,9.08
-25.0,50,61.2,none,31,89.8,True,flat,9.2,59.4,302.8,1761,65.0
33.6,38,47.4,none,17,118.0,False,hilly,5.5,60.6,392.4,2038,17.75
37.0,34,19.2,rain,100,60.5,True,mountainous,9.3,76.8,391.7,2093,40.65
-24.6,49,0.0,none,72,33.1,True,flat,9.7,57.3,375.2,2395,65.0
7.3,44,64.2,none,90,62.7,True,flat,6.9,81.7,552.9,1658,24.24
-8.8,67,65.8,none,23,126.0,True,hilly,2.9,91.2,607.1,1520,56.16
-2.5,83,55.8,rain,82,109.4,True,flat,9.2,99.1,564.7,2097,41.17
-17.4,37,6.1,none,83,48.7,True,flat,5.7,50.1,348.2,2130,50.41
10.5,29,46.8,none,24,31.2,True,flat,3.4,67.3,406.4,2465,27.02
37.1,70,65.7,none,25,96.9,True,flat,4.6,84.4,486.2,1600,18.56
5.2,70,31.2,snow,37,87.9,True,hilly,4.1,74.6,460.1,1908,36.99
-24.2,91,15.8,snow,30,38.3,True,hilly,9.4,43.9,246.1,2211,65.0
13.4,11,47.0,none,98,126.6,True,flat,8.2,60.9,326.1,2056,24.12
-6.2,87,66.1,rain,43,91.8,True,flat,0.3,87.6,466.7,2454,38.19
29.9,57,3.9,none,79,95.2,True,flat,0.1,69.6,371.4,1589,19.26
0.4,66,47.8,none,82,115.4,True,flat,0.7,81.7,445.6,1646,33.87
-16.5,18,51.5,none,45,63.7,True,flat,6.1,78.4,531.2,2114,49.65
-16.6,49,48.2,none,71,85.8,True,hilly,8.1,96.6,561.2,2129,65.0
23.8,30,52.0,rain,20,87.6,True,flat,5.1,91.5,457.5,1966,22.32
-11.4,33,50.5,snow,46,126.7,True,hilly,5.3,60.6,340.0,2240,65.0
23.7,55,10.4,none,97,43.1,False,hilly,2.4,69.9,488.5,1835,8.74
-15.6,83,18.8,none,25,105.9,True,mountainous,4.6,68.6,443.9,1774,65.0
-7.5,77,49.5,none,45,87.5,False,hilly,2.6,56.7,340.9,1688,30.1
2.6,63,1.4,none,81,114.5,True,flat,2.7,77.3,406.0,2107,30.27
36.0,59,50.8,snow,70,113.2,True,hilly,3.9,55.6,328.9,2304,35.34
35.2,48,53.2,rain,67,31.2,False,flat,0.5,49.6,311.3,1530,6.37
-15.5,98,19.1,none,87,55.6,True,flat,9.5,46.6,318.8,1661,57.54
-4.9,60,47.9,none,13,48.1,True,hilly,9.1,57.2,342.2,2353,43.26
-19.5,33,42.7,rain,79,76.2,True,mountainous,8.0,68.4,416.9,1522,65.0
5.7,31,20.9,none,89,120.5,True,flat,5.7,46.9,288.0,1544,29.87
2.2,65,37.0,snow,11,30.5,True,flat,8.1,80.5,555.9,2015,39.92
33.1,57,72.8,none,60,78.8,True,hilly,9.7,92.2,523.6,1867,32.88
35.1,11,34.1,none,41,118.5,True,mountainous,2.8,65.6,441.1,2270,29.09
-3.2,85,50.4,none,15,122.6,True,flat,3.6,92.4,541.7,2152,34.04
4.4,73,2.8,none,48,95.7,True,hilly,7.3,49.1,318.0,1687,24.73
32.7,70,6.2,none,68,113.0,True,mountainous,6.4,44.7,266.4,1838,36.64
26.5,16,6.5,none,93,62.4,False,flat,8.2,88.8,542.6,1587,10.67
-29.7,43,62.3,rain,66,58.6,True,hilly,3.5,98.5,557.3,1594,65.0
-7.6,94,28.0,none,87,34.9,True,hilly,3.1,60.4,352.3,2481,44.54
-0.5,88,18.2,none,21,80.3,True,hilly,5.9,79.4,480.7,1539,37.06
-13.9,36,59.8,rain,29,75.6,True,flat,1.5,79.3,492.2,1682,56.18
-16.0,24,13.6,rain,97,67.2,True,hilly,0.4,81.1,465.7,1897,51.99
-27.4,50,19.7,none,90,41.3,True,flat,2.4,74.3,495.7,2092,65.0
15.0,42,34.5,rain,31,53.1,False,hilly,1.6,55.4,356.6,2453,12.13
-11.6,71,26.5,snow,66,50.4,True,flat,0.1,44.8,264.8,1889,52.82
-26.3,97,46.8,none,43,124.4,True,flat,7.8,40.8,264.1,1685,65.0
-13.8,43,27.0,none,52,126.6,True,hilly,5.4,50.8,254.8,1989,52.92
26.1,16,31.4,none,87,30.3,False,flat,6.7,47.2,292.0,2271,9.88
29.6,91,69.0,none,76,47.1,False,flat,1.6,42.3,255.9,1760,4.84
3.8,13,70.8,none,31,118.9,True,hilly,2.6,45.4,273.9,1669,40.44
-0.9,96,66.2,none,38,33.8,True,flat,0.6,42.9,266.4,2215,32.27
38.4,70,69.2,snow,36,124.3,True,flat,10.0,72.9,481.4,2021,32.86
-16.0,95,45.6,none,80,68.0,True,hilly,1.0,43.4,221.1,2184,58.77
-14.9,28,51.7,none,54,83.9,True,hilly,0.9,99.8,528.6,1865,50.31
-9.6,14,44.6,rain,96,106.4,True,flat,6.1,70.1,351.9,2314,43.43
-17.9,54,62.8,none,84,54.4,True,flat,3.3,94.1,515.1,1925,56.22
-3.4,51,44.1,none,29,40.1,True,flat,8.9,69.3,481.8,2157,34.86
33.8,40,8.9,none,81,111.0,True,flat,8.3,48.2,276.7,1883,20.57
13.1,96,64.8,none,56,128.5,True,flat,8.7,90.4,556.5,2069,33.0
-1.2,84,60.8,snow,33,95.9,True,flat,7.4,54.3,378.8,2066,42.58
35.4,70,65.6,none,43,112.5,True,flat,1.3,42.4,265.4,2298,20.97
-26.6,25,15.2,rain,97,124.1,True,mountainous,0.6,51.5,274.9,1598,65.0
-15.3,76,21.7,none,54,52.9,True,hilly,0.6,76.0,502.2,1726,50.1
9.6,75,23.7,rain,75,65.0,True,flat,8.0,66.1,403.3,1793,25.45
13.1,48,40.6,none,53,51.9,True,hilly,6.6,49.7,347.4,2007,21.81
-27.2,93,10.7,none,43,36.2,False,flat,9.8,72.0,468.6,2408,65.0
-1.8,25,30.8,snow,82,103.2,True,flat,6.4,97.2,679.3,2299,43.94
15.4,34,14.6,none,86,44.6,False,hilly,2.5,83.6,566.9,2338,9.38
18.9,16,21.2,none,16,39.3,False,hilly,0.9,44.2,236.9,1844,6.85
14.7,82,56.5,none,35,65.8,True,flat,3.7,59.2,384.5,1834,22.47
-7.6,66,68.4,none,56,36.1,True,mountainous,2.0,81.5,489.0,2197,55.2
-23.5,38,1.8,rain,38,48.0,True,hilly,6.3,48.4,254.6,2358,65.0
-0.1,25,45.3,rain,81,37.0,False,flat,1.0,72.3,443.7,2459,21.71
-21.0,14,2.9,none,20,117.7,True,flat,7.7,72.8,377.5,1863,65.0
36.3,25,6.8,snow,82,108.0,True,flat,7.0,45.3,295.6,2128,35.86
3.3,51,56.4,none,66,116.0,True,mountainous,7.4,76.4,437.0,2202,53.63
-7.8,32,58.8,none,36,116.8,True,flat,9.7,94.0,622.1,2403,50.91
23.6,33,65.1,none,41,124.5,True,flat,6.5,79.1,503.5,2237,16.87
4.9,89,37.9,none,26,48.7,True,hilly,7.9,94.9,641.4,1925,26.3
-8.3,56,68.8,none,33,120.0,True,flat,0.9,76.8,412.6,2268,39.56
26.8,76,13.3,none,75,82.5,False,flat,9.4,85.1,535.3,1949,10.83
30.7,13,20.0,snow,44,46.6,True,hilly,2.2,93.6,629.4,2491,26.54
17.1,43,10.8,none,72,95.6,False,flat,4.9,67.8,369.9,1865,10.96
-26.7,53,63.8,none,56,62.7,True,flat,9.6,49.5,324.9,1573,65.0
9.6,27,18.3,none,23,34.6,True,flat,1.8,47.2,262.7,2210,24.26
23.4,21,12.4,none,55,37.9,False,hilly,0.4,97.2,644.6,1799,6.02
-20.4,88,49.8,none,78,72.4,True,hilly,3.0,72.8,439.2,2206,65.0
-14.0,95,6.2,none,37,112.6,False,hilly,1.6,81.0,512.8,1576,40.11
31.8,17,3.6,none,68,61.1,True,hilly,6.7,76.7,440.2,2487,19.23
-28.6,41,8.5,none,28,106.6,True,flat,2.8,73.9,491.5,2296,65.0
22.7,96,0.0,rain,22,35.6,False,hilly,0.6,73.6,385.9,2188,8.89
3.2,17,55.8,snow,42,69.4,True,flat,8.9,68.4,368.4,2143,36.36
1.3,68,45.0,none,45,42.7,False,hilly,0.5,93.1,482.1,1641,18.88
-29.5,97,16.8,none,78,116.4,True,flat,2.7,47.3,326.0,1645,65.0
27.4,98,18.6,none,51,126.8,False,hilly,2.4,83.0,492.1,1577,16.79
-4.8,52,64.9,rain,17,62.6,False,mountainous,0.2,80.8,481.4,2264,42.33
7.9,25,40.1,none,67,128.9,True,flat,1.7,43.7,245.1,2214,29.49
17.4,28,55.9,none,52,105.2,False,mountainous,8.1,53.0,314.9,2365,28.72
19.2,90,36.2,none,40,30.1,False,flat,0.4,87.3,477.3,2150,1.8
36.9,92,19.0,rain,82,78.5,False,flat,0.2,54.0,373.0,1896,7.89
7.2,65,77.6,none,24,113.4,True,hilly,6.3,74.7,412.7,2401,38.72
-2.0,79,45.3,none,92,83.4,True,flat,0.9,45.0,308.4,2117,27.25
36.8,77,10.5,none,40,85.0,True,hilly,3.7,53.4,319.0,1547,26.96
14.9,70,32.5,none,51,74.8,True,flat,0.0,93.5,549.0,2398,20.73
-9.1,84,26.3,rain,94,69.5,True,flat,3.6,61.7,407.7,2373,37.01
-21.1,72,17.1,rain,79,32.7,True,hilly,3.2,88.4,529.2,2258,65.0
29.0,58,74.7,rain,17,92.2,False,flat,6.1,68.7,380.2,2428,12.92
-4.6,31,70.5,none,62,106.7,True,flat,5.0,59.3,348.3,1899,39.18
16.2,77,15.9,none,38,109.0,True,mountainous,6.8,74.0,435.0,2344,32.11
3.0,53,28.2,none,56,92.5,True,hilly,9.4,72.0,402.7,2433,36.88
-16.1,37,61.0,none,77,64.1,True,hilly,8.0,99.1,578.7,2291,61.58
12.1,82,16.7,rain,55,32.3,True,flat,9.3,60.7,317.9,2231,31.74
-25.8,73,47.3,none,16,119.6,True,hilly,0.5,79.2,545.1,1856,65.0
-1.1,94,56.0,none,58,72.9,True,mountainous,9.9,81.4,511.0,1839,47.84
8.3,25,52.3,snow,12,90.1,True,flat,3.2,77.6,417.9,2398,35.13
0.5,68,56.5,snow,41,49.5,True,hilly,2.8,68.8,452.3,1680,38.48
22.4,32,56.5,none,53,44.2,False,flat,4.0,87.0,481.4,1543,7.04
28.0,91,77.2,none,68,38.7,False,flat,7.8,86.1,533.1,2140,8.8
24.0,19,27.7,none,56,109.9,False,flat,9.5,97.5,666.1,1837,17.6
-27.3,69,70.3,snow,24,94.6,True,flat,5.5,98.6,644.0,2230,65.0
-16.4,81,1.7,none,94,92.1,True,flat,1.5,52.9,277.5,2497,45.05
7.6,42,23.1,snow,69,121.9,True,flat,2.1,79.3,482.9,1717,31.54
35.4,96,3.9,none,39,45.9,True,flat,4.1,91.4,586.3,1820,14.42
28.4,87,52.1,none,97,47.0,False,flat,3.7,97.7,528.2,2096,10.84
29.0,37,8.1,none,89,48.9,False,flat,2.4,48.6,252.6,2165,5.63
-8.8,11,67.7,none,23,72.3,True,flat,8.5,96.9,513.4,2493,49.47
0.1,37,51.7,snow,69,117.4,True,mountainous,2.8,53.5,370.8,1996,57.35
2.9,35,2.3,none,60,118.1,True,flat,5.9,74.3,497.4,1719,31.61
-19.0,90,57.2,none,27,89.1,True,hilly,4.8,79.3,532.3,2383,64.67
-27.8,97,69.0,none,31,95.8,False,flat,9.2,92.8,509.5,2210,65.0
36.3,16,52.9,rain,61,119.8,True,flat,6.3,88.2,539.6,2120,35.03
-13.2,52,2.4,none,39,92.4,True,flat,3.3,96.1,574.0,2365,45.49
-13.2,59,68.6,rain,85,53.0,True,mountainous,6.4,87.2,581.8,1576,65.0
-24.2,18,58.6,none,19,100.5,True,hilly,3.2,60.3,352.5,1955,65.0
35.0,44,30.3,none,92,107.0,True,flat,0.9,50.7,308.2,2389,12.89
10.6,39,26.3,none,86,93.5,True,flat,4.9,49.3,304.0,1583,28.22
16.7,58,38.4,none,76,57.4,False,hilly,8.6,45.3,259.9,2073,15.14
33.8,70,69.4,none,34,70.0,True,flat,9.1,95.9,486.2,1811,20.88
-5.8,73,20.2,snow,74,77.1,True,mountainous,5.4,69.2,414.4,2066,63.39
13.5,22,8.1,none,49,44.5,True,hilly,7.0,97.9,586.2,1596,25.56
-27.3,83,69.2,none,67,75.2,True,hilly,6.1,86.5,439.5,2041,65.0
-16.9,71,2.1,none,38,46.1,True,flat,8.1,97.2,580.7,2012,51.92
28.2,90,72.9,none,85,79.9,False,flat,1.0,92.1,554.7,1565,6.01
23.7,50,24.5,rain,14,35.1,False,mountainous,4.0,75.0,395.2,1734,23.58
-5.5,90,40.7,rain,72,124.9,True,flat,2.5,53.5,283.2,1634,42.12
-3.6,88,10.6,none,85,54.6,True,flat,0.1,55.2,379.7,1975,27.86
7.3,49,72.2,none,68,76.7,True,hilly,8.3,62.3,335.1,1784,35.9
-30.0,44,60.0,none,27,33.3,False,flat,1.3,41.5,233.2,2018,65.0
-13.1,94,73.9,none,36,49.3,True,hilly,3.2,80.0,447.7,2064,46.17
-15.4,74,54.7,none,56,99.3,True,mountainous,8.7,73.3,463.0,1508,65.0
-12.5,94,14.8,rain,40,41.2,True,flat,7.2,46.1,289.4,2370,50.85
26.4,82,24.7,none,10,92.8,False,flat,5.7,89.5,610.8,1647,9.34
-10.4,65,38.9,none,14,30.2,False,flat,3.1,89.4,518.8,2342,25.66
-16.6,20,48.6,none,79,76.5,True,flat,5.2,47.1,309.1,2044,50.68
5.3,36,74.1,none,18,102.1,True,flat,0.6,52.2,300.6,1729,30.61
30.6,97,30.7,none,94,122.6,True,flat,7.3,55.0,301.5,2281,25.2
-13.1,39,56.2,none,50,79.3,True,flat,2.4,71.5,485.2,2145,43.31
-24.5,18,76.9,rain,78,114.1,True,flat,4.8,96.7,577.0,2153,65.0
-5.1,74,12.2,none,21,110.3,True,hilly,0.9,79.9,462.0,1811,40.67
22.3,76,69.0,none,93,59.6,False,mountainous,7.1,80.9,550.8,1903,28.51
8.5,36,33.7,rain,13,117.5,True,flat,9.0,57.5,395.4,2036,30.92
27.2,37,58.6,rain,14,94.0,False,hilly,4.6,77.4,457.2,1870,20.48
37.2,52,23.5,none,15,40.4,True,flat,0.8,52.7,265.5,1864,15.98
25.5,12,26.7,none,19,123.9,False,flat,9.5,82.7,418.7,2344,16.61
12.3,81,2.2,rain,54,47.7,True,hilly,4.5,54.1,336.3,2463,26.14
4.5,39,77.7,none,81,77.0,True,flat,0.8,40.8,273.8,1981,24.95
-27.2,87,65.1,none,36,76.6,True,flat,1.9,71.4,482.1,2365,65.0
38.9,82,7.5,none,77,92.5,True,flat,1.2,57.9,393.7,2300,12.87
-3.2,70,80.0,snow,80,96.5,True,flat,2.0,77.7,514.2,1988,45.62
-19.3,39,48.4,none,92,53.3,True,flat,1.6,84.8,571.7,2162,56.52
16.7,56,68.3,none,23,65.2,False,flat,9.2,88.8,593.7,1565,12.46
-10.1,50,5.3,none,22,44.5,True,flat,2.1,98.9,660.6,2143,39.69
11.0,40,31.2,rain,21,42.6,True,flat,4.4,73.3,414.7,1744,22.51
11.1,86,53.6,none,42,112.5,True,flat,7.3,68.9,399.0,2438,33.41
1.2,54,8.5,rain,54,105.1,True,flat,6.8,54.7,308.4,2168,31.31
28.5,85,39.1,none,52,74.3,False,hilly,9.6,84.8,450.3,2121,14.88
-11.5,19,35.4,none,33,39.6,True,flat,9.7,69.0,390.6,2405,50.87
1.4,23,17.3,rain,66,75.0,True,mountainous,5.7,59.6,406.3,2247,41.69
7.6,98,24.0,none,40,59.4,True,flat,7.5,65.9,457.7,1919,25.22
16.5,63,77.4,snow,43,107.8,False,flat,3.9,62.2,329.9,2288,20.25
24.9,56,23.1,rain,19,39.7,False,flat,4.3,98.7,624.2,2431,8.78
-2.4,57,17.1,snow,63,75.1,True,hilly,1.0,53.6,371.5,2444,42.76
15.2,29,42.9,rain,69,89.1,True,hilly,6.7,64.9,351.2,1750,33.26
-19.5,75,53.7,rain,78,128.6,False,mountainous,2.7,58.4,390.4,2049,65.0
35.3,18,58.0,none,91,39.0,True,flat,0.8,50.3,281.3,2295,17.15
-3.2,62,60.3,none,79,41.4,True,flat,1.0,58.0,337.4,2480,36.71
21.1,61,2.9,none,31,128.8,False,hilly,7.2,69.4,473.9,1589,22.89
-28.6,92,31.5,none,31,70.6,True,hilly,2.3,77.9,398.5,2271,65.0
-15.6,57,61.9,rain,92,104.4,True,flat,7.7,77.0,454.1,1951,61.4
4.1,22,72.4,none,81,108.3,True,hilly,9.1,86.4,519.2,2342,40.28
31.5,62,48.2,none,80,61.5,True,hilly,3.4,44.3,301.2,2251,23.5
6.9,18,4.2,rain,75,51.4,True,flat,7.9,58.9,361.9,1951,23.56
35.1,28,31.7,snow,34,57.6,True,flat,4.3,61.2,421.4,2426,20.29
3.9,13,5.9,rain,86,106.4,False,flat,7.7,81.5,459.5,1867,21.58
4.3,56,59.9,rain,23,114.0,True,hilly,3.1,52.5,314.0,1895,40.17
-21.6,18,5.1,none,42,100.0,True,flat,9.3,52.9,266.7,2256,65.0
26.2,52,14.9,rain,41,74.1,False,flat,9.9,45.7,319.0,1765,13.34
-12.7,94,33.4,none,60,56.3,True,flat,3.9,72.0,393.6,2274,42.74
33.0,75,37.0,snow,52,72.5,True,hilly,2.0,83.6,573.3,2298,33.04
33.8,17,32.5,none,51,121.5,True,flat,6.9,81.9,474.8,2224,29.83
36.0,30,37.1,rain,60,116.3,True,hilly,5.8,84.6,450.8,1876,31.76
6.4,71,57.1,none,47,62.3,True,hilly,9.9,50.2,293.0,1970,36.32
17.4,91,29.5,none,32,62.8,True,hilly,8.1,75.2,424.7,2055,23.46
24.5,13,43.8,rain,70,108.0,False,hilly,8.4,45.6,314.8,1628,19.49
-20.8,83,24.3,rain,81,72.7,True,hilly,7.3,98.0,641.2,1870,65.0
12.1,61,28.3,rain,53,87.3,True,flat,3.5,46.3,250.7,1663,24.07
-27.6,59,49.1,none,68,72.2,True,flat,9.4,92.7,563.4,1777,65.0
4.8,96,39.2,none,58,54.2,True,flat,4.7,42.3,268.2,2401,17.77
-19.2,77,57.8,none,15,48.9,True,flat,4.0,71.9,442.6,1556,56.94
-17.2,87,44.8,none,48,44.0,True,flat,1.9,91.2,623.0,2054,55.77
-4.4,42,64.3,none,11,31.1,True,flat,3.0,78.1,408.0,1935,33.87
0.3,60,35.5,rain,70,58.1,True,hilly,0.0,69.6,353.8,2169,38.75
13.6,65,39.3,none,56,47.1,True,flat,6.6,47.6,296.5,2463,23.59
-24.8,39,53.6,rain,21,55.8,True,flat,6.1,79.6,516.4,1958,65.0
5.3,61,17.7,none,59,37.6,True,hilly,4.0,76.1,504.0,2005,29.04
-17.2,31,30.9,none,91,64.2,True,hilly,9.7,67.5,366.1,1620,65.0
10.2,23,50.0,none,41,82.0,True,flat,6.9,54.1,291.1,2411,32.18
14.6,44,2.3,rain,98,124.5,True,flat,2.4,53.2,355.3,1889,21.23
9.0,77,35.0,rain,96,64.7,False,flat,3.8,98.2,557.3,1542,19.4
21.7,92,47.9,none,81,33.1,False,flat,5.2,97.9,618.7,2030,6.8
-6.5,51,77.4,none,83,66.2,True,hilly,5.5,96.2,510.1,2345,48.53
23.6,68,70.2,none,47,111.7,False,flat,2.8,71.0,468.5,2091,11.47
0.3,19,22.5,rain,46,64.0,False,hilly,2.5,99.3,687.3,2099,27.24
3.9,91,40.6,rain,96,59.2,True,flat,3.0,57.8,401.6,1522,24.55
15.4,61,4.5,none,43,121.9,False,flat,9.6,65.6,396.2,2471,15.79
-28.7,80,19.3,none,19,59.7,True,flat,3.6,50.5,276.4,1906,65.0
15.8,81,62.0,none,24,127.0,False,flat,3.7,67.8,358.4,1642,17.1
13.3,33,9.9,none,74,113.3,True,flat,7.2,51.1,280.6,1640,27.89
-8.3,58,20.6,none,44,98.4,True,hilly,1.6,44.0,274.5,2168,46.5
-24.0,96,75.5,none,28,89.8,True,flat,6.4,40.6,238.4,1932,65.0
-23.6,18,65.9,none,83,52.5,True,hilly,6.7,62.7,373.4,1554,65.0
34.6,71,62.5,none,54,103.0,True,hilly,0.6,93.9,558.3,1586,24.33
18.2,97,69.2,none,61,64.7,False,flat,1.9,66.2,436.3,1926,7.61
-21.1,37,60.0,none,24,78.6,True,flat,4.7,78.7,524.6,2296,62.23
-5.0,88,9.6,none,27,40.4,False,hilly,8.4,89.1,447.9,1642,33.44
11.5,94,41.3,none,21,59.6,False,flat,7.3,73.2,500.3,1614,16.16
28.5,77,35.5,none,56,82.9,False,flat,8.7,73.8,426.3,1972,12.93
-26.9,31,24.9,none,80,76.8,True,mountainous,8.5,71.4,391.6,2024,65.0
-13.4,40,66.7,rain,76,64.4,True,flat,5.1,47.5,332.2,2013,53.22
32.3,13,37.1,snow,34,77.2,True,flat,6.2,78.1,409.8,2003,32.24
-29.4,85,4.8,none,87,104.5,True,hilly,9.2,83.4,470.5,2390,65.0
-15.9,86,22.0,none,20,75.9,True,flat,7.4,40.0,272.7,1892,50.22
37.1,67,18.3,rain,20,80.6,True,mountainous,3.6,45.0,267.8,1534,41.73
12.9,42,71.0,snow,86,100.1,True,mountainous,3.5,72.5,496.7,1510,37.77
-11.7,17,51.8,none,32,114.2,True,flat,3.7,90.3,495.3,1903,47.82
-25.3,78,44.8,none,74,82.7,True,flat,5.0,72.0,418.6,2394,65.0
-28.0,75,40.5,rain,11,124.8,False,flat,3.6,66.1,337.2,2212,65.0
-12.9,92,52.0,none,18,65.3,True,flat,1.9,96.2,568.4,2070,38.63
31.7,76,60.4,snow,65,55.3,True,flat,5.9,44.6,222.9,2202,28.97
-0.9,85,44.4,none,26,99.3,True,flat,8.7,48.3,272.1,1667,46.89
20.4,77,75.1,rain,13,47.6,False,flat,4.9,81.1,521.5,1799,10.8
34.3,67,78.1,none,52,120.0,True,flat,2.2,46.5,300.0,2291,25.47
-1.4,48,79.6,none,40,68.7,True,hilly,8.1,48.1,281.7,1511,41.85
-16.6,91,53.6,snow,82,99.8,True,mountainous,7.6,92.3,464.0,1805,65.0
6.2,69,74.6,none,84,87.0,True,flat,7.0,52.6,276.8,2451,32.38
33.6,46,32.4,none,65,35.4,True,flat,6.7,77.3,424.2,2111,17.96
26.3,18,68.8,rain,36,100.9,False,flat,7.8,63.8,321.1,2231,14.96
-25.4,36,72.7,none,52,109.0,True,mountainous,8.3,48.2,261.9,1896,65.0
18.5,59,72.3,none,73,128.2,False,flat,9.0,63.2,382.0,1603,19.71
10.0,35,66.5,none,16,71.6,True,mountainous,6.1,65.0,341.2,2182,38.27
33.5,30,32.5,none,40,80.3,True,hilly,3.9,77.7,523.2,1924,20.06
-21.4,57,12.7,rain,84,117.5,True,flat,0.9,49.2,252.0,1644,65.0
7.4,25,26.7,rain,47,56.9,True,flat,7.2,42.2,276.8,2397,24.29
31.6,82,61.4,none,66,48.9,False,flat,1.4,76.4,450.0,1752,7.6
-1.3,54,18.6,none,19,43.3,True,flat,8.7,43.9,273.5,1848,37.89
3.7,62,38.3,none,80,127.8,True,flat,4.1,49.2,293.8,1709,36.7
-25.1,23,45.2,rain,19,57.0,True,flat,8.8,98.9,579.1,1892,65.0
-10.5,39,48.3,rain,88,105.7,True,hilly,5.2,41.4,263.1,2111,54.65
-7.3,47,74.9,snow,20,75.0,True,flat,4.5,78.5,428.4,1707,47.4
36.2,83,52.9,snow,90,54.1,True,flat,3.6,48.3,288.7,1859,24.53
-10.2,79,62.9,none,43,121.3,True,flat,0.6,89.3,590.5,1513,45.57
2.3,30,46.6,none,66,76.4,True,flat,0.1,74.9,397.8,1659,21.68
17.0,65,66.7,none,86,86.6,False,flat,5.1,68.3,354.4,2407,11.18
-18.6,32,21.1,none,11,52.2,True,flat,9.0,67.6,419.8,2135,58.58
4.1,99,16.8,none,34,62.4,True,flat,5.9,80.3,556.0,2004,32.89
21.7,96,74.1,rain,92,104.8,False,hilly,8.6,90.3,529.1,2015,27.22
30.7,61,55.5,none,45,64.3,True,hilly,10.0,40.4,267.9,2142,30.45
13.8,73,53.7,none,74,80.6,True,flat,1.8,41.2,244.8,1711,23.01
16.8,82,37.4,none,23,41.4,False,flat,6.6,56.3,308.2,1534,9.48
-21.2,75,30.1,rain,71,115.0,True,flat,4.2,84.3,503.3,1910,65.0
36.2,73,44.5,none,17,103.8,True,flat,2.1,51.6,303.8,2409,14.71
-20.7,96,9.6,none,75,106.1,True,flat,2.4,64.4,354.5,2011,54.72
24.2,64,36.4,none,39,47.8,False,flat,2.4,70.5,402.0,2383,6.97
-11.5,67,36.4,rain,52,79.5,True,flat,7.3,62.4,360.8,1626,55.07
35.4,86,43.1,none,25,32.8,True,flat,3.6,67.9,456.0,1773,10.7
20.4,70,50.8,snow,67,61.5,False,hilly,2.6,87.9,493.7,2140,13.37
22.8,76,76.6,none,40,64.8,False,flat,8.9,53.8,368.2,1523,17.7
-14.7,31,52.2,snow,45,121.4,True,mountainous,0.3,59.6,299.6,1650,65.0
1.0,43,70.7,rain,69,129.3,False,flat,7.4,71.6,376.4,1610,29.66
13.2,23,44.5,none,26,91.8,True,flat,9.6,91.9,464.5,2017,22.84
23.9,56,50.2,none,87,81.7,False,hilly,6.3,52.3,341.9,2382,14.33
-22.7,51,5.6,none,77,74.0,True,flat,5.5,71.5,375.2,1503,64.98
37.4,100,10.7,rain,62,31.8,True,flat,0.6,92.5,569.0,1556,17.72
32.3,65,46.4,none,22,110.0,True,flat,5.0,46.8,306.5,2164,24.33
-11.1,81,31.7,none,72,97.2,True,flat,3.6,83.3,497.9,1868,45.84
27.6,40,63.9,none,12,94.9,False,hilly,7.8,53.4,277.6,2393,19.15
6.3,85,43.5,rain,82,110.9,True,flat,8.1,50.4,336.5,2038,39.52
2.3,65,70.6,none,37,122.8,True,mountainous,1.7,54.2,293.3,1560,41.65
-8.0,73,77.8,none,21,69.0,True,flat,5.2,70.2,364.1,1507,43.82
10.7,36,11.8,none,25,72.6,False,hilly,8.6,76.2,498.0,1939,19.57
21.1,59,31.6,none,97,127.5,False,hilly,6.2,51.7,261.2,1897,21.0
-1.2,67,53.2,none,80,96.4,True,flat,4.8,46.7,291.3,1981,32.13
14.0,63,24.4,rain,31,115.1,True,hilly,9.0,67.2,392.3,1930,33.45
19.0,92,21.4,none,97,52.2,False,flat,9.7,43.4,255.0,2102,10.21
19.8,91,65.1,none,23,61.7,False,flat,2.4,72.3,478.1,2401,10.29
-26.4,97,78.4,none,76,69.2,True,flat,1.8,81.0,412.4,2256,65.0
30.2,70,61.9,snow,69,61.7,True,mountainous,8.6,96.7,627.2,2029,42.4
2.1,97,41.9,none,84,118.4,True,flat,2.4,48.6,311.4,2027,37.05
-11.6,85,35.4,snow,44,81.2,True,mountainous,8.5,66.0,447.4,2483,65.0
-13.1,34,43.2,none,46,125.4,True,flat,3.0,55.4,341.0,2442,49.17
3.8,48,37.0,none,66,62.1,True,hilly,0.2,53.1,282.4,1657,24.36
32.1,31,40.2,rain,46,33.7,True,flat,4.2,71.2,362.5,2136,20.03
-3.5,10,16.3,none,14,43.8,True,flat,0.4,48.6,286.0,1812,27.83
22.5,27,72.3,rain,76,51.7,False,hilly,2.1,40.9,263.6,1699,14.02
-23.2,10,60.4,rain,68,94.0,True,flat,4.8,49.7,252.8,2442,65.0
3.3,75,54.5,none,48,48.1,False,hilly,0.4,60.1,330.5,1586,16.34
39.4,48,76.0,none,37,68.1,True,hilly,0.3,40.7,266.0,1527,14.91
23.9,38,22.8,none,39,109.5,False,hilly,1.6,91.4,499.3,1971,16.79
-15.3,79,6.5,rain,77,42.5,True,hilly,4.6,75.0,432.3,2036,51.26
5.1,85,66.1,none,76,38.0,True,flat,9.7,41.6,270.3,1607,34.64
-13.6,98,79.9,none,84,84.0,True,flat,0.9,53.7,314.8,2447,46.93
-1.3,68,46.3,none,79,99.8,False,hilly,6.2,79.9,522.5,1592,31.14
24.6,52,4.7,snow,78,121.1,False,hilly,5.0,41.8,231.6,2222,27.94
24.0,37,62.4,none,33,96.2,False,flat,0.6,62.6,433.1,1865,7.53
-14.0,30,5.9,none,19,124.6,False,flat,0.3,45.8,237.6,1763,36.81
34.6,29,43.2,none,79,54.5,True,flat,2.2,63.5,412.9,1711,19.83
11.5,47,22.2,rain,19,64.2,True,flat,6.8,98.1,505.0,1676,26.32
-3.4,99,73.2,none,98,113.9,True,flat,9.6,67.3,450.3,2028,43.47
5.1,10,36.1,none,89,111.1,True,flat,5.6,76.8,405.1,1545,33.26
12.4,28,71.9,none,58,96.5,False,hilly,0.5,64.5,398.2,2270,18.08
9.2,27,23.9,none,42,80.6,True,flat,2.6,58.9,333.8,1733,18.19
4.0,75,31.0,none,57,31.8,True,flat,9.4,76.6,475.9,1934,25.42
5.3,42,75.8,none,76,58.0,True,hilly,0.1,77.2,393.6,1580,28.97
-17.7,51,16.1,none,78,45.8,True,flat,6.0,76.9,520.2,1970,59.15
26.9,23,46.3,none,17,35.1,False,flat,1.8,41.6,267.5,2127,5.26
7.9,46,31.1,none,82,107.6,True,flat,0.7,81.8,465.5,1549,18.33
-20.8,19,61.9,none,68,43.1,True,hilly,2.5,80.6,478.6,2368,65.0
23.6,58,10.3,rain,14,65.7,False,flat,9.4,44.2,276.4,1799,11.56
35.3,19,35.0,none,38,127.7,True,flat,7.6,51.4,320.6,1840,28.82
36.3,81,55.9,none,56,70.9,True,hilly,1.7,71.2,447.2,1666,27.08
-4.2,61,32.6,none,27,44.2,True,flat,0.7,61.6,327.3,2384,32.26
-20.5,75,4.7,none,24,99.0,True,hilly,4.9,74.6,491.1,1846,65.0
6.3,48,56.4,rain,11,111.0,False,flat,0.5,85.6,506.9,1798,16.78
-22.1,44,40.3,none,92,57.9,True,hilly,4.0,72.9,481.1,2220,65.0
35.4,19,0.9,none,15,110.9,True,flat,8.0,67.5,463.1,1816,22.55
-17.1,57,49.0,rain,43,57.2,True,flat,5.0,55.8,290.6,1962,64.06
-12.3,56,73.6,rain,29,99.3,True,hilly,9.0,76.9,439.4,2500,65.0
-1.5,52,8.9,rain,77,42.5,True,flat,7.9,89.6,543.4,1990,36.24
-3.2,77,47.3,none,74,72.8,True,flat,5.6,55.7,293.8,1963,28.69
25.6,85,58.3,none,83,82.0,False,hilly,7.9,87.3,481.7,2298,14.66
1.9,78,5.7,snow,66,102.5,True,flat,0.9,65.1,331.7,1543,33.34
-18.0,23,1.8,snow,63,95.0,True,flat,2.0,46.7,297.2,1876,60.76
-11.3,66,37.1,none,47,115.3,True,flat,7.0,94.6,567.1,2201,51.62
5.6,17,63.3,rain,67,48.4,True,hilly,0.1,80.9,409.5,2412,27.1
-19.7,73,12.9,none,20,96.1,True,flat,0.0,90.5,507.2,2149,56.15
12.8,44,66.9,none,72,42.8,True,flat,3.8,79.3,461.2,2030,21.8
9.6,22,52.5,none,19,77.8,True,flat,8.7,47.4,269.5,1961,29.44
20.0,88,26.6,none,88,82.5,False,flat,9.8,72.5,365.1,1979,9.66
35.6,65,41.3,none,56,32.7,False,flat,6.5,78.0,435.0,1971,6.82
33.9,42,77.2,none,58,37.0,True,flat,9.5,55.7,287.4,2439,23.59
36.2,13,17.3,none,63,113.9,True,flat,8.5,77.9,390.2,2310,16.89
-12.9,58,40.0,none,80,58.7,False,flat,2.0,74.0,422.3,1824,31.35
-20.8,93,50.0,none,53,64.6,True,flat,4.0,41.3,238.4,1561,61.94
-8.8,64,11.0,rain,48,94.0,True,flat,6.2,93.0,634.8,2184,51.21
32.7,97,3.5,none,36,52.1,True,hilly,1.5,72.0,378.6,2229,20.2
38.0,22,1.1,rain,22,49.3,True,hilly,3.1,75.1,480.5,2272,18.17
30.2,61,26.0,none,27,72.2,True,flat,7.6,49.1,271.3,1733,19.73
-22.3,82,5.9,rain,10,35.9,True,flat,3.4,88.2,529.0,2137,61.43
36.3,57,64.3,none,88,121.7,True,hilly,9.3,71.9,421.4,2139,34.69
-0.4,18,79.8,rain,79,124.0,True,hilly,4.1,45.3,270.4,1611,42.21
-29.3,62,4.9,none,30,74.8,True,hilly,2.2,82.1,535.4,2274,65.0
1.0,65,34.6,none,10,50.9,True,flat,2.1,69.3,349.2,2092,24.89
-26.8,76,2.1,none,54,77.1,True,flat,6.9,60.1,340.0,1998,65.0
8.1,79,10.7,snow,47,40.0,True,flat,3.7,95.3,541.3,1540,29.72
-6.3,79,25.8,rain,80,69.8,True,hilly,2.4,89.3,463.3,1958,39.75
3.1,70,31.5,none,46,37.4,True,flat,6.9,42.6,213.7,2351,24.78
12.9,29,75.2,none,88,100.6,True,flat,4.2,81.9,527.4,1872,20.65
30.8,46,31.7,rain,19,57.6,True,hilly,8.5,50.3,340.5,2480,30.11
16.3,80,39.7,snow,43,82.1,False,hilly,5.5,41.0,230.5,2287,26.55
0.4,96,19.6,none,94,31.4,True,hilly,9.7,53.1,335.0,2324,34.19
27.4,17,0.0,snow,11,82.5,False,flat,3.7,42.9,299.6,2088,15.65
33.4,58,71.9,none,45,30.3,True,mountainous,2.8,78.3,417.2,1781,30.94
-21.6,38,6.5,snow,33,122.5,True,hilly,6.4,85.4,474.5,1902,65.0
7.2,30,77.1,rain,58,80.1,True,hilly,7.1,50.7,336.4,2118,31.75
-10.1,56,10.5,none,35,40.0,False,flat,0.2,52.6,263.1,2385,25.6
-26.7,65,48.4,none,88,64.1,False,mountainous,6.7,48.0,297.2,2227,65.0
16.8,11,80.0,none,94,34.6,False,flat,1.8,73.7,439.2,1860,4.64
30.4,80,11.1,none,86,83.1,True,flat,9.6,69.4,446.8,1758,18.68
-18.6,84,33.9,snow,46,42.2,True,flat,5.8,40.4,244.6,2134,59.95
26.9,97,62.4,rain,99,77.3,False,hilly,1.3,62.2,375.1,1581,12.59
29.7,26,2.6,none,76,60.6,False,hilly,0.5,45.3,290.7,1875,7.77
34.0,64,55.2,snow,42,106.2,False,mountainous,8.8,74.7,455.9,1751,34.85
-11.4,48,6.4,none,18,78.2,True,flat,8.5,68.4,477.1,2370,51.59
33.3,40,18.9,rain,70,114.8,True,flat,4.3,67.5,431.9,2156,21.86
-7.6,61,12.8,rain,76,124.1,True,hilly,0.9,84.1,556.3,1621,49.53
8.7,80,72.6,snow,21,127.0,True,flat,3.9,67.6,394.9,2011,41.63
-26.5,12,14.4,none,59,56.0,False,flat,7.6,69.2,478.4,2289,65.0
-26.9,97,3.2,none,99,106.8,False,flat,6.6,78.0,459.7,1610,65.0
20.4,83,47.0,none,39,73.8,False,flat,8.7,58.1,330.6,2072,12.18
1.1,78,27.7,none,37,72.6,True,hilly,7.5,96.2,662.0,2258,39.29
-12.1,78,32.5,none,91,116.8,True,flat,3.3,56.9,327.3,1709,42.73
-16.7,45,9.5,rain,21,44.6,True,flat,3.4,94.8,543.5,2429,52.46
16.9,78,59.9,none,94,77.8,False,flat,6.5,88.8,542.9,2052,12.74
-30.0,45,48.1,none,80,89.3,True,hilly,3.1,94.4,632.2,2132,65.0
26.4,91,29.1,none,45,36.6,False,flat,8.7,51.0,288.7,1853,8.44
-24.5,26,13.7,none,18,116.5,True,hilly,3.3,53.9,358.8,2274,65.0
-16.6,36,47.5,none,12,61.4,True,mountainous,4.9,90.9,484.0,2099,65.0
-3.0,60,62.3,none,44,95.7,True,mountainous,0.4,97.4,520.8,2418,47.33
3.9,39,25.0,none,73,122.8,True,flat,1.2,85.2,502.8,1985,26.8
-5.2,48,2.1,none,54,102.0,False,flat,1.3,78.3,432.6,2107,25.51
-7.6,54,17.1,none,76,118.6,True,hilly,3.4,88.6,528.6,2075,51.23
37.5,87,54.6,none,70,37.0,True,hilly,1.2,42.5,213.5,2078,22.26
14.9,57,79.1,rain,62,79.3,True,hilly,4.6,91.3,506.8,2214,30.24
-28.4,43,1.1,rain,97,86.5,True,flat,2.7,56.9,392.1,1605,65.0
0.1,32,24.5,none,76,98.9,True,flat,2.7,43.4,293.3,2103,33.33
31.3,47,5.0,none,92,41.7,True,flat,4.5,80.9,409.1,1918,17.31
-8.9,56,25.3,snow,32,95.7,True,flat,8.5,85.2,562.8,1951,55.18
-23.4,77,32.5,none,74,44.6,True,hilly,7.6,77.6,457.1,1934,65.0
23.1,21,73.7,none,64,36.8,False,flat,8.8,61.0,404.7,1611,12.39
12.4,30,6.4,none,93,76.9,True,hilly,9.9,47.0,261.5,1515,35.17
9.9,44,62.2,rain,56,90.0,True,flat,0.1,86.1,525.5,1607,26.12
-26.2,42,31.6,snow,35,125.8,True,hilly,6.9,42.8,298.7,1935,65.0
-20.2,45,64.9,none,45,99.9,True,mountainous,1.2,85.6,483.8,1878,65.0
13.6,81,41.1,none,30,89.1,True,hilly,9.4,97.4,659.7,1642,32.13
-15.5,39,3.1,none,30,51.5,True,flat,2.3,99.8,674.2,2224,43.14
5.3,55,75.7,snow,52,45.2,True,flat,3.5,63.8,338.5,2215,33.29
8.1,66,6.6,rain,90,90.7,True,hilly,9.8,46.5,255.3,2411,39.65
-10.2,31,47.8,none,27,52.3,True,mountainous,8.7,45.7,240.0,2348,56.02
36.4,75,70.2,rain,36,100.7,True,flat,0.5,69.5,387.5,2328,17.35
29.0,59,6.4,none,87,41.4,False,hilly,0.5,87.5,529.2,2302,6.74
20.6,50,44.3,none,41,64.0,False,flat,8.2,42.9,293.9,2382,10.19
-24.5,83,65.9,none,97,107.3,True,hilly,0.7,50.1,290.2,2014,65.0
-22.6,32,78.9,none,34,113.1,True,flat,8.5,75.3,525.4,1578,65.0
4.5,89,57.9,none,50,64.5,True,flat,9.2,45.1,261.7,2067,25.96
-18.8,60,22.3,rain,19,50.7,True,hilly,0.2,92.7,572.7,2347,60.94
38.5,65,56.0,none,99,125.8,True,flat,2.2,70.2,486.4,1595,16.97
-18.9,89,56.5,none,90,106.1,True,mountainous,0.2,63.2,392.1,2320,65.0
4.1,84,56.0,none,84,110.7,True,hilly,0.7,40.8,235.5,1638,38.63
-4.5,64,68.3,none,24,52.3,True,hilly,5.3,46.8,283.1,1526,38.36
14.8,78,7.0,none,97,72.4,True,hilly,7.3,89.7,545.8,2202,20.47
-21.0,49,8.7,none,94,36.8,True,flat,4.8,81.9,426.9,2145,65.0
0.1,59,51.2,none,49,40.9,True,hilly,3.9,41.2,239.5,2378,30.14
-10.8,16,76.3,none,71,52.1,True,mountainous,2.1,98.4,595.8,2163,54.72
32.1,18,37.3,none,99,60.3,True,hilly,2.4,61.2,401.4,1763,18.47
-27.2,85,76.8,none,47,129.7,True,flat,5.8,76.4,382.8,2421,65.0
34.0,15,75.0,none,20,72.2,True,hilly,8.6,83.4,552.5,2403,30.21
28.3,25,72.2,none,88,99.8,False,flat,4.0,97.4,539.6,2443,13.91
-9.2,82,72.8,none,53,120.4,True,hilly,9.4,93.4,600.8,2239,55.46
25.3,10,71.9,rain,99,54.6,False,mountainous,0.5,75.8,496.4,2370,21.89
-27.8,35,65.6,rain,60,44.5,True,flat,8.3,48.4,325.0,1741,65.0
37.7,63,55.6,snow,13,54.3,True,flat,3.4,90.7,626.2,2085,21.24
6.9,64,2.0,none,54,118.2,False,flat,8.7,89.0,605.2,1768,19.85
-8.8,80,10.6,none,75,96.6,True,flat,9.2,78.3,491.0,1827,46.61
-4.6,56,10.7,rain,12,75.1,True,flat,7.0,99.4,640.9,2327,44.24
-25.4,56,1.9,none,47,112.0,True,flat,3.6,71.7,459.2,2211,65.0
39.3,75,9.3,none,24,53.7,True,mountainous,4.6,52.8,318.8,2426,28.41
-27.2,55,73.6,rain,68,53.9,True,hilly,5.5,55.2,361.0,2282,65.0
15.8,65,53.1,none,96,86.7,False,flat,4.6,64.4,380.3,1791,9.88
1.0,91,25.0,none,66,109.0,True,flat,7.9,65.4,434.0,2382,38.25
36.4,46,63.5,rain,73,56.0,True,hilly,7.7,89.9,583.0,1576,31.99
-12.8,45,39.1,rain,46,51.0,False,flat,0.1,93.2,557.4,1582,34.59
7.2,10,11.4,rain,61,77.4,True,mountainous,1.5,63.0,379.6,1773,37.13
3.8,65,70.8,none,59,43.4,True,mountainous,3.6,96.7,607.6,2305,44.93
19.2,13,27.1,rain,78,104.8,False,flat,6.7,95.7,542.2,2427,14.68
-25.2,55,55.9,rain,87,87.7,False,hilly,2.3,64.6,395.1,2146,65.0
-16.4,82,23.2,rain,70,81.3,True,flat,3.2,92.1,626.2,2428,59.19
-15.0,59,40.0,rain,98,117.2,True,flat,4.6,46.8,262.9,2100,53.39
21.7,34,65.3,none,85,103.3,False,hilly,5.9,70.7,450.8,2432,21.5
-16.8,81,12.5,none,21,44.9,True,hilly,9.0,82.8,420.4,1924,55.14
10.1,34,78.2,rain,56,72.0,True,hilly,8.0,60.7,319.2,2472,40.83
-14.9,76,5.6,none,91,62.1,True,hilly,3.6,41.4,280.2,1711,50.66
30.3,65,42.7,none,95,110.2,True,mountainous,7.7,43.3,294.9,1732,37.89
36.0,25,73.3,rain,44,101.9,True,hilly,8.3,93.7,574.9,1745,29.41
6.3,91,75.7,none,75,77.2,True,flat,5.2,71.1,440.4,1668,29.63
-5.3,28,18.6,none,47,112.4,True,hilly,3.0,49.1,286.0,2008,44.88
-13.6,99,11.5,none,21,71.0,True,hilly,9.4,94.1,583.0,2043,50.44
-26.5,11,58.0,none,90,110.4,True,mountainous,9.6,96.5,651.7,2279,65.0
-11.2,34,3.4,none,94,33.2,True,hilly,2.2,59.6,316.2,1805,42.56
15.8,28,38.8,rain,55,43.5,False,hilly,7.9,75.2,451.0,2411,18.6
7.4,11,63.7,none,12,105.6,True,flat,0.4,59.5,402.1,2333,29.07
36.1,76,44.8,none,83,41.4,True,mountainous,0.0,83.5,429.4,2250,25.22
-2.3,72,15.0,snow,53,98.4,False,flat,3.5,96.9,523.4,2481,32.98
18.6,81,39.0,none,17,102.4,False,hilly,4.6,41.7,251.1,1526,12.63
4.3,33,73.7,none,27,96.2,True,mountainous,5.5,68.3,425.5,2488,43.43
5.9,50,49.4,snow,24,111.8,True,flat,3.8,87.9,564.1,1734,38.54
-11.3,69,57.7,none,72,81.2,True,mountainous,1.3,81.4,436.8,1542,62.46
1.8,50,26.9,rain,37,119.7,True,hilly,3.4,50.9,315.6,1949,47.46
3.0,73,15.1,snow,21,86.9,True,mountainous,8.2,63.5,361.3,2186,49.4
19.5,67,20.5,rain,93,80.8,False,flat,3.4,68.1,383.6,1795,11.47
35.8,20,42.7,none,96,80.9,True,hilly,5.9,84.7,434.1,1948,22.21
-6.9,80,22.4,none,22,121.2,True,flat,6.8,67.5,354.5,1737,43.91
-27.0,75,43.4,none,31,54.4,True,flat,7.3,58.8,388.2,1501,65.0
4.7,69,56.6,rain,63,99.5,True,hilly,4.9,64.9,383.8,2394,40.4
8.1,24,58.8,rain,24,54.3,True,flat,1.3,98.0,636.9,1862,18.86
-18.2,34,13.2,rain,24,39.2,True,hilly,9.0,42.8,284.0,1647,65.0
23.2,45,60.0,none,40,125.4,False,hilly,2.6,60.0,395.4,1885,16.19
38.9,35,53.8,none,95,43.0,True,flat,3.4,51.9,361.2,1514,17.07
36.2,31,1.0,none,97,98.6,True,flat,7.7,64.0,353.4,1580,25.06
-16.2,82,4.7,none,86,72.5,False,flat,7.6,75.1,386.7,2057,41.7
31.3,67,51.7,rain,73,113.7,False,flat,9.0,51.7,312.3,1725,20.18
19.3,61,30.7,none,75,107.3,False,hilly,0.3,65.6,454.3,2155,14.66
1.8,30,11.7,none,52,44.4,True,hilly,8.7,89.7,484.6,1952,32.31
7.8,93,3.6,rain,58,76.8,True,flat,7.9,78.5,478.1,1572,32.2
29.5,27,12.8,none,67,32.8,False,hilly,5.3,80.8,469.9,2029,9.07
3.6,82,76.6,snow,76,73.0,True,flat,1.6,96.4,602.4,2133,34.74
-3.9,97,58.2,none,19,100.0,True,flat,5.4,64.5,379.0,2058,38.25
4.5,75,42.2,snow,30,53.2,False,flat,1.9,99.9,696.9,1755,22.57
10.5,99,75.3,none,97,111.0,False,hilly,9.6,62.9,412.7,1528,24.57
-16.8,69,49.5,none,40,35.3,True,flat,7.1,51.0,333.6,1919,58.04
33.1,30,58.1,none,34,33.5,True,flat,6.0,88.4,507.2,2159,13.41
17.2,28,22.6,rain,48,32.7,False,flat,8.1,70.6,461.0,1570,11.93
14.3,39,47.1,none,36,58.0,True,flat,5.3,60.7,366.8,2417,16.69
-23.0,11,11.5,none,18,76.7,False,mountainous,0.6,54.8,367.8,1842,65.0
12.3,71,32.4,snow,29,40.7,True,flat,2.6,89.3,586.1,1846,27.17
-21.5,34,2.7,none,68,129.7,True,hilly,9.8,73.8,468.2,1833,65.0
-24.5,83,17.3,rain,30,130.0,True,flat,8.5,77.5,424.7,2400,65.0
6.9,42,6.0,none,68,82.0,True,flat,9.3,67.7,416.4,2445,29.55
-1.8,53,31.0,none,19,86.8,True,hilly,1.0,52.9,358.8,2391,36.51
11.2,97,67.4,none,14,122.7,False,flat,2.5,60.3,376.5,2289,14.6
-23.8,32,30.2,none,88,107.0,True,hilly,0.6,47.7,318.0,1760,65.0
0.2,75,66.5,none,78,46.8,True,hilly,8.2,60.5,366.9,2241,31.05
-17.8,78,52.5,none,70,109.2,True,hilly,1.7,94.8,633.6,1792,64.54
39.1,30,40.8,none,13,53.1,True,hilly,4.1,74.5,459.4,1877,25.41
9.3,55,19.0,none,32,73.0,True,hilly,2.7,42.8,286.7,1644,23.75
18.1,42,73.8,none,83,83.3,False,hilly,9.3,85.8,510.4,2028,17.83
-7.2,79,4.3,none,23,101.7,True,flat,6.1,86.1,545.0,2307,39.6
-23.4,66,55.1,none,83,45.0,True,flat,8.0,85.6,437.7,2178,65.0
38.3,53,49.7,snow,63,37.6,True,hilly,6.0,77.0,452.4,1878,25.61
-10.0,80,35.3,none,77,116.6,True,flat,6.1,41.9,221.1,2170,48.53
-0.3,31,19.2,none,68,112.7,True,flat,3.8,63.0,343.8,2134,25.05
15.5,78,34.5,none,48,82.3,False,flat,2.4,59.5,362.0,2041,10.61
-28.3,88,69.8,rain,36,96.2,True,hilly,3.5,41.3,251.0,1768,65.0
26.7,89,66.9,none,71,101.9,False,flat,2.9,45.1,297.9,1529,10.43
7.6,81,75.3,none,83,77.7,True,flat,6.9,65.2,388.1,1538,23.43
-10.5,47,24.6,rain,14,55.7,True,hilly,4.2,92.8,639.6,2452,44.73
-25.7,98,31.0,none,44,78.1,True,hilly,5.5,97.7,554.0,2368,65.0
-18.6,44,1.5,none,42,125.1,True,flat,7.7,84.6,500.7,1737,65.0
32.7,67,75.4,snow,60,113.8,True,hilly,2.7,53.5,350.2,1694,37.51
18.0,24,26.4,none,20,76.6,True,flat,4.2,95.3,601.8,1803,13.45
-12.5,98,32.3,none,94,52.6,True,mountainous,5.2,98.7,526.3,2072,58.38
-25.4,73,72.6,none,59,119.0,True,flat,0.5,65.8,397.4,1517,65.0
18.3,78,42.1,none,93,93.8,False,flat,1.5,71.3,367.4,2392,8.76
10.1,16,45.3,none,84,70.5,True,mountainous,0.6,60.8,321.9,2275,39.87
-1.7,79,14.1,none,27,41.2,True,flat,7.5,91.1,474.7,2028,42.46
-4.5,80,39.9,none,22,105.2,True,flat,3.0,57.9,300.3,2366,38.29
-14.8,70,73.5,none,88,61.7,True,flat,4.2,46.5,246.2,2049,54.15
16.9,36,44.7,snow,58,90.6,False,flat,6.7,67.4,456.8,1589,20.66
37.9,54,20.4,rain,12,87.0,True,hilly,9.7,50.2,319.9,2058,34.18
-17.7,20,2.5,none,94,100.0,True,hilly,8.1,65.9,418.3,1981,61.38
11.8,52,26.9,none,53,83.8,True,flat,0.6,75.1,510.2,2194,24.96
-0.3,32,45.8,none,37,93.0,True,mountainous,3.1,88.2,563.8,1846,53.7
1.3,41,3.4,none,56,38.2,True,hilly,0.5,81.5,506.9,1860,25.86
-12.2,25,48.8,snow,84,96.5,True,hilly,0.6,84.3,547.2,2442,51.68
27.8,31,41.9,snow,20,49.4,False,flat,1.3,75.4,482.4,2419,10.72
4.0,17,62.7,none,42,69.2,True,flat,3.2,44.9,278.3,2401,26.26
8.0,93,2.3,none,39,81.3,True,flat,2.3,92.8,484.0,1915,17.6
-8.7,58,62.5,snow,86,98.7,True,flat,3.5,81.9,420.9,2250,54.83
-17.3,46,41.7,rain,80,104.2,True,hilly,8.2,87.4,465.8,2440,65.0
-24.0,58,29.6,none,46,100.5,True,flat,8.0,96.5,602.1,2467,65.0
20.0,67,77.2,none,70,39.5,False,flat,3.5,98.1,592.8,1743,7.6
-16.3,93,12.8,none,46,68.7,True,flat,6.6,97.8,596.0,1715,51.07
18.3,26,43.3,snow,61,58.1,False,flat,3.7,56.2,324.2,1998,13.98
-2.7,37,25.7,none,99,69.8,True,hilly,3.9,91.1,605.4,2370,44.83
-0.9,98,42.2,rain,58,94.7,True,mountainous,6.8,97.5,632.4,2028,62.05
2.8,43,44.2,none,99,49.3,True,flat,3.8,82.4,420.4,2292,29.93
-4.3,12,7.2,snow,77,80.2,False,flat,5.5,83.0,448.0,1974,34.33
-23.0,23,52.9,none,21,118.5,True,mountainous,1.2,93.1,566.8,2251,65.0
-8.3,12,50.8,none,82,103.1,False,hilly,5.4,57.3,308.2,1766,40.41
16.5,99,61.6,none,25,102.5,False,flat,7.4,51.5,272.1,2324,15.43
16.6,35,7.3,none,58,114.9,False,flat,8.9,66.2,332.4,2297,18.6
-10.0,93,23.8,none,65,69.9,True,hilly,1.5,97.0,675.6,1725,41.99
2.2,100,52.0,none,90,105.9,True,hilly,4.1,43.6,238.3,2373,39.99
-16.5,64,10.9,none,29,35.9,True,flat,4.9,66.6,389.0,1618,53.13
-15.3,13,54.2,none,89,35.6,True,flat,9.0,81.4,509.4,2269,56.96
-28.4,17,4.7,none,94,63.2,True,hilly,2.6,79.1,434.3,2350,65.0
32.8,53,26.8,none,18,49.7,False,hilly,1.7,88.6,587.2,2329,7.35
-15.3,47,67.7,none,90,81.9,False,flat,1.4,56.2,347.5,1744,40.35
-14.1,65,61.9,none,33,48.3,True,mountainous,1.5,54.0,344.2,1581,64.42
-10.4,49,51.6,none,17,127.6,True,flat,8.7,89.6,475.8,1529,50.3
-21.1,94,69.6,none,96,115.1,True,flat,6.2,89.5,577.1,1524,65.0
14.7,58,56.7,none,45,128.3,True,flat,4.2,54.9,280.5,2011,28.16
-24.7,72,41.6,none,66,110.8,True,hilly,8.7,66.4,374.7,1700,65.0
-20.6,91,78.4,none,60,125.1,True,mountainous,3.0,67.1,393.3,2371,65.0
15.1,23,55.6,none,29,66.8,False,flat,9.3,70.8,367.5,1664,15.2
-6.2,31,48.1,none,70,79.8,True,flat,7.6,90.2,551.8,2171,39.29
19.6,20,32.7,none,14,54.0,False,hilly,0.2,76.2,433.0,2418,6.54
9.0,23,72.2,rain,28,93.6,True,flat,4.6,71.1,374.7,2465,27.97
-12.1,56,23.7,none,95,108.8,True,flat,8.4,57.4,319.6,2359,50.9
15.6,39,0.7,none,96,79.9,False,mountainous,4.0,42.4,261.4,1704,21.98
-21.9,48,15.7,none,53,59.6,True,hilly,9.9,95.1,518.3,2029,65.0
7.5,98,8.8,rain,25,80.8,False,flat,8.5,83.0,492.9,1685,19.69
0.6,24,25.5,none,48,36.3,True,flat,7.5,44.5,283.7,2098,26.78
-11.2,59,66.1,rain,89,102.1,True,flat,1.4,57.9,360.0,1739,51.79
12.3,19,52.1,rain,16,75.2,True,flat,1.1,78.8,514.6,1830,18.29
31.0,39,13.5,rain,22,119.8,True,flat,6.4,52.5,335.5,2052,28.16
39.9,57,63.1,rain,91,122.3,True,flat,6.6,46.3,276.4,1622,28.19
12.5,95,40.3,none,47,42.6,True,flat,1.5,73.0,441.0,1854,19.07
-1.7,45,41.0,none,18,129.6,True,flat,8.5,59.7,330.3,1840,40.28
-14.2,16,29.0,snow,23,127.0,True,hilly,8.7,89.7,615.5,2085,65.0
-12.0,45,69.2,snow,89,92.7,True,hilly,4.2,97.0,660.3,2072,65.0
3.6,23,25.5,none,54,112.5,True,hilly,6.1,75.3,499.2,1890,41.95
-4.3,31,7.5,none,25,31.8,True,flat,5.1,82.8,438.5,2366,27.73
34.0,66,24.2,rain,90,127.0,True,flat,0.4,99.0,648.0,2143,23.16
-4.2,16,57.2,none,86,75.6,True,mountainous,0.9,53.6,367.1,2305,45.27
-3.9,52,52.6,none,12,121.0,True,flat,7.8,94.3,643.0,2071,43.04
-3.2,65,15.0,none,62,68.5,True,hilly,4.9,73.6,501.0,1881,41.03
28.6,48,8.9,none,32,108.8,False,flat,6.1,51.3,325.4,1880,10.49
15.6,12,52.9,none,58,71.8,False,hilly,6.1,57.4,315.5,1707,11.83
13.0,99,54.1,rain,35,66.3,True,hilly,3.8,81.3,501.6,2333,26.92
-6.6,43,29.3,none,38,124.7,True,hilly,0.3,95.3,530.7,2343,49.96
27.3,80,67.4,snow,64,99.9,False,mountainous,7.9,47.1,311.2,1609,34.96
-27.3,39,78.3,snow,58,114.0,True,mountainous,4.7,78.4,418.8,2331,65.0
31.0,53,16.5,rain,46,84.3,True,flat,1.4,62.6,340.2,2321,14.67
5.9,45,46.2,snow,20,121.8,False,flat,0.2,59.3,327.9,2103,26.01
-2.1,41,0.4,none,97,104.0,True,flat,0.2,50.8,314.4,2246,29.05
4.8,12,57.0,none,26,37.2,True,flat,0.3,93.3,576.2,2421,27.76
16.7,42,33.1,rain,67,106.7,False,flat,1.6,61.9,377.2,1986,14.59
-29.1,90,15.5,none,17,31.9,True,mountainous,2.3,66.6,352.3,2277,65.0
31.0,72,60.2,none,72,112.9,False,flat,2.5,52.4,310.8,2459,7.68
1.3,23,64.9,none,19,63.2,True,mountainous,6.3,76.5,524.4,1882,51.03
-6.0,63,8.9,none,31,89.8,True,flat,2.4,66.4,456.7,1947,36.34
-20.3,90,3.3,rain,68,104.9,True,flat,6.7,51.6,307.5,2154,65.0
0.8,73,26.7,none,35,93.7,True,flat,8.2,58.6,323.9,1999,31.69
4.7,23,50.1,rain,58,97.2,True,hilly,3.8,63.5,443.4,1761,43.36
-1.7,88,63.5,none,21,119.3,True,flat,7.2,44.6,242.7,2109,39.04
17.5,37,43.7,none,28,67.4,False,flat,1.0,43.1,288.1,2260,4.89
-0.5,51,46.5,none,76,84.7,True,hilly,3.3,99.5,556.4,1506,40.38
37.3,57,64.0,rain,13,47.5,True,hilly,6.8,95.7,652.4,1701,28.25
11.9,87,42.3,none,20,76.8,True,flat,9.3,75.6,395.9,2494,19.64
26.5,94,48.9,snow,29,45.0,False,flat,6.2,54.7,308.0,2359,12.4
-22.3,94,41.3,rain,12,93.4,True,flat,3.6,53.9,339.1,2495,65.0
-2.2,11,70.4,none,19,62.4,True,hilly,3.1,66.4,344.7,2140,39.22
-6.4,93,18.8,snow,35,115.9,True,mountainous,3.9,63.2,365.3,2006,65.0
9.9,15,21.1,none,18,64.4,True,flat,6.5,84.0,486.0,1532,22.76
30.3,34,10.2,none,88,58.7,True,flat,3.3,64.4,388.0,1845,17.99
-24.5,56,65.6,none,16,79.1,True,mountainous,4.7,97.3,487.3,1914,65.0
-24.9,53,32.9,none,87,47.5,True,flat,7.6,55.2,347.7,1632,65.0
29.5,64,27.8,none,84,50.4,False,hilly,2.4,41.6,242.1,1895,11.46
-15.1,53,78.5,none,19,108.3,True,flat,7.2,76.2,417.9,1725,50.45
16.8,94,74.1,rain,12,79.7,False,mountainous,7.6,99.3,537.3,1942,33.71
8.0,32,77.8,none,14,50.6,True,flat,8.6,91.1,596.6,2092,24.86
28.3,35,11.4,none,63,33.2,False,flat,0.2,40.3,224.6,2167,1.41
-21.2,93,71.3,none,70,76.6,False,flat,1.1,74.5,473.5,2040,54.92
-20.9,17,26.3,none,66,104.3,False,flat,9.5,67.2,337.5,1536,62.18
9.0,65,1.0,none,59,65.1,False,mountainous,1.3,86.1,597.6,2417,21.88
36.2,71,31.3,none,26,54.8,True,flat,4.9,55.2,284.7,2326,16.91
-1.0,55,40.7,rain,86,69.6,True,hilly,1.7,54.6,317.3,2103,32.22
-7.1,72,8.7,none,39,125.9,False,hilly,8.1,59.0,373.8,2354,40.99
12.5,26,43.0,none,99,72.3,True,flat,1.0,54.8,342.2,2369,19.6
35.1,87,65.6,none,45,56.0,True,flat,0.9,41.3,280.3,1728,16.83
28.6,23,30.2,none,34,86.9,False,hilly,5.0,77.7,539.1,1766,15.06
39.7,46,28.2,rain,90,111.1,True,hilly,2.4,76.8,494.3,1571,29.36
-28.4,17,27.1,snow,61,32.2,True,hilly,6.6,91.1,571.9,2053,65.0
-22.1,59,73.8,rain,75,85.8,True,flat,6.8,81.9,425.4,2216,65.0
12.7,70,3.9,none,47,113.6,True,hilly,5.9,78.5,461.4,1612,26.9
27.4,95,35.6,none,90,51.6,True,flat,8.3,53.9,289.8,1969,17.47
-10.0,77,21.2,none,93,122.2,True,hilly,7.0,84.4,486.1,2315,59.35
-13.3,59,71.5,none,49,87.8,True,flat,1.9,91.3,482.4,2165,48.51
25.1,94,7.7,none,32,81.7,False,hilly,0.8,66.6,437.8,2063,11.91
-26.1,53,32.9,none,68,126.4,True,flat,7.5,72.4,436.5,2028,65.0
-4.1,61,32.5,none,96,43.0,True,flat,7.4,87.1,454.6,1870,32.68
5.4,64,71.1,none,66,104.0,True,flat,8.5,67.9,410.5,1937,33.62
9.2,47,17.2,none,96,111.9,True,hilly,2.0,80.0,452.7,1791,32.97
21.0,85,51.6,rain,41,78.9,False,flat,2.2,52.9,317.5,2174,9.57
-5.2,27,10.8,none,92,30.6,True,flat,5.8,75.1,413.8,2144,32.5
12.9,60,76.3,none,20,82.4,True,hilly,1.6,42.2,275.0,1702,21.75
11.0,75,47.4,none,42,45.4,True,flat,3.0,52.5,263.5,1768,20.55
8.3,91,50.1,none,55,86.3,True,flat,8.1,95.3,503.0,2486,31.05
14.8,90,34.7,none,69,103.9,True,flat,3.3,75.7,465.1,1604,17.48
-11.8,56,27.4,none,36,83.1,True,flat,0.1,67.3,424.0,2194,40.59
-24.1,68,17.0,none,93,93.1,True,flat,6.5,71.3,362.5,2016,65.0
-21.7,45,48.3,none,91,40.4,True,flat,1.8,40.0,253.3,1578,55.25
-14.3,52,76.4,none,82,39.7,True,mountainous,2.0,67.6,365.1,1559,59.36
5.0,92,28.8,rain,20,115.1,True,flat,0.2,48.6,257.5,2302,25.46
28.8,94,70.7,none,17,34.9,True,flat,5.8,91.5,461.1,2117,20.32
19.1,91,11.9,none,55,58.4,False,hilly,5.6,64.8,387.8,1545,13.21
25.2,22,74.9,none,79,123.8,False,hilly,1.0,53.9,350.7,1788,15.87
-5.4,87,28.0,none,21,75.9,True,flat,0.5,70.7,437.8,1759,40.91
-1.7,95,30.4,none,68,97.5,True,hilly,4.9,61.9,417.0,2061,41.75
-2.4,43,37.0,none,58,52.2,True,flat,7.8,67.6,410.2,1741,29.98
-16.6,57,57.5,rain,75,57.1,True,flat,9.5,83.5,419.2,2295,58.4
-25.7,80,57.6,none,49,80.9,True,hilly,0.8,70.6,473.4,1738,65.0
11.4,61,38.4,none,72,93.8,True,flat,7.1,94.9,648.9,1951,29.27
39.2,99,41.9,none,24,126.0,True,hilly,1.9,55.4,373.8,1922,29.94
-18.3,51,2.4,none,29,87.4,False,hilly,0.3,59.6,320.5,1572,48.84
-26.7,74,24.3,snow,91,39.6,True,flat,3.3,86.7,604.9,1890,65.0
24.6,81,27.7,none,40,66.7,False,flat,5.7,87.0,602.3,1908,7.23
-12.3,54,44.7,none,99,54.4,True,hilly,6.0,98.6,661.8,1646,50.84
28.1,87,44.7,snow,14,55.4,False,flat,0.5,77.7,478.9,2385,13.61
19.3,59,56.8,rain,55,80.5,False,flat,9.3,74.4,401.6,1873,16.38
36.2,47,57.4,none,39,61.7,True,flat,0.5,75.3,405.8,2348,12.76
-1.4,20,18.8,none,100,58.9,True,flat,2.2,61.7,372.4,2082,35.5
16.3,45,61.6,rain,99,126.8,False,hilly,4.3,63.1,428.1,1510,22.13
2.5,76,1.6,rain,31,88.4,True,flat,9.5,56.8,327.4,2183,36.34
14.1,93,57.3,none,34,56.2,True,flat,9.9,75.8,454.0,1904,30.01
1.5,33,8.2,none,77,57.6,False,flat,0.0,90.4,527.9,2232,13.57
-16.8,42,58.4,none,90,111.1,True,hilly,2.2,78.0,505.2,2189,63.29
5.6,24,42.2,none,70,118.6,True,hilly,5.0,68.4,355.3,2239,35.95
7.0,72,35.0,none,88,97.9,False,flat,6.9,43.8,282.2,2192,17.17
26.7,96,55.3,none,16,73.1,False,flat,6.6,54.9,360.5,1521,11.89
21.5,68,2.9,none,68,106.5,True,flat,2.5,90.7,583.2,2465,22.04
16.5,66,17.9,none,73,123.7,False,flat,2.0,63.8,405.2,1964,8.73
-22.1,60,49.3,none,27,46.6,True,mountainous,0.1,93.1,538.4,2391,65.0
20.4,18,67.8,none,80,116.2,False,mountainous,8.4,54.6,325.6,1665,26.54
5.0,76,30.5,rain,95,114.9,True,flat,3.8,74.5,404.3,1857,34.14
32.6,64,20.7,rain,91,66.7,True,flat,8.6,97.8,624.6,2474,21.23
34.4,70,41.5,snow,32,59.2,True,flat,3.2,73.4,397.7,2375,27.21
-26.1,91,49.8,none,39,86.5,True,hilly,7.6,52.5,321.3,2298,65.0
27.4,81,33.6,none,55,57.2,False,flat,0.7,53.8,349.2,1790,0.12
-27.4,80,70.1,rain,24,44.5,False,hilly,8.1,49.5,265.6,2205,65.0
-4.3,93,41.9,rain,96,125.3,True,flat,8.9,41.3,228.7,1741,51.91
8.0,99,2.9,rain,25,79.1,True,hilly,2.6,81.5,479.3,2171,28.77
-19.6,62,17.8,none,79,77.2,True,hilly,1.4,87.0,547.5,2467,59.03
22.2,20,36.1,none,41,42.6,False,hilly,2.0,89.2,503.8,1850,8.37
-29.4,51,55.8,rain,62,80.4,False,hilly,8.7,44.4,237.9,1988,65.0
-18.2,81,17.6,rain,14,104.3,False,flat,2.9,96.5,512.7,1900,52.14
10.7,12,78.1,rain,28,54.8,True,hilly,2.3,77.1,426.1,1600,30.13
20.0,15,25.5,none,50,66.9,False,flat,9.8,45.3,263.2,2451,11.58
34.2,16,42.6,none,71,47.9,True,hilly,6.7,45.1,233.8,1887,20.78
19.4,76,1.5,none,80,65.5,False,mountainous,8.3,70.6,487.4,2461,25.74
17.0,55,70.8,rain,13,116.1,False,hilly,7.5,54.7,382.5,2220,26.59
-2.4,43,63.1,rain,24,53.7,True,flat,3.7,54.3,366.4,1721,31.44
-29.9,20,15.6,none,76,33.0,True,mountainous,8.6,40.7,270.9,2107,65.0
-21.6,76,74.7,none,83,83.6,True,hilly,5.9,68.9,403.9,1591,65.0
7.4,39,25.3,none,31,87.9,True,flat,6.6,45.2,256.4,1696,23.96
17.3,34,55.4,none,31,62.9,False,hilly,3.3,44.6,261.6,1606,12.36
-0.8,69,65.5,none,18,94.2,True,hilly,9.8,49.5,249.5,1565,44.9
21.1,60,59.3,rain,24,33.8,False,flat,8.5,40.6,216.2,2119,10.27
6.5,43,73.4,rain,11,64.1,False,hilly,1.5,46.2,281.6,1770,20.04
-24.8,68,69.1,none,63,44.5,True,mountainous,2.0,75.7,518.6,2257,65.0
-16.6,34,79.6,none,91,53.0,False,flat,7.5,55.4,379.8,1836,46.29
28.8,82,14.6,none,23,68.3,False,flat,0.3,44.1,283.7,2371,3.56
20.7,31,24.4,none,78,79.3,False,flat,3.4,48.1,287.3,1942,6.48
32.6,24,50.9,snow,62,39.3,True,hilly,5.3,42.6,235.7,1851,25.07
-21.8,80,58.6,rain,95,40.1,False,flat,2.0,86.6,504.8,1541,58.54
39.3,74,42.8,none,82,97.4,True,flat,8.7,73.7,513.6,2230,21.71
-15.3,26,5.9,none,87,70.4,True,flat,8.9,68.4,459.6,2476,54.26
-29.2,20,67.3,none,68,47.7,True,mountainous,9.6,92.4,551.5,1761,65.0
39.8,85,76.9,none,83,53.5,False,flat,1.5,44.8,300.3,2154,7.87
-10.3,80,32.4,none,42,102.0,True,hilly,0.8,42.2,274.3,2175,49.31
16.8,39,18.0,none,29,35.2,False,flat,5.6,65.4,380.0,1941,6.24
-17.6,69,1.5,rain,92,80.9,True,hilly,7.9,55.8,334.4,1843,60.05
10.6,21,19.0,none,76,66.0,True,flat,2.9,68.5,406.3,1552,17.38
33.3,56,56.0,snow,18,111.1,True,flat,2.4,94.2,473.8,2450,25.27
-7.6,12,72.9,none,88,109.0,True,flat,5.2,66.8,376.8,2010,47.02
16.9,45,7.5,rain,41,98.9,False,flat,4.8,50.3,255.3,1806,14.19
-16.8,17,44.3,rain,37,68.5,True,flat,4.8,87.9,594.9,2382,57.98
13.7,53,55.6,none,66,93.1,True,flat,4.1,63.3,390.9,1638,23.58
-6.4,48,22.1,none,61,94.0,True,flat,7.3,85.3,495.5,2200,41.41
-15.2,50,45.6,rain,58,63.2,True,flat,6.1,48.5,252.1,1617,57.57
-8.1,14,57.2,none,33,118.0,True,flat,4.9,60.2,306.0,2230,51.17
-17.5,43,67.0,none,96,128.5,True,hilly,7.2,41.4,228.0,2103,65.0
33.1,78,36.2,snow,96,61.4,True,flat,2.6,54.1,313.5,2070,27.87
-2.2,43,59.8,none,10,110.1,True,mountainous,8.9,78.8,488.5,2063,56.09
-12.8,74,24.1,none,40,80.1,True,flat,3.8,57.6,328.5,1937,49.93
1.4,43,17.0,none,14,76.4,True,flat,3.3,48.4,288.3,2396,25.75
-7.6,48,15.0,none,87,68.7,True,flat,5.4,43.4,275.9,1537,35.38
22.1,61,28.7,none,90,59.2,False,flat,2.7,76.2,387.5,2377,4.06
38.0,96,2.9,none,57,122.0,True,hilly,2.7,44.6,270.0,1925,19.13
0.7,20,22.6,rain,86,104.1,True,flat,0.8,87.9,489.7,1829,28.98
30.3,13,52.2,none,73,74.1,False,flat,6.5,61.4,403.2,2096,9.77
9.6,65,51.8,none,55,105.2,True,flat,9.1,58.3,329.1,1717,24.34
-19.0,95,5.9,none,43,101.9,True,mountainous,6.9,77.5,413.8,1946,65.0
18.3,99,23.0,rain,34,56.7,False,hilly,5.7,73.4,482.9,2127,16.59
5.9,54,45.6,none,33,47.6,True,flat,7.1,99.3,648.9,1874,21.43
15.5,52,25.5,snow,61,113.6,False,flat,9.7,43.1,255.3,1818,25.24
32.3,68,33.4,none,25,111.1,True,flat,3.4,91.1,489.0,2090,15.53
0.8,60,57.0,none,26,129.7,True,flat,4.3,76.0,451.7,2125,35.73
33.1,67,0.7,none,11,31.9,True,flat,2.9,93.0,546.9,1813,19.21
22.5,89,22.1,none,65,84.0,False,flat,0.2,81.6,432.2,2149,2.86
4.2,77,11.4,none,99,100.1,True,flat,3.5,85.7,490.9,2343,22.4
12.2,55,10.2,rain,90,88.3,True,flat,0.7,87.2,578.1,1613,22.94
-7.2,52,76.7,rain,74,101.0,True,flat,8.6,40.9,245.7,2439,52.21
38.9,68,30.1,none,81,43.7,True,flat,7.2,90.3,474.9,1567,12.82
16.7,51,42.2,none,48,30.2,False,hilly,3.0,80.8,546.7,2024,10.31
-26.9,51,58.7,rain,37,39.3,True,hilly,3.3,96.8,628.3,2403,65.0
-7.1,11,3.8,none,43,68.0,True,flat,5.7,48.0,292.1,1756,37.7
13.6,26,19.3,none,17,62.9,True,flat,8.0,95.3,527.4,2197,17.06
-26.1,54,66.6,none,67,117.4,True,flat,7.2,91.3,474.0,1542,65.0
-28.3,84,69.0,none,26,38.4,True,flat,0.3,53.6,347.0,1981,65.0
1.5,35,29.8,none,79,74.3,True,flat,7.9,47.4,296.7,2126,32.2
-6.7,57,30.0,none,27,125.8,True,hilly,8.8,77.7,516.0,2039,51.96
0.7,41,60.6,none,31,80.3,True,hilly,0.9,80.6,513.8,1678,32.4
-11.6,19,23.6,rain,96,43.2,True,flat,7.7,82.7,438.8,1521,46.6
-18.5,96,9.4,none,19,59.1,True,hilly,2.5,90.7,535.8,1948,54.47
18.2,87,20.6,none,55,92.7,False,flat,1.7,73.4,412.8,1681,4.67
6.0,17,31.0,none,16,31.2,True,flat,5.4,57.0,383.9,1865,29.67
-16.0,75,4.2,snow,18,126.8,True,hilly,5.5,91.4,507.2,2341,65.0
-7.6,41,38.3,none,67,86.7,True,hilly,4.7,66.0,395.4,2049,45.74
11.4,100,59.2,none,67,100.4,True,flat,9.0,66.1,402.8,1582,27.03
-24.9,37,41.1,none,27,79.9,True,hilly,2.4,69.5,434.7,2217,65.0
-19.7,31,5.8,none,89,125.8,False,flat,6.0,90.1,565.2,1950,55.27
-24.9,61,35.2,none,73,88.9,True,flat,4.1,98.2,618.1,1541,65.0
26.9,85,56.7,none,37,96.2,False,hilly,8.7,50.3,287.1,2222,18.36
22.7,27,4.6,none,32,116.1,False,hilly,1.3,47.3,284.5,2386,11.26
22.7,74,4.8,snow,78,116.2,True,flat,0.8,57.3,293.0,2247,26.98
20.1,16,29.6,none,76,32.8,False,flat,9.9,94.3,570.7,2478,10.63
16.9,93,15.6,rain,23,58.3,True,flat,5.8,71.7,447.6,1657,18.03
3.4,17,74.8,none,41,54.6,True,flat,9.1,40.3,261.8,2065,28.08
15.0,92,46.5,none,30,30.7,True,flat,4.1,74.9,396.6,1592,21.41
-27.3,54,23.0,snow,36,117.7,True,hilly,6.0,72.9,455.1,2476,65.0
13.5,50,56.4,rain,36,61.7,False,hilly,6.9,44.8,253.3,1715,18.64
24.5,98,30.0,none,98,64.7,False,hilly,9.9,48.9,284.2,2442,13.28
5.0,99,10.6,none,78,40.0,True,flat,1.1,45.6,271.2,1958,20.25
-5.0,69,19.0,snow,80,129.0,True,mountainous,1.2,71.3,374.7,2294,60.34
-10.6,21,51.4,none,35,112.6,True,mountainous,5.2,71.9,393.8,2455,56.51
15.0,56,4.2,none,10,87.2,True,hilly,0.6,67.6,346.6,1733,14.42
18.5,58,21.8,none,15,107.2,False,flat,7.3,67.1,465.9,2316,11.91
31.0,56,16.7,none,60,107.7,True,flat,9.9,74.8,402.7,2389,23.88
-6.0,61,16.1,none,36,95.7,True,hilly,8.1,79.7,499.7,2052,47.66
23.9,12,54.6,rain,27,47.4,False,flat,2.7,97.8,511.7,2174,8.63
9.3,74,66.1,none,14,102.0,True,flat,8.0,72.7,464.9,1943,28.83
31.8,74,57.3,snow,89,87.0,True,hilly,6.3,55.9,377.6,1925,35.66
6.9,20,51.7,none,64,102.4,True,flat,1.2,98.5,586.0,1659,31.25
6.2,61,73.3,none,20,84.3,True,mountainous,5.7,46.3,295.4,2189,46.16
10.5,61,4.7,none,79,125.6,True,flat,9.0,58.8,371.4,1667,24.7
22.5,71,13.4,snow,78,92.7,False,flat,2.9,94.1,593.8,1682,17.53
37.5,18,33.2,none,36,87.4,True,hilly,6.6,96.6,503.6,2003,21.9
-24.9,66,29.8,none,27,114.3,True,flat,0.4,78.7,522.1,1958,65.0
-26.3,35,33.4,snow,83,67.9,True,hilly,8.3,40.9,252.3,2149,65.0
35.6,56,16.5,snow,40,61.6,True,flat,2.1,66.6,363.0,2022,24.24
7.1,80,12.0,none,86,80.3,True,flat,6.1,96.0,564.3,1815,27.94
13.0,74,40.7,snow,14,88.4,True,flat,5.2,93.4,602.3,1558,30.82
3.8,21,74.2,rain,55,52.0,True,hilly,5.5,93.6,588.4,2089,34.99
-23.4,63,31.4,none,26,98.2,False,flat,2.5,57.6,305.7,1989,64.24
23.8,97,3.5,none,70,110.2,False,flat,5.6,89.5,555.0,1581,11.54
22.3,24,56.5,none,100,87.7,False,flat,6.0,80.3,483.4,2199,12.02
-8.2,87,23.3,none,47,82.3,True,mountainous,4.3,93.6,590.6,1755,56.23
-8.6,73,19.6,rain,19,59.5,True,flat,6.3,78.3,514.2,1534,50.8
28.6,80,25.9,none,39,121.0,False,hilly,1.9,62.5,353.7,1511,17.75
-24.9,35,57.9,rain,90,105.4,True,flat,5.1,78.1,454.2,2040,65.0
31.7,36,65.5,rain,79,78.0,True,flat,7.2,61.5,380.4,2428,23.68
-12.0,92,47.0,none,31,95.9,True,flat,3.7,40.1,263.6,2348,50.42
11.5,42,25.8,snow,96,63.7,True,hilly,4.1,89.0,554.8,1602,32.13
35.5,16,24.8,rain,66,36.0,True,hilly,1.6,91.0,457.5,1818,17.31
17.5,64,9.9,none,25,50.4,False,hilly,6.2,84.9,592.7,1813,14.62
-1.0,21,74.7,rain,62,37.9,True,flat,1.2,53.6,271.3,2353,34.35
18.3,82,51.1,snow,51,80.8,False,mountainous,5.0,48.2,324.4,2300,33.09
-5.9,68,2.2,none,84,92.2,False,flat,2.1,50.2,341.9,2466,23.76
-10.6,89,53.0,snow,41,68.0,False,hilly,1.9,70.1,380.4,2021,41.63
39.8,81,35.8,none,89,83.0,True,flat,1.0,55.9,365.9,1514,12.95
22.6,20,77.8,none,83,38.5,False,hilly,3.6,92.7,551.9,2402,12.13
15.1,44,65.5,rain,71,107.0,False,hilly,8.7,72.7,424.0,1536,25.78
-5.1,80,13.7,rain,33,33.3,True,flat,6.0,67.0,354.7,2332,41.64
-26.6,48,57.6,rain,97,93.4,True,flat,7.8,92.3,546.4,2019,65.0
-27.8,98,38.8,none,59,73.3,True,hilly,1.1,44.9,281.5,2466,65.0
8.8,76,15.0,none,92,48.4,True,hilly,3.1,92.3,553.2,1743,30.01
23.3,11,55.9,none,29,82.3,False,hilly,3.9,88.1,480.1,2013,14.72
7.6,89,43.8,none,99,108.1,True,mountainous,8.6,81.2,485.2,1514,52.41
28.9,19,2.4,none,83,71.4,False,hilly,6.6,46.7,314.8,2101,10.84
-27.7,23,51.7,rain,95,66.8,True,hilly,4.9,43.1,286.3,1568,65.0
-4.3,76,50.8,none,29,44.2,True,flat,3.0,50.0,269.0,1565,38.54
-13.4,88,11.5,none,49,89.5,True,flat,7.6,56.2,336.1,2229,58.29
1.3,58,27.9,none,19,112.8,False,hilly,8.9,77.0,477.8,1685,32.62
-24.9,36,46.9,none,22,86.1,True,flat,5.4,44.8,271.8,2478,65.0
36.8,42,11.1,none,36,46.5,True,hilly,0.4,51.0,322.3,1896,10.62
-14.4,41,68.2,none,96,96.1,True,mountainous,2.7,52.0,331.3,1983,60.64
34.6,39,2.2,none,70,33.0,True,flat,7.5,80.2,466.1,1815,15.56
-0.2,32,8.2,none,38,113.8,True,flat,3.9,60.8,333.3,1778,29.75
39.0,65,9.3,none,96,122.1,True,flat,6.3,56.5,332.6,2374,23.61
8.8,91,42.2,none,77,89.7,True,flat,5.2,41.7,217.7,2393,22.73
35.2,38,49.6,none,92,118.2,True,flat,9.1,45.7,296.6,1709,23.79
-29.6,27,32.3,none,93,38.5,True,hilly,3.1,73.0,478.1,1539,65.0
22.4,85,23.1,snow,78,52.8,False,hilly,4.5,78.0,537.1,1778,19.48
33.2,77,64.7,none,32,61.7,True,hilly,0.6,84.5,574.7,2325,14.49
-20.2,94,5.5,rain,100,107.3,True,flat,8.0,69.8,367.0,1998,65.0
-23.3,25,22.4,rain,39,78.4,True,flat,3.3,56.1,342.0,2289,65.0
-0.3,23,3.1,none,70,64.8,True,hilly,7.2,57.5,368.9,2333,33.31
35.4,59,1.1,none,86,45.8,True,flat,0.0,79.0,526.2,2319,4.54
8.0,65,28.3,snow,26,111.1,True,hilly,8.7,65.6,367.0,2083,43.04
6.9,53,15.6,none,65,32.1,True,hilly,9.7,49.5,345.2,1671,33.41
-20.1,64,21.5,none,44,63.7,True,flat,4.7,40.2,241.7,2132,59.03
-29.9,26,65.7,none,32,54.3,True,flat,4.8,55.6,329.4,1803,65.0
26.7,53,13.0,none,11,42.9,False,flat,6.2,85.3,498.7,2264,6.4
-23.9,69,62.4,rain,88,47.2,True,flat,9.8,79.9,427.9,1705,65.0
14.4,49,54.0,snow,22,79.4,True,flat,5.6,45.9,280.5,2146,30.23
34.0,71,26.1,none,89,72.6,True,flat,0.7,66.7,349.9,1586,13.71
-15.4,51,43.7,none,64,81.8,True,flat,5.7,48.7,325.5,2302,47.23
16.6,40,35.6,none,66,102.8,False,flat,4.2,68.4,348.5,1815,10.73
-24.5,37,10.3,snow,85,119.2,True,flat,7.6,46.6,312.7,2473,65.0
12.3,47,72.6,none,56,41.8,True,hilly,3.0,80.8,534.8,1960,26.74
-18.5,12,45.6,rain,42,38.3,True,mountainous,9.2,75.0,420.3,1757,65.0
21.5,70,70.4,none,22,62.0,False,flat,8.0,55.5,281.7,1626,10.98
-8.9,86,65.9,rain,61,84.6,True,flat,3.3,99.5,673.8,2487,42.66
2.4,42,6.4,none,60,40.0,True,flat,3.5,75.3,497.8,1900,21.35
12.0,14,16.6,snow,36,101.6,True,flat,5.2,56.1,351.9,2167,35.59
-18.0,99,11.6,none,64,85.6,True,flat,1.0,61.5,314.1,1821,50.26
21.9,34,66.5,rain,50,104.8,True,flat,6.9,95.0,571.5,1726,22.4
-8.8,21,69.0,none,82,65.8,True,mountainous,6.1,52.2,358.5,2071,58.49
16.4,43,42.2,none,60,70.1,False,hilly,3.2,52.2,272.3,1896,13.07
-18.9,76,8.3,none,94,110.8,True,flat,6.4,74.2,446.9,1981,59.55
18.2,36,10.8,none,57,56.7,False,flat,1.0,59.9,395.9,2205,0.0
-21.0,62,65.1,none,90,68.1,True,flat,9.5,58.3,368.3,1782,64.67
-0.2,47,74.3,none,57,31.3,True,hilly,0.7,64.6,374.1,1654,32.96
-12.7,21,16.0,none,60,85.5,True,flat,3.3,89.9,609.7,2038,46.66
22.4,40,0.9,none,43,115.1,False,flat,9.7,90.5,547.7,1616,14.85
-11.7,75,26.5,none,46,32.8,True,flat,4.0,80.0,538.7,2176,47.22
31.7,65,2.4,none,94,91.4,False,flat,8.9,74.6,464.5,2091,12.13
32.4,21,66.2,none,30,114.5,True,flat,1.5,40.9,230.3,1734,18.91
-16.2,25,39.3,none,21,79.4,True,flat,0.7,73.9,502.4,1769,47.34
13.0,68,51.3,none,85,61.3,False,hilly,1.1,97.2,657.3,1686,11.77
-23.9,83,32.9,none,62,129.7,True,flat,9.7,90.2,506.6,2392,65.0
-2.6,41,27.6,rain,36,36.5,True,mountainous,0.9,48.7,264.4,1818,47.27
19.9,64,17.8,none,49,51.0,False,hilly,6.5,98.4,684.9,2411,13.98
16.2,25,61.6,none,57,118.5,False,hilly,4.4,53.0,315.2,1522,19.11
13.7,38,55.6,none,63,59.7,True,mountainous,8.6,47.4,331.8,1893,37.43
-10.2,12,28.9,snow,84,112.0,True,hilly,2.9,57.3,315.8,2405,58.92
-3.5,79,25.7,none,45,63.3,False,flat,0.3,48.5,252.2,2217,20.71
-22.8,46,0.1,rain,71,111.2,True,flat,7.5,53.5,268.2,1561,65.0
20.3,83,5.1,none,85,98.6,True,flat,5.9,58.5,329.2,1995,14.65
5.3,74,49.9,none,86,76.9,True,flat,4.3,75.4,465.5,1627,28.29
19.6,85,41.2,none,33,82.3,False,flat,3.2,76.8,422.4,1642,7.82
-12.6,36,34.8,none,42,47.8,True,flat,9.0,72.1,443.3,1944,52.92
-7.3,27,66.2,none,64,41.6,True,hilly,1.2,57.9,296.0,2375,43.62
-6.6,97,40.3,none,90,101.7,True,hilly,1.4,97.2,674.7,1864,45.08
-28.2,75,30.8,snow,81,114.9,True,mountainous,0.1,57.8,329.2,2185,65.0
-6.1,85,12.9,none,63,102.2,True,flat,0.7,64.1,445.0,1727,40.64
26.2,11,65.7,none,99,121.3,True,flat,8.6,65.3,396.5,1903,28.8
32.8,42,46.1,rain,50,119.0,True,flat,7.9,41.3,245.3,1615,22.43
6.3,77,7.4,rain,86,107.8,True,flat,1.0,65.7,340.4,1635,31.21
1.9,17,51.9,none,84,119.8,True,flat,7.8,60.3,311.7,2153,39.56
-27.8,61,34.0,rain,92,46.7,True,mountainous,6.4,44.2,266.7,1512,65.0
31.5,49,64.9,none,99,103.1,True,flat,3.9,88.7,499.8,2214,19.89
-29.1,12,73.5,none,55,105.4,True,flat,0.8,82.7,444.3,2364,65.0
36.1,31,48.0,none,28,45.4,True,flat,6.0,57.0,300.5,1754,23.42
4.2,36,58.5,none,51,121.0,True,hilly,8.4,55.6,340.3,2374,46.44
-6.1,20,4.5,none,87,30.9,True,hilly,4.2,94.3,528.2,2232,32.87
34.7,67,44.8,none,85,73.5,True,hilly,4.2,51.3,339.5,2324,23.62
-28.3,32,60.4,none,40,32.1,True,flat,8.3,92.4,478.7,2287,65.0
10.7,35,39.7,none,14,82.3,False,hilly,2.1,44.7,224.1,1502,15.65
8.4,91,47.5,rain,56,71.2,True,hilly,1.7,90.4,622.1,2178,28.92
-14.6,52,71.9,none,53,92.3,True,flat,7.0,72.5,365.0,1949,55.44
0.0,45,15.8,none,18,106.6,True,hilly,6.6,86.6,581.6,2488,38.08
15.7,75,7.9,rain,82,106.9,False,hilly,9.1,45.6,308.1,2080,23.64
20.9,92,55.3,rain,36,102.2,False,flat,3.3,65.2,449.5,2104,14.32
-29.9,12,65.8,rain,68,40.2,True,flat,2.0,67.0,401.4,2500,65.0
35.6,50,68.0,none,19,71.7,True,flat,4.3,70.9,443.1,1768,23.61
-18.5,65,51.3,none,87,111.6,True,hilly,3.8,77.7,445.2,2271,65.0
-13.6,39,66.7,none,77,95.4,True,flat,9.4,63.4,440.0,1555,54.9
-11.6,80,56.1,none,45,98.1,True,flat,9.2,66.8,432.1,1992,49.88
-27.4,97,7.0,none,67,52.7,True,flat,4.3,62.2,400.7,2130,65.0
-21.4,95,61.0,none,27,62.5,True,flat,4.1,81.9,467.5,1707,56.07
39.0,34,14.3,snow,99,125.6,True,flat,4.4,94.5,529.4,1974,31.39
-7.9,30,18.9,none,82,114.7,True,hilly,7.3,46.9,286.5,1957,44.51
-21.9,96,31.6,none,81,46.5,True,hilly,5.5,57.3,295.6,1781,65.0
-22.5,51,25.2,none,24,84.5,True,flat,2.9,53.2,310.5,2108,65.0
20.4,29,25.7,rain,12,79.1,False,flat,7.7,96.4,584.3,2177,11.75
29.8,74,13.5,none,63,74.4,False,hilly,9.0,75.7,491.9,1588,15.6
-12.0,36,23.5,none,23,77.1,True,flat,7.2,48.6,298.4,1655,42.21
-28.5,34,1.6,snow,80,94.3,False,flat,1.9,63.9,369.2,2457,65.0
-14.4,89,37.8,rain,47,126.7,False,flat,7.9,68.4,345.9,1539,51.02
-26.0,25,61.5,rain,40,117.5,False,hilly,9.9,77.4,496.5,1609,65.0
-22.8,16,69.0,snow,17,117.5,True,flat,6.9,52.9,345.9,2313,65.0
0.2,34,65.6,none,100,100.3,True,flat,2.4,70.1,470.4,2309,40.02
-13.9,65,33.3,rain,96,31.8,True,mountainous,0.1,88.1,475.4,2454,63.64
6.1,21,58.4,none,22,74.0,True,flat,3.9,79.6,478.4,2366,27.69
-12.3,52,23.0,none,40,81.1,True,flat,4.7,46.3,273.9,1716,46.35
35.8,66,4.4,none,45,114.2,True,mountainous,9.1,94.7,617.8,2181,43.52
33.4,86,54.1,none,37,122.3,True,flat,6.2,60.3,362.2,1698,18.64
9.7,31,51.9,none,94,75.2,True,flat,2.8,65.5,431.8,2324,22.61
-5.2,84,64.1,none,75,60.0,True,hilly,6.9,81.5,421.2,2022,46.15
-3.3,31,49.3,none,96,63.7,True,hilly,0.9,67.7,345.6,1964,38.94
-1.2,71,12.6,none,89,87.9,True,hilly,2.1,75.3,416.6,2001,31.67
20.9,49,68.3,none,78,57.5,False,hilly,7.4,68.7,408.5,1524,19.24
1.6,20,50.2,none,73,121.1,True,hilly,3.0,58.5,380.2,2216,43.11
30.0,74,64.6,none,88,71.9,False,flat,0.3,66.5,380.9,1667,5.15
36.1,30,61.9,none,72,129.0,True,hilly,5.0,58.7,380.5,1637,27.99
-6.5,26,23.8,none,27,41.0,False,hilly,6.6,66.9,445.9,1801,35.18
9.2,42,6.0,none,68,48.8,True,flat,7.9,52.2,313.2,1990,23.49
-23.3,69,14.1,none,56,81.2,True,flat,3.1,43.6,301.8,2009,65.0
-16.0,31,7.4,rain,98,116.8,False,hilly,4.2,81.9,434.6,2157,55.09
-1.1,27,19.5,none,56,65.4,True,mountainous,5.6,47.6,265.9,1566,51.85
-15.6,11,36.8,none,13,113.7,True,hilly,0.7,89.3,624.9,1839,57.21
31.4,52,72.5,none,34,72.5,True,hilly,2.0,61.8,329.8,1745,26.86
-18.9,49,69.8,snow,93,115.3,True,flat,3.7,54.9,374.8,1903,65.0
1.9,31,57.5,none,97,57.7,True,flat,2.7,64.6,441.8,2009,24.05
12.4,15,1.9,none,76,77.2,True,flat,4.7,49.0,307.5,2349,12.87
18.4,49,27.3,rain,15,57.9,False,flat,6.5,90.9,463.6,2360,12.53
-3.2,81,54.6,none,12,51.5,False,hilly,5.4,50.0,301.0,2035,27.48
30.8,74,10.3,none,53,72.1,False,flat,7.7,69.6,357.8,2286,9.24
9.8,87,64.1,none,100,63.5,True,flat,6.3,49.7,281.6,1904,22.18
0.8,11,73.2,snow,88,108.7,False,flat,2.9,42.7,215.2,2488,30.87
-25.3,97,28.3,rain,94,104.8,True,flat,1.2,87.9,447.4,1626,65.0
2.5,41,56.5,none,66,65.9,True,flat,6.4,73.4,469.6,1643,34.65
27.5,99,11.9,none,87,129.2,False,flat,2.1,44.7,311.2,1793,12.3
13.0,33,55.3,none,39,127.4,True,flat,3.2,93.6,614.3,1604,21.09
28.3,52,1.7,none,12,121.8,False,flat,8.0,63.6,368.1,1506,11.6
4.6,42,12.1,none,93,88.7,True,flat,2.2,65.6,372.1,1827,24.34
-21.7,42,56.8,none,30,71.2,False,flat,5.4,69.7,487.0,1546,57.91
-29.0,86,56.9,none,76,61.3,True,flat,0.9,53.5,292.2,2082,65.0
-8.8,77,51.3,rain,69,31.5,True,flat,4.2,73.0,370.9,2335,42.49
18.9,99,38.2,none,24,93.2,False,flat,9.8,55.0,303.7,1682,13.68
25.3,65,54.0,none,28,85.3,False,hilly,9.5,90.2,512.4,2101,18.07
-9.3,52,61.9,rain,40,93.0,True,flat,9.5,89.6,535.3,1742,50.81
4.7,18,77.3,none,78,87.6,True,flat,6.0,68.6,438.9,2030,31.52
-0.5,100,71.1,rain,14,43.8,True,hilly,2.9,71.9,453.9,2035,36.25
-1.3,60,63.6,none,47,99.5,True,mountainous,3.5,99.6,623.0,1552,48.72
-13.8,73,55.6,rain,70,66.0,True,flat,2.1,87.7,594.4,2430,49.82
-20.5,47,45.9,snow,25,81.6,True,flat,1.0,43.8,269.7,1678,65.0
-16.2,59,9.6,none,21,66.6,True,flat,1.7,50.4,269.5,2076,46.08
-26.1,95,13.2,none,45,32.2,True,hilly,4.7,75.8,433.5,1958,65.0
-16.1,25,65.6,none,36,117.7,True,flat,0.3,62.3,395.3,2304,57.41
-29.4,36,64.3,none,68,44.9,True,hilly,9.4,88.2,533.9,1877,65.0
13.9,24,49.2,none,97,88.2,True,hilly,5.6,78.5,483.2,2230,26.39
-7.9,81,35.1,none,10,118.3,True,mountainous,1.7,99.4,556.5,2274,55.48
38.1,16,2.1,rain,91,52.1,True,hilly,4.2,40.8,227.4,1665,23.85
-16.4,17,26.2,rain,49,71.2,True,flat,3.8,66.3,391.2,2173,51.06
-5.8,37,33.7,snow,70,67.8,True,flat,8.4,64.5,326.6,1937,50.41
-5.0,56,38.9,none,87,38.9,True,flat,1.2,66.1,387.4,2455,36.33
-29.4,47,74.3,none,62,72.4,False,flat,4.3,93.1,557.0,2488,65.0
28.7,14,8.7,rain,19,77.9,False,mountainous,7.1,64.4,329.6,2201,24.54
-27.8,96,41.5,none,23,32.7,True,flat,3.7,87.8,444.6,2064,65.0
35.8,96,29.4,none,81,78.8,True,hilly,3.6,78.0,391.2,1818,17.63
32.4,35,79.2,none,31,39.4,True,hilly,3.4,69.3,396.4,1763,24.96
7.5,76,68.9,none,61,119.2,True,flat,7.6,81.6,489.1,1979,29.02
8.1,62,35.1,none,49,95.0,True,hilly,1.2,53.7,287.3,2035,32.33
15.8,31,80.0,none,37,35.6,False,hilly,8.6,48.5,329.6,2045,18.04
-2.9,34,41.1,none,81,112.7,True,flat,0.7,98.0,604.5,2309,40.52
15.3,54,13.4,none,76,66.2,True,flat,3.2,63.5,393.3,2343,14.84
-26.9,48,44.5,rain,68,52.6,True,flat,3.9,58.2,298.8,1854,65.0
-26.2,36,18.1,none,44,55.4,True,flat,3.9,55.9,288.6,2011,65.0
2.0,83,50.9,none,30,89.8,True,hilly,1.9,77.3,464.8,2257,26.47
8.5,53,75.0,none,56,38.2,True,mountainous,6.0,99.8,651.1,2372,35.14
32.1,69,62.9,none,84,35.9,True,flat,4.5,93.7,625.6,1650,15.86
-22.7,27,21.9,none,62,92.8,True,flat,5.7,64.0,389.4,2247,65.0
27.6,58,23.7,none,97,128.2,False,flat,6.1,93.7,579.0,2419,14.59
-15.3,39,5.5,none,11,78.3,False,mountainous,1.9,67.4,420.0,1751,54.78
-2.4,57,22.9,none,100,71.3,True,hilly,9.2,46.6,261.7,1989,45.91
-7.8,80,7.4,none,72,124.7,True,flat,8.3,51.3,356.4,1503,51.37
-2.0,79,40.0,rain,85,54.1,False,hilly,8.3,54.6,379.4,2322,32.7
-19.5,42,56.7,none,40,54.1,True,mountainous,5.3,95.1,594.1,2343,65.0
5.2,72,60.1,none,56,120.5,True,flat,8.2,98.7,568.5,2414,35.57
26.1,95,4.8,snow,82,94.7,False,flat,6.3,53.6,359.3,2230,17.8
0.9,66,27.2,none,78,35.4,True,flat,4.5,64.2,343.4,1839,28.2
4.3,23,23.1,none,40,97.4,True,flat,7.5,98.9,613.8,1681,27.59
29.4,71,8.3,none,39,112.0,False,flat,6.0,90.8,597.5,1838,10.24
19.4,19,29.0,none,70,57.4,False,flat,0.0,66.6,333.4,1728,4.32
4.3,88,23.9,none,94,68.3,True,hilly,10.0,67.2,393.8,1608,35.73
-12.0,56,50.8,none,49,49.8,True,flat,4.3,92.7,512.2,1966,49.23
31.9,45,70.7,none,42,93.3,True,flat,5.7,41.8,275.5,1704,22.89
10.4,15,36.4,snow,91,96.4,True,flat,4.1,95.8,656.2,1565,34.28
-14.5,44,59.7,none,71,36.9,True,flat,1.0,45.4,242.5,2056,45.32
-11.2,91,11.7,none,45,97.8,False,hilly,8.3,94.1,504.2,2069,46.34
26.2,12,71.6,none,15,95.8,True,flat,6.8,43.8,303.6,2008,26.09
-26.9,53,12.2,none,75,33.5,True,mountainous,8.3,98.1,591.2,1676,65.0
39.4,94,15.4,none,42,85.5,True,flat,4.8,40.5,210.5,1918,13.38
-20.9,46,8.5,snow,16,91.4,True,flat,7.9,97.9,504.4,2203,65.0
25.7,49,24.8,none,65,73.0,False,hilly,8.0,43.7,303.0,2220,17.46
-2.4,62,44.2,snow,39,120.1,True,mountainous,3.4,47.5,278.6,2101,64.25
4.5,52,79.0,none,40,62.8,True,mountainous,0.0,97.8,673.1,2333,38.25
31.6,25,63.5,none,53,36.7,True,hilly,8.6,87.5,538.5,2117,27.07
-1.1,12,30.4,none,75,97.2,False,mountainous,1.8,90.4,582.5,1559,32.92
7.6,65,46.1,none,35,90.5,False,hilly,8.7,65.9,366.2,2270,28.08
-26.5,93,49.9,none,17,128.9,True,flat,6.2,44.8,230.1,1885,65.0
-29.8,20,65.8,none,48,53.1,True,hilly,6.3,48.9,321.6,1721,65.0
-12.9,29,58.9,none,15,69.5,True,flat,2.5,95.4,509.2,1535,42.01
17.6,43,45.5,none,73,76.1,False,flat,4.0,63.1,405.7,1824,7.26
-21.5,83,53.5,rain,96,116.2,True,flat,3.1,85.3,439.6,2111,65.0
-22.0,34,59.7,none,69,71.5,True,hilly,1.9,81.4,500.7,2353,65.0
-1.2,89,10.7,none,35,107.2,True,hilly,7.2,68.4,445.2,1813,45.41
15.3,15,16.0,none,26,45.7,False,hilly,1.0,91.6,461.7,2007,10.83
19.8,95,55.1,none,31,71.0,False,flat,5.1,79.3,457.9,1657,5.8
-17.5,60,68.0,rain,30,45.5,True,flat,5.4,84.4,521.2,1951,55.76
-24.4,69,32.7,none,38,125.0,True,flat,9.6,90.2,595.1,1784,65.0
35.8,43,78.4,snow,19,47.8,True,flat,8.7,53.4,294.3,1646,27.02
-11.8,80,17.3,rain,91,71.9,True,hilly,4.9,57.6,382.0,1990,57.78
29.7,25,33.3,none,90,38.2,False,flat,8.4,85.3,537.2,2451,8.67
30.4,14,30.3,none,65,122.1,True,flat,7.9,89.8,511.0,2111,22.58
24.1,46,74.4,rain,16,92.4,True,flat,0.3,75.9,424.7,2218,25.24
-18.2,87,22.8,rain,82,126.2,True,hilly,9.2,99.6,637.8,1721,65.0
27.5,78,37.7,none,16,34.2,False,flat,6.9,92.7,597.6,1928,6.06
23.8,57,15.0,snow,20,47.5,False,flat,6.7,88.0,552.3,2373,12.61
11.8,61,41.7,snow,39,68.0,True,flat,7.1,54.7,322.2,1931,33.71
-6.4,22,68.6,none,49,92.1,True,mountainous,2.2,60.0,302.6,1808,52.07
-11.6,86,24.3,rain,42,63.0,True,mountainous,0.3,61.6,379.0,1658,57.11
-21.5,81,64.9,none,25,101.2,True,hilly,2.3,45.6,283.6,2082,65.0
5.7,69,72.9,none,20,46.5,True,hilly,7.9,83.9,459.7,1571,34.84
11.0,52,5.8,none,87,90.1,True,flat,6.0,64.7,350.0,1688,30.97
-4.8,97,60.5,none,43,69.8,True,flat,3.6,77.3,519.9,1702,33.26
3.3,89,20.4,rain,30,80.8,True,hilly,2.4,82.6,442.5,1538,35.72
-4.6,68,14.0,none,54,87.0,True,hilly,8.0,40.5,219.5,1594,46.17
14.9,43,48.1,none,13,36.0,True,flat,4.6,42.9,267.7,1924,22.8
33.1,66,56.4,rain,64,122.4,True,flat,6.1,60.1,338.9,1508,28.43
-18.5,62,31.6,none,32,108.6,True,flat,0.1,79.3,466.7,1963,53.69
-3.3,45,3.1,none,64,74.2,True,hilly,4.3,68.7,416.3,2469,38.23
-20.1,38,72.7,none,65,84.7,True,hilly,0.2,96.3,661.0,1955,65.0
13.7,47,58.5,none,83,33.3,False,hilly,7.9,55.4,305.9,2311,16.4
21.0,62,21.7,rain,31,79.8,False,hilly,2.5,46.2,235.3,1503,17.61
35.2,49,39.7,none,52,72.6,False,flat,1.7,46.9,245.2,2243,6.86
-10.5,34,2.2,none,97,67.4,True,hilly,9.3,53.5,273.0,1960,50.37
36.5,78,27.1,none,75,111.5,True,flat,0.2,54.2,352.6,1793,11.52
-25.6,58,41.8,none,98,48.2,True,hilly,2.0,62.7,436.8,1504,65.0
12.2,16,41.4,none,93,47.6,True,flat,2.4,73.8,381.1,2087,14.88
-26.0,43,16.7,none,65,82.2,True,flat,8.2,55.0,306.0,2276,65.0
32.6,90,62.1,none,34,98.7,False,flat,7.1,70.9,475.7,1670,11.9
7.1,78,23.9,none,78,32.2,True,flat,9.7,68.7,466.6,2287,25.42
16.9,39,46.4,none,73,84.6,False,mountainous,6.9,58.5,318.1,2370,30.79
28.2,94,21.7,none,63,59.9,False,flat,2.4,66.0,451.6,2254,3.46
-19.5,17,34.0,none,73,105.7,True,flat,1.7,63.0,387.8,2310,61.17
-27.3,97,16.6,rain,65,76.9,True,flat,7.6,97.0,678.1,2166,65.0
31.5,32,50.6,none,57,113.4,False,hilly,9.0,44.1,222.6,2290,19.57
-8.0,11,34.0,none,47,69.7,True,flat,9.1,86.0,565.3,2367,46.3
-21.0,49,1.3,rain,14,112.7,True,flat,7.7,58.6,299.3,2026,65.0
2.8,42,2.3,snow,88,101.7,False,flat,7.9,51.1,330.7,2332,30.35
11.9,59,37.7,none,88,112.8,True,flat,6.6,92.2,635.4,2290,27.23
-27.8,82,14.7,none,63,111.2,True,flat,7.4,68.2,385.4,1695,65.0
-10.8,86,46.8,none,34,78.6,True,flat,1.2,70.6,400.9,1787,41.15
-27.7,46,32.7,snow,13,66.8,True,flat,3.3,64.9,355.8,2377,65.0
-0.6,49,52.4,none,10,106.5,True,flat,4.6,64.3,376.8,1896,34.79
32.7,23,76.2,snow,17,66.2,True,flat,6.6,81.6,485.0,2497,30.48
38.8,14,42.3,none,42,38.9,True,flat,4.2,85.6,525.7,2160,17.93
14.6,68,63.0,none,27,115.9,True,flat,3.7,87.3,557.0,1547,28.44
-18.7,16,60.2,rain,34,69.7,True,mountainous,5.6,71.5,445.9,1887,65.0
33.4,76,73.7,rain,73,43.3,True,hilly,3.9,82.1,426.8,2292,25.27
6.1,59,17.1,rain,96,94.6,True,flat,0.7,86.7,542.8,1869,28.58
-19.2,28,66.2,rain,29,119.0,True,flat,9.7,81.0,436.2,1876,65.0
34.5,59,72.4,rain,52,116.1,False,hilly,9.3,51.6,313.3,1844,24.92
23.0,26,31.4,none,99,85.4,True,flat,0.4,82.7,510.7,1829,14.69
21.2,49,25.1,none,94,38.8,False,hilly,5.3,78.9,463.3,1694,11.46
19.6,82,76.2,none,42,99.7,False,hilly,7.1,45.8,267.1,1689,17.47
-16.0,52,50.2,none,39,90.9,False,flat,6.1,78.8,460.9,2294,44.39
-15.2,23,30.5,none,32,51.0,True,hilly,3.5,92.5,506.0,2116,48.16
18.2,75,63.3,none,24,120.1,False,flat,8.0,64.8,428.1,1773,17.43
-14.6,27,24.4,none,51,38.7,True,hilly,6.1,48.0,286.7,2283,53.26
0.7,76,14.1,none,41,67.3,True,flat,2.4,76.6,460.6,2096,27.66
24.7,53,43.5,snow,77,39.5,False,flat,6.1,54.3,291.8,1977,11.8
24.9,51,45.3,none,31,121.2,False,flat,2.7,72.7,432.7,2118,13.3
1.7,87,66.1,none,76,33.5,True,flat,6.0,80.2,470.9,1804,32.7
25.5,74,36.6,none,36,72.6,False,flat,7.6,70.6,411.6,2241,7.47
28.7,13,65.2,none,63,116.2,False,flat,3.0,58.5,344.8,1736,11.6
15.8,37,24.9,none,67,55.1,False,hilly,2.8,91.4,502.1,2057,10.45
-14.0,88,46.0,none,70,40.5,True,flat,7.3,48.2,317.3,2344,55.1
-10.8,12,16.7,none,26,42.7,True,hilly,5.1,42.6,229.5,2023,45.65
-8.0,59,30.8,rain,35,70.5,True,mountainous,1.4,89.7,545.4,2007,56.0
-21.8,76,68.6,rain,32,72.9,True,flat,5.5,42.1,237.4,2148,65.0
-10.9,66,17.3,none,62,101.8,True,flat,6.6,69.2,445.7,1814,48.08
-15.3,78,64.8,none,17,53.8,True,hilly,4.9,72.3,461.3,2489,54.23
1.9,75,22.6,none,57,100.2,True,hilly,6.2,60.3,385.7,2201,40.63
33.6,72,2.8,rain,18,129.9,True,flat,3.6,56.6,382.9,1836,23.79
-22.7,84,8.8,none,40,116.4,True,flat,8.8,84.4,553.9,2134,65.0
20.4,68,59.7,none,72,93.6,False,flat,2.4,62.0,350.8,2378,5.02
18.1,46,21.0,none,47,124.0,False,flat,2.8,47.4,274.5,2342,7.29
-23.3,52,52.3,none,35,129.1,True,flat,7.7,67.8,456.6,2445,65.0
34.6,75,55.9,none,65,87.0,False,flat,0.6,83.6,555.6,1654,5.16
9.8,89,27.6,none,77,57.4,False,flat,9.9,58.5,400.2,1818,14.96
-4.5,34,38.0,rain,33,121.5,True,hilly,6.3,47.9,320.0,2445,45.56
23.0,41,32.3,none,37,114.4,False,hilly,8.1,60.5,318.0,2152,23.87
-12.0,94,75.8,none,68,38.5,True,hilly,5.8,72.7,411.7,2416,52.06
18.5,62,25.6,rain,97,123.6,False,flat,7.9,46.1,257.5,1755,18.32
-27.2,26,14.7,rain,29,66.6,True,mountainous,4.3,54.1,311.3,2242,65.0
28.8,70,29.2,none,69,62.2,False,flat,5.8,98.2,548.7,2015,12.08
1.4,99,53.6,none,92,64.3,True,hilly,6.6,52.2,343.3,2151,35.75
14.6,84,55.8,none,52,62.0,True,hilly,9.0,43.8,280.5,2066,25.91
-14.5,77,73.9,none,39,81.6,True,flat,0.3,65.9,355.9,2231,47.21
17.4,29,70.5,none,70,88.0,False,hilly,1.1,44.4,238.1,1706,14.36
24.1,89,23.1,rain,13,72.6,False,flat,6.9,40.8,221.9,2476,12.44
3.1,57,36.4,none,42,71.3,True,flat,3.4,40.9,230.4,2010,25.88
13.2,90,59.8,none,33,103.7,True,flat,6.8,57.8,367.8,2320,23.64
1.9,40,73.3,none,30,30.3,True,hilly,2.3,44.4,254.9,1520,26.71
32.6,16,27.0,none,26,124.7,False,mountainous,6.3,51.6,301.6,1652,29.59
4.9,53,35.6,none,76,101.4,True,hilly,4.8,78.9,401.1,1833,38.69
28.9,34,72.0,none,96,100.7,False,mountainous,1.2,57.3,341.5,2210,25.62
26.1,74,28.7,none,45,72.2,False,mountainous,9.3,74.5,438.5,1809,25.13
-1.3,96,38.4,none,14,126.6,True,flat,7.9,64.7,411.8,2277,42.83
-13.9,72,72.4,none,75,30.0,False,flat,7.8,93.1,503.0,1631,39.3
-1.6,90,64.2,none,58,37.6,True,hilly,7.0,81.8,527.1,1944,36.54
27.8,51,19.5,none,75,110.4,False,flat,0.2,91.2,586.6,1819,6.8
-14.1,79,26.0,none,68,103.9,True,flat,5.0,71.1,444.2,1598,47.25
6.7,86,28.2,none,91,57.1,True,hilly,7.5,86.9,496.6,2225,24.06
26.4,74,73.0,rain,23,89.5,False,flat,2.2,76.9,393.7,2378,11.85
-5.3,56,79.9,rain,25,83.2,True,flat,6.2,84.6,463.2,2375,50.31
15.0,66,61.9,rain,41,82.7,True,hilly,9.3,81.1,556.2,1766,37.79
-12.8,73,38.7,none,54,89.6,True,flat,7.5,58.0,392.2,2467,42.43
-22.4,33,0.8,none,93,129.4,True,flat,5.5,47.5,256.4,2301,65.0
25.6,83,55.8,none,92,128.7,True,flat,3.1,88.4,498.7,1739,24.0
-23.1,96,31.1,rain,88,128.2,True,hilly,6.4,44.6,224.1,2377,65.0
-11.0,52,50.6,rain,30,84.9,True,flat,7.1,76.3,428.9,1691,47.66
29.9,73,48.5,rain,76,61.8,False,hilly,6.4,99.3,655.7,1648,16.41
-5.7,76,38.5,none,45,86.0,True,mountainous,7.6,51.0,313.0,2380,54.26
38.1,70,75.6,rain,94,92.3,False,hilly,2.8,84.6,570.1,2424,15.84
38.6,59,1.9,rain,29,61.1,True,mountainous,5.1,97.2,672.8,1952,29.58
-11.2,89,57.0,none,23,93.3,True,mountainous,5.5,69.7,379.5,2153,65.0
-27.1,50,32.8,none,86,92.2,True,flat,0.9,74.4,454.4,1820,65.0
19.4,15,57.1,none,75,120.3,False,hilly,1.8,62.1,404.0,2265,15.69
1.6,86,54.0,none,84,53.8,True,flat,3.1,66.5,415.2,2337,30.1
-22.9,71,0.8,none,24,99.8,True,flat,0.5,77.8,429.5,1701,64.93
19.5,86,22.8,rain,90,75.1,False,hilly,2.3,92.3,641.8,2193,12.79
-27.8,22,15.1,rain,71,43.0,True,flat,5.2,97.1,616.7,2387,65.0
30.9,13,13.4,snow,69,61.6,True,flat,5.4,72.6,364.4,2268,31.43
-20.3,94,58.3,none,62,35.7,True,hilly,2.5,86.9,524.4,2293,65.0
-21.1,23,19.2,none,79,61.9,True,flat,9.5,84.2,448.9,1730,58.92
-17.7,83,38.0,none,47,36.9,True,flat,4.7,54.8,353.4,2326,48.53
37.2,84,19.8,none,22,122.5,True,hilly,6.4,67.7,347.4,2008,27.19
18.5,74,46.4,none,59,40.2,True,flat,0.3,81.0,460.2,1512,14.15
26.1,22,57.6,rain,77,111.7,False,hilly,4.0,47.7,268.6,2168,21.79
-2.2,70,26.5,none,24,120.6,True,flat,5.4,93.0,631.1,2276,44.51
-6.5,90,48.2,none,30,76.8,True,hilly,3.1,64.2,432.9,2282,44.61
-13.6,48,66.0,none,73,35.4,True,flat,1.7,67.2,446.7,2433,39.22
3.6,47,7.5,snow,34,89.6,True,flat,2.0,92.2,598.5,1586,38.52
8.6,50,56.9,none,25,53.5,True,flat,4.7,50.3,347.8,1688,27.84
14.2,17,25.9,none,90,47.7,True,hilly,0.7,42.1,226.8,2426,16.63
-12.0,90,9.8,snow,24,86.7,False,flat,2.3,57.2,379.5,2251,41.91
36.4,88,43.7,none,41,65.6,False,hilly,7.2,49.0,311.1,1917,11.21
-18.1,100,18.1,none,49,103.0,True,flat,2.1,99.1,634.7,1638,59.54
37.6,63,65.7,none,53,89.1,True,hilly,1.2,74.0,433.0,2337,25.06
-29.0,78,3.4,none,43,112.9,True,flat,0.8,73.9,465.7,1811,65.0
3.7,28,7.9,none,92,35.8,True,flat,9.9,87.6,479.9,2334,27.45
-6.7,70,41.7,rain,69,53.5,True,hilly,0.9,55.5,336.4,2057,40.85
1.4,68,47.1,none,42,86.7,True,hilly,4.3,71.4,495.3,2037,37.73
9.9,91,58.4,none,42,118.0,True,hilly,5.1,48.5,309.1,2103,35.24
0.5,85,20.7,none,55,111.3,True,flat,9.6,45.6,289.7,1920,37.8
-1.0,94,67.3,none,13,98.0,True,hilly,8.9,66.4,363.2,1610,40.1
21.3,88,76.3,none,93,87.4,False,flat,2.4,94.8,633.2,2086,5.25
18.0,88,39.9,none,30,93.1,False,mountainous,0.8,66.5,455.1,1922,20.76
28.3,16,60.8,none,73,51.4,False,flat,4.4,67.1,350.1,1959,6.17
-12.5,86,42.0,none,80,89.5,True,flat,1.0,91.9,542.7,2100,44.07
12.7,65,5.6,none,84,79.4,False,hilly,8.7,57.2,361.9,1642,19.09
11.0,44,26.1,none,25,68.4,True,flat,7.0,69.4,469.6,1739,23.76
-4.1,15,7.0,none,58,118.8,True,mountainous,9.4,49.9,302.9,1787,61.97
4.0,71,79.1,none,18,112.9,False,hilly,5.7,90.8,530.1,1877,26.37
-8.0,40,18.3,rain,82,37.7,True,hilly,3.6,42.2,214.5,1597,52.49
-20.1,52,50.9,none,54,128.6,True,flat,5.0,64.8,395.4,1656,65.0
-15.0,71,22.7,rain,24,53.0,True,hilly,1.6,56.6,320.2,1755,50.79
-22.6,92,52.3,none,75,51.5,True,flat,4.6,55.4,387.3,2195,65.0
17.8,84,16.8,snow,40,124.4,False,hilly,10.0,54.7,338.6,2171,27.71
16.3,51,62.8,none,20,74.5,False,flat,6.9,62.2,337.5,1509,12.0
36.5,45,8.9,snow,51,110.5,True,flat,0.6,94.1,657.2,1571,23.54
21.1,32,71.6,none,31,58.8,False,flat,7.3,82.5,510.2,1999,11.41
-26.4,44,67.2,rain,96,117.3,False,hilly,1.0,93.4,610.5,1925,65.0
31.9,20,54.3,snow,43,113.2,True,hilly,3.9,51.8,359.3,1794,36.51
30.4,97,5.4,none,62,81.9,True,hilly,7.9,90.9,591.3,2001,20.84
1.0,62,16.7,rain,95,100.5,False,flat,1.3,65.8,453.1,1700,26.18
11.0,22,68.7,none,45,126.4,True,flat,2.9,98.9,565.9,1635,25.58
38.3,42,9.8,none,42,75.2,True,flat,2.0,75.6,385.9,1570,16.09
7.3,59,12.5,none,25,79.4,False,flat,8.7,69.2,479.7,1572,13.8
33.4,58,43.5,none,94,102.3,True,hilly,1.5,95.5,582.2,1698,17.37
-24.2,13,21.9,none,82,68.6,True,flat,5.4,62.9,411.4,2291,65.0
-16.6,96,17.8,snow,30,126.1,True,flat,2.8,84.9,518.3,2303,62.86
0.9,35,46.1,rain,40,34.0,True,hilly,5.1,68.4,446.1,2412,41.19
10.9,11,29.8,rain,92,70.3,True,mountainous,1.7,84.0,430.1,2161,32.48
27.1,17,11.2,none,58,101.4,False,hilly,7.6,56.5,290.3,1876,13.98
39.2,62,42.8,none,60,72.9,True,flat,6.4,64.4,440.5,1629,15.31
-2.8,22,31.0,none,68,55.9,True,flat,0.4,60.7,356.5,1719,31.12
-26.7,14,58.8,none,79,71.3,True,flat,9.5,92.1,516.1,1940,65.0
26.1,44,8.2,none,95,118.2,False,hilly,8.9,95.7,653.7,1749,20.73
12.3,66,49.6,none,82,84.7,True,flat,3.0,84.1,588.7,1815,22.2
-16.1,20,34.9,rain,94,63.5,True,flat,2.9,89.3,556.2,2444,53.6
4.6,38,32.5,none,84,97.2,True,flat,5.0,61.2,374.7,1886,26.43
22.0,48,18.6,none,14,91.2,False,hilly,6.2,49.0,335.2,1653,11.72
23.9,24,2.4,none,21,86.0,False,flat,2.9,81.2,434.9,1846,6.77
5.0,56,67.8,none,90,69.1,True,flat,8.0,78.2,490.2,1538,30.47
-8.6,18,26.1,none,12,37.2,True,flat,0.8,55.8,369.2,2117,32.67
38.2,14,54.5,none,81,92.1,True,flat,4.0,94.7,613.8,2221,16.99
16.4,57,75.8,none,86,72.0,False,flat,5.6,61.5,399.2,1903,8.87
-1.4,32,45.2,snow,47,72.9,True,flat,8.0,88.9,587.7,2051,37.74
-10.4,19,31.8,none,42,53.4,True,hilly,8.7,47.7,259.0,2374,47.44
21.2,48,21.5,rain,27,54.9,False,hilly,2.4,57.2,349.6,1706,12.63
-13.0,92,74.7,none,14,108.7,True,hilly,2.4,76.9,401.2,1665,51.24
-18.0,75,54.6,none,77,77.9,True,flat,3.7,54.5,282.5,1759,53.17
7.1,83,53.2,rain,17,40.9,True,mountainous,4.3,97.4,646.2,1719,35.64
-9.7,88,34.1,none,95,34.6,True,flat,8.5,73.1,484.2,2375,39.31
14.0,98,67.6,none,37,52.5,True,hilly,0.1,83.9,450.0,1546,24.64
-21.7,79,57.1,none,81,78.7,False,hilly,6.8,73.7,451.8,1584,58.28
15.8,65,22.7,rain,15,91.7,False,flat,2.2,64.4,327.1,2441,11.06
-10.2,43,48.0,none,58,44.4,True,flat,8.8,89.3,512.9,1892,48.48
-30.0,26,34.4,none,41,73.4,True,mountainous,3.2,41.4,219.0,1995,65.0
-21.1,72,0.5,none,13,37.3,False,hilly,5.4,65.6,376.9,2080,59.48
35.4,100,64.6,none,69,33.8,True,flat,3.3,92.9,572.1,2282,9.75
30.7,52,9.8,rain,95,116.3,True,flat,4.3,45.1,298.1,2212,27.53
-13.6,75,40.8,rain,11,95.8,False,hilly,5.2,52.4,316.1,1872,49.72
24.5,55,26.9,none,34,108.1,False,mountainous,7.5,97.6,670.1,2302,28.65
12.6,49,27.4,none,73,48.2,True,hilly,1.2,97.5,507.4,2247,17.66
38.0,47,38.2,snow,88,62.2,True,hilly,3.5,63.1,383.3,2379,27.59
-3.8,55,79.8,none,27,74.4,True,mountainous,6.4,85.1,580.1,1752,53.87
17.7,43,32.7,rain,16,95.8,True,hilly,5.9,77.5,424.1,1595,23.78
-25.6,77,14.6,none,11,83.5,True,mountainous,7.8,69.6,455.2,1606,65.0
-2.3,89,49.1,none,29,85.1,True,flat,8.9,88.8,489.5,2045,38.42
37.5,89,18.9,rain,16,45.7,True,hilly,0.9,79.1,549.8,1762,25.42
7.7,30,8.4,none,42,77.5,True,hilly,7.1,45.5,296.1,1545,30.46
-9.8,91,4.0,rain,50,112.4,True,flat,2.8,90.4,570.0,2337,50.42
-21.6,41,1.8,none,53,80.9,True,flat,4.8,56.5,380.9,2362,62.26
19.2,38,34.5,none,23,50.0,False,mountainous,6.3,78.0,481.5,1867,24.63
15.1,75,34.1,rain,52,71.3,False,flat,1.5,86.5,483.2,1631,11.12
-3.8,37,14.8,none,11,105.5,True,flat,3.5,93.9,529.0,1749,37.06
36.6,15,62.7,rain,32,43.5,True,hilly,9.8,95.5,590.1,2178,28.96
-28.4,44,10.3,snow,43,88.0,True,flat,1.4,95.5,578.7,2188,65.0
-8.7,75,73.2,snow,21,126.5,True,flat,0.8,79.4,541.4,2202,56.36
34.5,39,47.0,rain,83,68.0,True,hilly,8.4,77.5,471.2,2355,27.53
-7.5,67,2.2,none,28,34.4,True,flat,4.3,40.9,246.2,2384,38.49
-12.3,69,77.0,none,78,93.3,False,flat,6.7,45.1,265.8,2489,39.4
7.4,76,24.6,rain,53,34.7,True,flat,3.1,63.6,334.1,1853,26.9
27.7,91,36.0,none,53,49.2,False,mountainous,2.0,87.6,459.0,2413,21.96
-22.8,49,22.7,none,68,34.8,True,flat,2.1,75.5,478.5,2142,65.0
36.0,25,58.3,none,14,47.1,False,flat,2.0,54.1,320.2,1622,5.86
25.7,39,38.9,none,17,115.5,False,flat,2.5,47.4,288.6,2093,8.99
-17.3,49,10.6,snow,39,103.5,True,flat,2.2,68.1,466.7,1879,65.0
19.8,74,8.3,none,48,64.2,False,mountainous,8.1,94.8,622.3,1574,22.41
-3.1,11,58.0,none,49,119.7,True,hilly,5.3,43.2,248.7,1747,51.72
-1.8,38,19.0,none,71,96.5,True,flat,3.0,67.8,444.2,2213,35.8
24.8,80,11.0,rain,10,74.8,False,hilly,3.5,43.5,302.5,1848,10.93
37.4,70,40.0,snow,96,36.8,True,flat,9.6,55.0,293.0,2145,30.65
-21.1,76,64.2,none,26,103.1,True,flat,1.8,97.2,660.5,2409,65.0
-0.6,83,22.3,rain,32,67.6,True,flat,8.9,46.3,264.2,2090,38.93
3.7,80,22.1,none,92,60.3,True,hilly,7.4,43.1,278.6,2453,39.84
-3.7,71,66.7,none,10,58.8,True,flat,6.1,45.2,287.6,1843,38.12
-4.6,50,11.8,rain,99,30.8,True,hilly,6.2,81.5,522.8,2376,41.58
-26.3,99,49.3,none,13,104.3,True,flat,4.2,40.7,276.3,2463,65.0
18.0,61,76.4,none,21,44.5,False,flat,4.4,63.6,398.3,2018,9.3
0.5,28,67.3,none,32,82.1,True,hilly,8.0,97.2,523.1,1864,47.97
-16.4,36,4.9,none,49,31.6,True,flat,8.1,44.1,279.7,1851,51.75
27.1,72,25.6,none,57,92.8,False,hilly,5.7,95.9,544.6,1924,12.99
26.2,93,11.4,none,19,66.9,False,hilly,7.7,47.1,325.1,2161,12.55
4.0,26,75.9,none,17,93.1,True,flat,8.1,47.7,268.2,1939,34.08
-9.1,17,78.9,none,13,39.0,True,hilly,3.3,76.3,418.2,2263,50.82
14.7,89,18.8,none,33,56.6,True,hilly,6.2,54.6,274.9,2190,26.16
-9.8,92,53.6,none,93,41.0,True,hilly,4.4,40.2,270.2,1825,43.53
-13.5,35,67.3,snow,45,94.6,True,flat,1.0,85.0,580.5,2306,51.36
21.1,44,18.7,none,79,40.9,False,hilly,6.5,62.3,319.7,2258,10.54
-27.2,69,15.0,snow,27,91.7,True,hilly,5.9,94.5,550.8,2118,65.0
-23.4,40,0.9,none,16,43.5,True,hilly,1.0,56.7,330.9,1687,61.76
-29.5,89,33.0,rain,60,124.3,True,flat,0.7,80.2,529.1,2006,65.0
-19.3,20,72.0,none,84,71.6,True,hilly,2.5,59.6,338.9,1953,61.67
-25.2,13,72.2,rain,91,42.7,True,mountainous,8.3,48.9,278.1,1520,65.0
39.7,29,10.2,none,59,34.2,True,flat,0.6,98.5,557.8,2492,14.77
-9.8,36,16.3,none,36,62.9,True,hilly,4.6,75.3,441.1,2208,48.25
-19.6,20,32.6,none,20,119.1,True,hilly,1.8,90.4,568.1,1870,61.99
-13.1,16,62.4,none,70,44.4,False,hilly,2.5,55.0,381.6,2077,38.62
35.5,78,48.9,rain,35,109.1,False,flat,7.7,63.6,385.1,2391,18.99
6.4,25,41.1,snow,86,71.7,True,hilly,8.5,68.6,396.5,1538,38.87
-4.5,92,47.4,none,64,110.3,True,mountainous,5.8,77.8,391.6,1759,62.24
31.1,43,7.7,snow,87,117.4,True,hilly,8.6,63.7,338.9,2448,40.1
-2.4,70,38.2,none,61,129.8,True,flat,8.6,54.8,378.2,1516,47.82
-6.5,30,79.4,rain,79,36.8,True,flat,2.2,51.4,283.7,2081,35.32
-15.5,32,7.1,snow,36,109.6,True,flat,6.5,76.0,410.4,2037,64.75
-3.6,62,41.5,none,55,37.0,True,hilly,7.8,54.9,293.2,2480,42.86
-7.8,60,23.7,none,12,61.5,True,hilly,5.6,63.8,394.0,1930,44.52
17.4,79,43.2,none,65,94.6,False,flat,8.1,42.1,243.6,2476,16.44
-9.7,78,45.9,none,58,74.7,True,flat,6.3,55.4,341.6,1512,44.73
10.4,70,46.2,rain,78,86.5,True,flat,2.8,69.0,479.3,1839,25.0
-25.4,50,68.2,none,76,126.6,True,hilly,6.9,87.8,451.9,1769,65.0
-16.6,90,31.2,snow,66,111.9,False,flat,5.9,62.4,328.7,1646,55.01
-1.5,66,41.3,none,15,66.4,True,flat,6.2,57.7,354.8,2496,30.7
35.6,99,0.9,none,91,90.0,True,flat,1.0,71.0,378.1,2472,14.71
-3.6,84,63.2,none,12,34.8,True,hilly,1.3,43.0,272.0,1644,31.56
16.5,14,20.8,snow,82,75.3,False,flat,8.1,61.2,405.9,2023,19.96
-12.1,39,65.3,none,53,90.8,True,hilly,4.3,48.1,310.6,1595,51.3
-21.1,61,21.3,snow,84,101.5,True,flat,2.2,55.2,311.1,1624,65.0
-25.9,75,0.9,none,52,120.2,True,flat,0.9,63.4,423.5,2209,65.0
-8.6,60,12.4,none,68,58.3,True,flat,2.6,43.5,261.8,2367,32.09
-19.0,81,78.9,none,43,120.2,True,flat,3.0,87.8,576.7,2105,65.0
-17.8,35,25.6,rain,77,96.2,True,flat,9.8,56.5,391.1,1613,65.0
23.3,27,8.7,none,33,37.8,False,flat,8.3,54.0,320.1,2326,8.85
-28.9,15,9.5,none,75,68.0,True,flat,0.8,60.6,359.4,2363,65.0
9.0,62,24.8,none,27,77.7,True,flat,7.5,62.1,341.3,2060,22.36
-3.4,72,3.0,none,75,65.2,False,hilly,5.6,88.8,465.6,1917,30.37
5.5,39,40.9,none,36,41.6,True,hilly,2.3,57.1,369.4,1908,26.04
9.4,65,17.1,rain,35,85.2,True,flat,7.5,67.6,439.4,2161,27.85
-8.1,15,41.5,none,83,43.2,True,flat,0.3,69.9,418.5,2415,34.21
-9.3,19,11.3,rain,83,121.5,True,mountainous,7.3,58.3,380.0,2408,64.59
21.3,73,34.4,none,72,116.5,False,flat,9.0,87.0,477.4,2285,17.45
31.0,43,47.8,none,93,77.5,True,mountainous,8.8,77.4,387.7,1854,31.19
-16.5,70,5.0,none,24,36.8,True,hilly,7.7,83.3,421.7,1903,50.5
-23.2,85,31.9,none,34,85.2,True,flat,9.3,43.3,264.7,2227,65.0
32.8,87,24.2,rain,36,89.2,True,mountainous,7.1,89.2,455.0,2193,39.8
-5.5,25,19.2,rain,37,118.8,True,flat,6.9,54.4,362.4,2418,45.33
8.6,54,48.4,none,40,36.8,True,flat,0.3,45.5,292.5,2292,22.24
-4.8,76,47.1,snow,73,99.2,True,flat,1.7,79.7,537.8,2479,51.15
-21.2,80,50.5,none,34,86.3,True,hilly,7.8,53.1,338.5,1722,65.0
11.3,81,12.7,rain,36,47.5,True,flat,10.0,64.4,329.9,2423,31.56
6.8,31,22.9,none,61,42.2,True,flat,7.2,82.5,465.2,2474,17.17
-15.8,27,16.8,none,27,99.4,True,hilly,5.8,46.2,263.8,2405,60.6
1.6,63,43.2,none,43,64.0,True,flat,1.8,47.7,293.7,1641,23.97
25.8,77,36.9,none,15,130.0,False,flat,9.5,79.9,553.3,2441,16.83
11.3,39,26.4,snow,96,119.4,False,flat,6.5,67.0,438.0,2258,25.13
-23.2,19,62.9,none,39,86.6,True,hilly,4.9,53.3,293.2,1862,65.0
8.4,75,7.5,none,87,94.2,True,mountainous,8.6,70.9,368.6,1955,43.5
19.2,37,78.0,none,58,45.9,False,hilly,9.5,77.1,523.9,1565,19.48
25.5,25,9.3,none,31,119.4,False,flat,3.7,64.3,396.0,1912,12.82
14.0,23,61.8,none,27,75.9,True,flat,5.2,50.4,266.5,1747,19.74
-19.3,38,29.5,none,73,82.1,True,flat,1.2,78.9,526.2,2219,55.95
19.7,63,69.2,none,97,117.3,False,hilly,9.6,47.3,296.2,2065,20.93
17.4,42,5.9,none,26,30.6,False,hilly,1.2,79.2,537.0,2434,5.31
-28.3,12,30.0,none,20,79.4,True,flat,9.3,56.3,366.9,2119,65.0
-1.2,19,26.8,none,45,92.7,False,flat,1.9,40.1,242.2,2278,21.5
-6.7,36,79.5,rain,45,45.9,True,flat,9.1,67.9,416.4,2313,46.37
16.9,69,78.8,rain,83,36.8,False,hilly,4.5,58.6,354.3,1567,13.66
-14.9,19,15.2,rain,52,83.5,True,mountainous,5.9,53.8,274.7,2321,65.0
11.4,60,50.4,snow,16,84.8,True,flat,0.4,69.9,480.2,1664,20.58
33.9,21,42.8,rain,93,63.0,True,hilly,3.9,60.2,419.9,1720,23.82
25.8,29,12.3,none,44,118.2,False,flat,4.9,57.7,323.6,2002,6.92
34.5,25,13.4,none,70,60.1,True,flat,0.1,85.8,569.3,1966,10.98
38.5,16,79.1,snow,70,81.6,True,flat,6.6,45.0,314.6,2454,25.79
-29.3,70,36.2,none,15,48.7,True,flat,8.4,63.9,321.8,1946,65.0
13.6,52,10.1,none,10,31.1,True,flat,0.2,54.8,309.4,1921,9.5
-1.1,85,17.2,none,18,72.6,True,flat,4.9,57.1,350.7,2321,34.3
30.2,19,21.5,snow,96,82.7,True,hilly,0.3,66.5,385.0,1794,21.93
-12.4,23,40.9,rain,81,106.5,True,flat,8.7,95.4,661.4,2299,56.39
38.7,38,26.8,none,22,74.9,True,flat,1.6,79.6,428.3,1745,21.16
13.0,79,36.4,snow,65,57.9,True,flat,0.6,51.6,298.5,1905,23.16
25.5,38,13.3,snow,65,90.4,False,mountainous,8.6,74.3,480.7,2413,34.54
-24.0,47,26.1,none,10,68.1,True,flat,4.4,49.2,324.6,1973,65.0
-17.2,37,5.6,rain,49,53.3,True,flat,1.0,93.1,484.4,2431,49.52
23.1,17,71.2,rain,74,121.0,False,mountainous,6.5,65.4,356.0,1878,29.73
-28.5,95,15.9,none,27,83.7,False,flat,7.1,97.0,510.5,1588,65.0
27.2,59,60.6,none,87,50.0,False,flat,5.7,79.7,478.5,2263,9.11
-29.0,81,28.0,none,69,97.1,True,flat,3.3,90.0,545.9,1748,65.0
16.0,69,38.0,none,11,110.3,False,flat,4.2,50.8,328.6,2249,10.6
-4.4,56,23.3,snow,87,105.9,True,flat,9.5,91.3,616.0,2076,46.83
12.8,18,55.7,none,12,90.0,True,hilly,5.3,51.4,271.0,2475,29.6
18.7,68,67.6,none,90,82.0,False,flat,4.0,98.6,597.4,1926,8.73
-6.0,24,22.9,snow,40,107.7,True,hilly,7.1,56.8,338.6,2395,54.39
-22.4,47,19.4,snow,73,100.8,True,flat,0.8,81.0,550.4,2224,65.0
-25.1,67,54.5,none,81,87.1,True,flat,2.9,72.8,440.8,1645,65.0
11.2,80,15.6,snow,35,95.8,True,flat,2.3,68.7,375.2,2212,24.08
6.4,72,51.2,none,42,46.9,True,flat,6.8,65.7,450.3,2138,19.11
22.0,70,7.6,none,56,32.0,False,flat,6.0,63.0,432.4,2478,4.68
5.7,23,49.6,rain,62,123.1,True,mountainous,7.6,58.2,305.6,1957,45.5
-0.4,41,41.1,rain,36,123.5,True,flat,4.3,75.8,508.5,2055,33.27
-2.1,14,9.1,rain,99,108.8,True,flat,1.7,99.1,661.1,2210,34.54
-28.1,75,51.9,none,76,67.2,True,flat,1.8,80.3,496.4,2108,65.0
-6.5,96,35.7,none,35,45.1,True,flat,8.9,85.4,507.9,2115,39.36
38.3,34,17.4,snow,68,65.7,True,hilly,0.7,79.3,425.6,1952,30.87
31.1,18,28.3,none,49,102.6,True,flat,5.9,70.9,384.5,2271,25.61
-6.9,53,39.4,none,87,63.5,False,flat,2.3,89.0,492.0,1510,26.65
11.1,87,7.3,rain,40,109.6,True,hilly,2.1,59.4,306.5,1657,31.37
29.3,60,76.6,none,27,97.3,False,flat,1.0,56.4,362.2,2352,7.3
0.9,14,53.2,none,14,93.0,True,flat,9.8,63.0,321.4,2431,35.86
-28.7,98,8.2,none,99,123.0,True,hilly,0.6,74.7,388.0,2239,65.0
-24.8,85,65.8,rain,42,119.3,True,flat,1.5,40.0,213.2,1657,65.0
5.7,22,25.8,snow,30,101.2,True,flat,3.7,90.1,574.7,2080,32.65
37.9,93,47.7,none,54,49.9,False,flat,4.6,58.2,304.5,1780,6.98
18.5,51,22.2,none,36,123.9,False,hilly,9.5,76.0,407.2,2062,23.36
-25.0,43,58.7,none,31,52.7,True,flat,2.4,43.1,296.6,1705,65.0
-16.7,51,57.8,rain,65,67.3,True,hilly,7.2,65.9,366.9,1637,65.0
24.0,85,44.2,none,17,112.7,False,hilly,6.6,44.1,281.5,1693,18.67
28.9,69,19.3,rain,56,50.9,False,hilly,5.2,40.7,279.3,2393,12.02
13.2,15,20.3,none,45,93.9,True,mountainous,2.7,87.3,443.7,1558,41.89
15.1,96,30.6,none,58,75.8,False,hilly,1.6,64.3,381.4,1535,8.37
-28.0,23,11.6,rain,39,92.4,True,flat,1.8,88.9,539.6,1691,65.0
28.0,77,27.0,none,61,125.8,False,hilly,3.5,60.2,392.9,2067,14.96
25.2,67,54.7,rain,17,110.8,False,hilly,1.4,78.9,546.4,1589,18.64
-11.9,27,66.5,none,44,59.6,True,flat,10.0,45.7,232.0,2019,56.64
19.6,25,26.6,none,31,35.7,False,hilly,4.5,51.4,296.3,2220,9.6
-15.0,88,18.7,none,49,126.7,True,flat,5.4,68.3,400.2,2040,61.65
-27.2,48,66.6,none,46,88.5,True,hilly,6.2,66.4,460.6,2267,65.0
-15.9,69,71.3,none,67,47.3,True,hilly,2.0,51.7,336.8,2020,51.08
-17.5,55,32.8,rain,67,92.7,True,hilly,4.8,92.2,633.8,1591,59.96
-6.4,75,2.2,none,47,34.2,True,hilly,0.6,57.1,300.7,2169,34.68
-0.7,53,55.6,rain,26,48.8,True,hilly,9.7,65.6,331.4,1827,48.89
5.6,36,62.7,none,62,93.3,True,flat,4.7,60.2,418.2,2020,27.71
3.4,43,1.4,none,97,70.2,True,hilly,0.3,99.7,564.6,2495,26.74
-11.1,87,47.6,none,27,62.5,True,mountainous,6.0,60.8,383.9,1775,60.33
-28.0,52,47.1,rain,16,95.5,True,hilly,1.0,55.9,296.9,2321,65.0
12.4,29,30.3,none,34,116.6,True,hilly,7.9,94.4,576.5,2064,28.49
-2.3,94,60.0,none,47,97.9,True,mountainous,9.5,49.4,340.3,2416,56.24
-9.1,82,34.3,none,38,76.3,True,flat,9.2,95.1,609.1,2411,43.85
30.7,15,54.1,none,85,95.9,True,flat,4.3,74.1,437.5,2214,19.54
22.3,100,41.4,none,54,99.6,False,mountainous,7.1,53.4,365.4,1805,22.94
30.0,73,19.9,none,32,107.5,True,hilly,1.6,55.1,289.5,2451,19.4
4.6,24,48.5,none,96,60.7,True,flat,0.8,82.7,490.9,2335,25.79
-20.8,31,59.0,none,21,41.4,True,flat,8.2,42.4,260.3,2467,60.97
18.7,72,77.9,rain,21,98.2,False,hilly,7.0,82.9,416.9,2470,23.54
-15.6,80,30.4,rain,32,42.1,True,hilly,9.1,58.6,295.1,1940,56.24
0.9,32,5.2,none,17,76.2,True,flat,9.1,88.5,551.9,1598,34.06
-25.4,33,79.0,none,78,53.1,True,flat,3.5,47.5,299.7,2006,65.0
27.8,38,49.9,none,38,63.2,False,hilly,3.2,54.9,382.6,1622,14.66
-21.2,64,75.7,rain,76,77.1,True,mountainous,4.4,66.3,372.9,1990,65.0
33.2,25,8.3,none,79,119.6,True,hilly,6.7,92.8,527.4,2049,24.37
30.5,19,27.4,none,31,98.0,True,hilly,0.0,57.0,353.1,2077,20.81
2.5,71,10.7,snow,57,47.2,True,flat,5.3,90.6,587.6,1509,33.79
22.1,80,66.8,snow,57,117.9,False,flat,0.2,46.1,278.6,2356,20.4
13.4,55,70.4,rain,88,80.1,True,flat,4.5,50.4,314.4,1958,26.29
26.2,43,40.1,snow,12,50.4,False,flat,0.8,49.5,267.8,2208,10.15
0.2,49,14.9,rain,39,82.7,True,flat,5.6,76.8,493.8,1610,33.6
25.0,45,10.2,rain,89,49.1,True,flat,3.1,63.3,367.6,2245,19.84
2.4,96,47.1,none,31,66.7,True,flat,4.8,91.8,565.1,1941,27.33
35.9,79,40.5,snow,22,110.6,True,mountainous,9.6,69.2,436.9,2241,49.52
4.0,29,55.6,rain,62,95.9,True,flat,3.4,90.3,452.7,2426,29.31
2.4,45,24.4,none,38,77.8,True,flat,7.2,54.4,334.8,2231,29.6
25.0,59,32.2,none,52,52.6,False,flat,6.8,95.9,660.1,2115,6.82
27.5,65,1.7,none,84,58.2,False,flat,8.7,78.1,406.0,2207,12.02
8.8,52,48.8,snow,57,127.8,True,hilly,3.3,70.3,367.0,2240,43.08
-17.4,83,33.9,none,56,64.3,True,flat,0.6,76.5,413.2,2002,52.66
2.7,79,73.6,none,35,91.6,True,hilly,9.7,95.0,494.1,2336,43.73
37.8,55,51.3,none,81,80.0,True,hilly,3.6,60.6,406.1,2055,21.98
22.7,87,31.9,snow,77,32.3,False,hilly,1.9,54.7,370.2,2133,13.07
26.8,78,21.1,none,31,124.5,False,flat,9.1,54.7,325.5,1923,14.97
-27.7,80,72.4,none,39,38.8,True,hilly,1.9,98.4,647.5,2453,65.0
2.8,96,1.3,none,81,95.9,True,flat,5.3,60.2,337.8,2015,27.2
15.3,34,26.2,none,42,111.1,False,hilly,7.6,93.0,558.9,1713,21.27
28.1,34,75.5,none,46,104.9,False,hilly,7.3,48.2,293.1,1819,17.86
-26.6,90,52.3,none,43,110.9,True,hilly,0.3,65.8,369.5,1648,65.0
29.7,80,42.6,none,25,104.0,False,flat,2.0,77.2,476.4,1625,7.71
8.4,93,16.3,none,41,74.6,True,flat,8.9,97.8,654.0,2431,21.12
-16.2,16,66.7,none,82,119.6,True,flat,5.5,80.6,555.6,2165,52.02
-7.8,66,16.3,none,54,121.2,False,flat,6.9,40.1,225.0,1501,34.23
-10.3,23,19.9,snow,51,73.7,True,hilly,4.0,85.6,586.4,2312,57.15
7.2,55,15.3,none,24,78.5,True,flat,7.5,79.0,494.0,2031,24.64
-26.4,24,12.7,none,26,78.6,True,hilly,2.9,51.1,316.9,1609,65.0
-18.9,22,76.3,none,14,57.9,True,flat,2.3,77.2,405.1,1953,56.1
26.9,11,48.2,none,11,41.5,True,hilly,10.0,95.5,613.4,1866,26.47
-20.7,67,51.0,none,54,56.2,False,flat,1.6,40.3,226.1,1820,51.13
-13.7,42,76.3,none,47,114.4,True,hilly,9.8,98.5,576.3,1963,65.0
1.7,19,18.4,rain,35,84.3,True,hilly,9.3,57.8,305.2,2141,39.0
6.2,39,0.5,none,99,115.0,True,flat,7.1,76.5,417.5,2037,32.67
23.5,25,47.9,none,46,104.5,False,hilly,5.8,56.7,353.7,1782,17.22
1.3,95,40.6,snow,81,64.9,True,hilly,0.0,83.9,522.3,2224,46.4
25.3,39,38.2,none,29,48.5,False,hilly,6.4,71.0,419.8,2489,11.8
13.3,40,5.0,rain,32,86.7,True,hilly,7.7,55.8,349.2,2466,29.92
-22.1,86,36.4,none,61,123.6,True,hilly,7.3,70.2,472.8,2497,65.0
-19.1,68,23.0,none,10,113.9,True,flat,1.7,61.1,309.4,1987,61.31
0.6,74,22.0,none,12,106.4,True,flat,5.4,55.0,297.5,1543,37.66
-2.2,67,17.8,none,23,106.4,False,mountainous,5.5,75.6,422.6,2228,43.15
22.0,95,26.6,snow,30,82.8,False,hilly,6.5,78.3,481.9,2164,23.52
10.7,29,28.3,none,58,47.0,True,flat,8.3,48.4,306.6,2467,22.34
-2.8,99,24.7,none,72,58.6,True,flat,7.0,95.7,584.7,1871,34.36
-18.0,85,78.3,none,38,87.8,True,hilly,1.4,40.4,258.4,2494,58.3
-14.1,63,74.6,none,32,61.6,True,hilly,0.2,56.6,333.6,1566,56.47
10.3,70,46.0,rain,84,108.2,True,mountainous,1.4,60.6,399.6,1859,41.86
-0.4,68,78.5,none,25,67.3,True,flat,0.4,44.0,226.3,2240,29.92
6.0,15,79.3,rain,71,41.4,True,flat,4.4,45.4,283.3,2115,23.79
-18.1,30,28.5,rain,94,108.3,True,flat,2.8,90.8,462.1,1706,56.6
16.4,97,35.6,none,31,99.8,False,hilly,0.1,61.7,337.1,1857,12.01
29.7,58,76.7,none,18,55.3,False,mountainous,0.8,61.9,317.2,1662,18.07
-11.9,44,48.7,none,98,128.1,True,flat,4.0,81.3,503.2,2494,50.93
4.4,79,17.0,none,34,70.3,True,flat,9.4,83.5,452.4,2014,29.09
38.3,57,55.2,none,35,98.0,False,flat,9.9,82.5,427.4,2367,11.83
-6.7,11,16.5,snow,54,121.0,True,hilly,0.5,68.1,446.1,1894,52.91
11.7,76,27.1,none,31,45.6,True,flat,8.3,82.4,412.1,1744,23.04
-23.7,76,18.2,none,99,117.9,True,hilly,4.8,95.4,582.0,1988,65.0
12.4,25,19.6,none,14,100.4,True,flat,6.2,48.1,328.9,2269,18.88
-23.7,96,0.4,none,51,46.8,True,flat,5.1,74.5,489.8,2410,65.0
37.1,30,70.5,none,59,96.5,True,hilly,9.2,92.7,575.6,1693,29.34
20.1,51,23.7,none,52,117.5,False,flat,4.8,97.9,509.9,1628,11.08
25.2,20,6.9,none,57,109.9,False,flat,1.7,45.3,297.9,1661,8.44
19.3,64,7.0,none,99,106.1,True,mountainous,7.8,97.0,550.0,1803,37.55
11.3,44,44.5,none,89,46.1,True,flat,5.1,83.6,443.6,2099,19.64
1.5,42,79.4,snow,38,49.1,True,hilly,1.2,83.5,582.4,2238,45.17
30.1,84,11.6,none,60,84.8,False,flat,4.6,48.9,253.2,1865,8.53
37.0,11,8.0,rain,10,88.0,True,flat,6.9,74.5,479.8,2419,19.29
4.9,82,35.1,none,47,124.4,True,flat,3.0,61.5,351.0,1960,31.4
35.2,61,45.1,rain,25,76.9,True,flat,9.1,75.1,502.1,1988,28.24
10.8,99,23.6,none,74,60.3,True,flat,8.5,84.2,513.4,2386,28.12
7.7,63,24.2,rain,30,49.1,True,hilly,5.7,51.0,345.9,1562,35.05
1.8,15,34.0,rain,77,35.4,True,flat,0.5,49.2,300.4,2109,29.3
-15.3,15,25.1,rain,38,36.9,True,flat,5.8,61.4,346.8,2060,55.02
-29.7,89,73.2,rain,93,87.4,True,flat,4.2,78.5,543.6,1901,65.0
-13.1,86,3.4,none,50,47.6,True,hilly,7.2,80.4,475.5,1932,46.91
5.7,41,18.8,none,86,115.2,True,hilly,2.7,76.5,512.8,2189,32.37
-3.4,66,64.7,none,67,89.6,True,hilly,6.1,91.0,607.7,2069,49.03
1.4,54,66.7,none,98,116.5,True,flat,5.5,84.1,515.1,2155,33.56
38.6,97,8.9,none,77,72.7,True,flat,5.3,70.3,421.8,1940,15.65
-5.5,95,77.9,none,75,89.6,True,flat,1.2,69.0,385.5,1903,33.73
1.7,99,55.5,none,34,82.5,False,flat,4.9,87.9,537.9,2019,23.78
-20.7,88,21.8,none,55,128.7,True,hilly,5.5,93.0,572.1,1926,65.0
-26.6,92,36.5,none,36,109.7,True,flat,9.3,90.9,498.4,2345,65.0
24.3,30,23.8,none,12,89.5,False,flat,4.6,69.8,461.2,2372,8.88
9.9,85,12.0,none,74,90.7,True,flat,6.4,74.8,424.2,1574,18.53
23.2,74,23.3,none,31,54.9,False,flat,5.7,87.2,567.4,1559,7.92
-19.5,97,46.4,snow,46,103.5,True,hilly,2.0,74.8,521.5,1789,65.0
10.0,61,66.1,rain,36,128.3,True,hilly,1.8,53.5,374.0,1586,39.14
-12.2,18,29.1,none,28,42.9,True,flat,7.4,93.2,627.0,2040,39.41
-14.0,64,27.8,none,16,93.7,True,mountainous,5.2,69.6,467.3,1521,65.0
-29.2,72,37.4,none,40,81.8,True,flat,9.0,98.9,654.1,2285,65.0
-20.9,30,51.6,none,17,115.0,True,mountainous,9.1,73.2,468.0,2149,65.0
-8.4,45,60.1,none,59,30.0,True,flat,3.0,63.2,339.3,1712,34.5
-21.8,64,26.1,snow,12,43.7,True,flat,1.0,52.8,275.4,1830,65.0
39.0,44,46.9,snow,95,33.7,True,flat,3.4,60.7,372.9,1806,22.26
-8.4,44,31.1,rain,97,46.3,True,mountainous,0.7,53.2,338.2,2423,50.32
-20.9,22,57.3,none,37,100.8,True,flat,7.8,95.3,552.8,2387,65.0
-16.1,95,13.2,none,33,44.0,True,hilly,1.5,76.0,524.4,2064,49.23
11.1,78,20.6,none,19,92.2,True,flat,8.7,89.2,490.9,1864,21.84
-25.5,10,34.1,none,91,116.8,False,mountainous,4.2,52.5,288.9,1962,65.0
30.4,79,71.2,none,63,33.5,True,flat,2.8,43.7,294.6,2068,19.83
37.3,77,45.9,none,65,32.7,True,hilly,5.0,65.1,392.0,1993,24.78
-12.7,11,77.2,rain,91,129.0,True,flat,6.1,96.2,487.8,1563,61.79
1.5,43,8.3,rain,92,97.3,True,hilly,7.0,46.8,252.2,1963,41.28
-28.5,65,36.8,none,85,44.1,True,flat,3.4,87.3,535.3,2420,65.0
14.8,51,33.5,rain,80,60.7,True,flat,9.8,43.6,246.2,1909,20.23
-1.0,80,48.0,none,89,128.5,True,flat,4.2,49.9,298.4,2201,39.44
-11.1,48,65.0,none,89,52.7,True,mountainous,8.3,83.8,552.0,2497,65.0
-15.5,24,67.3,none,43,105.3,True,flat,0.3,52.7,315.4,2052,52.42
15.8,98,53.6,none,98,54.1,False,mountainous,7.8,41.3,245.1,1983,29.95
-0.9,32,51.3,none,74,69.8,False,flat,5.5,53.2,284.5,1770,21.58
-17.4,75,75.9,none,43,118.1,True,flat,6.4,84.0,444.4,1729,65.0
18.2,23,30.7,snow,50,32.8,False,flat,3.7,71.9,421.8,2056,10.74
9.6,40,66.6,none,72,60.7,False,flat,5.4,72.8,394.7,2176,13.98
30.1,50,73.7,snow,42,78.7,True,hilly,9.3,64.6,374.9,1928,34.97
-21.8,27,39.3,none,84,92.5,True,flat,3.9,48.7,298.9,1502,65.0
25.0,50,58.3,none,23,32.8,False,flat,1.1,52.9,276.6,2060,2.71
17.1,24,30.2,none,92,71.1,False,flat,7.2,51.1,275.6,2072,10.21
-21.9,60,12.7,none,37,64.4,True,flat,5.1,82.4,553.5,1573,57.5
18.6,70,46.9,none,24,32.7,True,hilly,4.2,90.8,569.2,1602,20.02
0.9,16,15.7,none,87,65.5,False,flat,7.8,54.3,352.1,1805,22.34
36.1,88,36.6,rain,32,123.2,True,flat,5.6,50.4,301.0,2098,24.87
-20.1,27,69.8,none,86,57.5,True,flat,6.3,55.1,351.4,1677,65.0
15.0,30,6.9,none,37,88.6,True,hilly,9.3,96.3,565.1,1844,33.38
-3.3,70,2.4,none,94,59.8,True,flat,0.6,52.8,277.8,1647,30.71
37.0,52,48.5,rain,30,40.7,True,mountainous,2.6,81.4,478.2,1836,36.45
-6.9,55,26.5,none,16,59.0,True,hilly,9.0,47.0,293.9,2228,48.2
37.4,22,33.4,none,94,77.1,True,flat,7.9,79.6,438.4,1874,21.89
33.1,83,32.5,none,25,59.6,True,hilly,1.9,54.7,350.3,2317,19.58
-11.1,66,6.9,none,95,92.4,True,hilly,1.7,90.2,475.3,2427,42.71
26.2,22,0.3,snow,84,124.9,False,hilly,8.3,41.4,226.2,1807,23.51
39.7,44,71.9,none,17,36.9,True,flat,5.5,70.0,451.7,2122,14.39
-12.3,83,17.4,rain,50,101.7,True,mountainous,8.6,79.8,436.5,1762,65.0
0.6,61,34.1,none,17,30.1,True,flat,9.2,84.6,529.5,2069,34.15
6.4,20,77.8,none,40,30.1,True,flat,0.7,94.0,602.8,1619,25.95
-9.4,44,66.1,snow,42,43.3,False,flat,9.7,77.6,420.7,2102,40.34
-28.9,32,8.6,none,64,78.0,True,flat,7.2,47.7,286.8,1673,65.0
-14.6,57,40.7,rain,98,34.8,True,flat,8.3,83.4,574.2,1894,53.09
-10.3,86,58.4,none,25,102.2,True,hilly,6.3,71.7,443.3,1737,56.69
1.1,49,55.9,none,40,32.9,True,flat,3.1,46.0,233.3,2296,27.58
-18.0,49,60.9,none,63,79.5,False,hilly,6.0,48.4,261.0,1682,55.11
31.1,91,36.6,snow,25,97.6,False,flat,5.2,89.7,595.7,2463,12.71
19.3,62,14.1,rain,74,53.8,False,flat,9.3,73.9,440.3,1619,16.66
-24.0,61,37.2,none,46,87.9,True,flat,5.6,49.5,254.3,1914,65.0
15.5,34,51.8,none,95,56.2,False,hilly,0.3,87.3,499.2,2268,9.22
15.8,65,48.7,none,67,51.4,False,flat,6.9,75.2,483.4,1617,11.88
36.9,62,5.6,none,43,111.8,True,hilly,0.5,50.0,324.7,1814,22.57
-29.8,46,5.2,none,75,63.3,True,mountainous,9.4,67.0,413.7,1953,65.0
-12.6,99,77.2,none,85,111.4,False,flat,4.9,95.7,622.6,2262,37.33
34.9,89,12.1,rain,82,51.7,True,flat,9.7,85.1,497.6,2287,25.91
35.2,77,23.6,rain,34,65.6,True,flat,0.3,63.2,376.3,2356,19.61
20.4,58,61.4,rain,48,40.3,False,flat,5.3,40.3,236.3,1806,8.86
23.6,52,32.8,snow,51,79.7,False,flat,2.3,53.6,299.1,1515,12.41
-23.6,27,14.5,none,45,68.2,True,flat,6.4,50.9,320.4,2220,65.0
6.0,38,37.4,rain,38,30.6,True,hilly,5.0,62.7,396.4,1673,30.86
-13.8,80,45.5,none,78,76.5,True,flat,5.7,93.0,625.4,1890,52.63
-17.3,51,36.2,snow,11,37.4,True,hilly,3.6,50.8,286.4,2305,65.0
26.7,89,73.5,none,36,113.7,False,hilly,0.5,43.0,270.1,2110,13.04
-20.5,23,22.8,none,23,79.4,True,hilly,1.1,47.9,272.2,2373,62.14
2.8,56,52.9,rain,22,99.0,True,mountainous,8.6,66.8,454.7,2153,53.61
35.7,68,9.0,snow,35,112.1,True,flat,7.0,44.0,248.8,1883,30.79
-17.0,57,31.4,rain,79,35.1,True,hilly,7.7,73.4,482.6,1533,58.98
38.5,90,59.3,rain,97,63.7,False,flat,1.2,56.4,376.2,1515,7.74
39.6,99,18.0,none,56,32.5,True,hilly,0.5,62.5,357.4,1752,14.89
8.9,20,47.2,rain,41,35.0,True,flat,0.2,49.4,267.8,2147,20.59
-18.1,22,12.3,rain,85,33.8,True,mountainous,5.2,84.7,436.2,2214,65.0
-7.9,22,8.2,rain,16,77.8,True,hilly,5.0,62.9,428.9,1844,43.34
-0.3,71,41.9,none,18,75.1,True,hilly,1.1,46.9,295.9,2346,37.01
-8.3,44,54.0,none,41,36.1,True,flat,3.5,61.7,409.6,2443,38.87
-10.4,76,9.1,none,50,56.2,True,flat,5.3,99.0,617.5,1798,40.7
38.1,46,73.4,none,82,54.4,True,flat,6.8,82.8,440.6,1852,22.85
-19.3,66,18.1,snow,93,59.7,True,hilly,8.1,92.2,516.7,1905,65.0
21.3,79,9.6,none,58,94.1,False,hilly,6.4,93.5,530.7,1778,16.08
-30.0,59,16.2,none,55,99.7,True,flat,0.3,72.9,427.4,2147,65.0
11.7,59,13.6,snow,29,63.9,True,flat,5.9,73.4,374.7,2409,25.57
34.1,18,7.3,none,51,108.8,True,flat,0.9,94.4,598.5,1927,13.33
-9.8,47,63.8,none,93,71.8,True,hilly,5.6,92.4,512.0,1680,44.73
-17.0,59,39.6,none,45,82.2,True,flat,3.8,83.0,494.6,1695,57.09
15.6,52,31.1,none,29,44.6,False,flat,2.9,89.3,457.2,2222,5.43
19.9,91,76.1,none,40,53.3,False,flat,4.8,84.5,540.2,2234,11.85
18.2,92,29.7,rain,56,102.8,False,flat,3.8,58.5,356.4,1976,15.93
-7.6,84,13.4,none,64,127.7,True,mountainous,8.3,47.2,321.8,2261,59.37
-12.3,44,21.9,none,49,100.5,False,hilly,2.3,83.0,447.9,2011,43.9
36.9,75,19.1,none,78,35.4,True,hilly,1.4,94.3,652.4,1805,12.54
34.6,46,39.9,none,63,44.3,True,mountainous,8.4,98.7,672.4,1640,38.71
2.0,31,23.3,none,70,74.6,True,flat,2.4,42.9,240.1,2016,31.49
29.2,41,41.3,none,88,103.3,False,flat,0.3,78.2,531.5,2336,5.28
1.7,16,53.5,rain,88,46.6,True,flat,3.9,77.0,430.2,2426,26.78
-0.3,40,62.2,none,28,105.1,True,flat,8.2,62.1,352.5,1561,39.72
-19.0,51,56.8,none,66,85.6,True,hilly,4.3,73.2,498.8,2418,65.0
-0.2,96,16.4,none,74,107.5,True,mountainous,4.7,67.3,442.8,1678,45.42
7.6,38,9.3,none,23,85.8,True,hilly,0.5,95.5,561.6,2105,26.37
-28.4,91,43.4,none,86,90.3,False,flat,7.1,57.9,302.9,1937,65.0
1.1,31,15.9,none,26,54.9,True,flat,3.4,50.8,300.8,2201,24.92
24.7,27,6.8,snow,82,102.0,True,flat,7.3,80.4,537.7,2030,31.71
17.6,57,42.2,none,25,114.4,False,flat,4.1,57.2,353.4,1890,10.02
14.5,71,26.1,none,77,117.1,True,flat,5.3,43.3,220.9,1571,29.57
33.7,14,60.5,rain,23,32.9,True,flat,5.9,88.1,512.4,1526,26.68
-28.7,30,25.1,none,44,92.5,True,flat,2.0,59.5,380.6,1737,65.0
9.0,51,78.3,none,23,129.0,True,hilly,2.9,99.5,673.2,2246,35.31
25.1,40,60.7,none,34,88.7,False,mountainous,5.9,58.7,408.3,2118,23.42
7.9,74,4.6,snow,99,47.1,False,hilly,8.2,73.3,489.4,1918,25.96
-7.3,56,40.7,snow,20,117.8,True,flat,9.6,49.7,334.9,2035,57.69
-20.5,24,45.0,none,47,56.4,True,mountainous,5.2,72.0,390.8,2091,65.0
32.1,91,55.6,none,71,34.5,True,flat,0.7,55.9,375.7,1570,10.42
3.0,36,39.8,none,19,73.1,True,hilly,9.6,80.9,554.6,1823,41.88
31.5,76,38.7,none,20,40.0,False,flat,4.2,41.7,261.4,2379,8.99
11.0,80,29.4,none,23,41.5,True,flat,1.0,81.9,489.6,2233,18.94
17.2,97,21.7,none,68,76.3,False,flat,9.7,71.1,470.6,1586,13.21
26.3,55,75.7,rain,92,91.3,False,mountainous,2.8,62.8,391.5,1776,24.31
16.1,65,25.4,none,84,120.5,False,hilly,6.6,43.9,292.0,1702,19.04
-2.1,40,5.1,none,98,100.5,True,flat,1.4,43.7,258.2,1882,38.44
6.0,71,13.4,rain,62,114.3,True,flat,7.2,87.5,468.9,2482,31.92
26.2,52,68.6,rain,97,71.2,True,flat,9.8,84.4,577.2,2077,25.74
-3.8,49,46.9,none,37,61.9,False,flat,9.9,67.9,471.3,1658,28.83
-2.8,87,62.3,snow,48,89.3,True,flat,1.3,40.4,280.7,2285,40.55
-23.3,15,64.7,none,46,99.5,True,flat,7.7,88.8,613.6,2086,65.0
34.0,89,65.9,none,14,86.8,True,hilly,6.6,79.9,478.6,2362,25.22
-23.6,87,44.0,none,85,56.5,True,flat,8.0,44.6,279.2,1986,65.0
15.4,56,14.2,none,12,67.0,False,flat,3.3,56.6,382.6,2390,3.85
-1.1,54,11.9,none,76,74.8,True,hilly,4.0,44.1,222.4,2356,33.23
-1.6,43,45.9,none,47,31.4,True,flat,3.4,92.2,490.9,1563,23.4
17.6,99,29.3,none,11,118.0,True,hilly,7.7,70.2,374.3,2324,29.25
-25.3,20,44.6,none,36,81.1,True,flat,8.1,62.5,339.8,1618,65.0
11.6,63,39.9,none,41,105.1,True,hilly,2.5,77.9,452.7,1609,26.5
24.0,71,48.2,none,97,47.2,False,flat,5.7,84.7,502.3,1660,6.44
28.0,94,2.6,none,69,85.7,False,flat,1.3,79.2,457.8,2420,3.68
-18.1,80,2.6,none,59,122.6,True,flat,0.1,89.7,606.4,1995,52.67
32.8,68,57.7,none,21,51.4,True,flat,6.1,75.7,417.4,1821,23.11
15.9,21,15.5,snow,45,64.6,False,hilly,8.4,40.2,260.3,1555,23.32
31.7,44,52.2,rain,13,68.8,True,mountainous,9.1,48.2,334.8,1617,40.02
4.0,22,43.7,none,79,68.3,True,flat,6.2,92.0,580.9,1689,29.49
7.9,89,78.5,none,25,90.1,True,hilly,8.1,47.7,242.6,1686,30.67
34.3,77,66.8,none,63,69.4,True,hilly,4.0,77.2,403.5,1581,26.09
33.0,78,33.1,none,73,97.4,True,hilly,8.8,52.4,349.6,1580,31.16
1.4,69,49.3,none,43,78.5,True,flat,7.7,97.6,558.6,1798,34.89
-10.8,56,9.4,none,67,45.8,True,flat,3.1,53.5,310.9,2047,40.8
-2.5,23,30.9,none,79,124.9,True,hilly,6.0,61.7,417.8,2074,51.62
-2.9,40,58.7,none,27,54.0,True,mountainous,0.5,86.4,554.1,1788,41.48
-9.9,22,49.8,none,64,86.2,True,flat,1.5,79.5,510.6,1580,38.75
-11.2,75,38.8,none,76,36.1,True,flat,9.5,59.3,376.3,2109,51.5
30.3,24,14.1,snow,42,121.9,True,hilly,0.1,81.9,513.0,2156,31.91
-25.1,73,64.3,none,25,122.8,True,flat,2.0,98.8,643.2,2198,65.0
17.4,72,21.9,none,36,66.5,True,flat,1.4,48.7,311.7,2428,22.87
-17.9,51,65.6,none,94,42.1,True,hilly,7.0,54.4,282.5,1536,65.0
-5.9,22,48.9,none,42,107.0,False,flat,1.1,66.9,364.2,1710,25.41
-25.7,38,29.8,none,20,56.2,True,mountainous,0.2,58.8,306.8,2072,65.0
-11.1,39,3.2,none,17,100.1,True,flat,9.3,59.0,390.4,1510,50.2
23.8,73,18.6,none,26,121.5,False,flat,8.7,65.7,407.0,1551,16.05
32.0,20,71.1,rain,21,89.0,True,flat,3.6,87.4,605.5,1894,19.1
-14.5,85,65.4,none,55,116.1,True,flat,1.0,61.4,395.3,2075,55.17
2.4,78,46.0,none,41,52.5,True,flat,6.8,55.4,331.9,2183,23.88
2.9,27,37.3,snow,86,121.0,True,hilly,8.8,73.1,501.5,1749,43.28
31.2,75,51.8,none,89,52.7,True,flat,9.7,92.3,639.8,2121,20.04
23.4,70,37.3,none,53,52.6,False,hilly,1.3,82.0,512.7,1869,6.03
5.9,77,51.5,none,90,118.0,True,flat,6.0,60.4,377.7,2056,30.08
17.0,27,24.6,none,51,85.5,False,flat,4.3,98.3,605.7,2170,10.44
29.3,24,67.1,none,68,109.9,False,hilly,1.6,81.4,421.0,1751,14.56
-29.3,31,56.2,none,25,110.2,False,hilly,8.1,48.3,315.4,1858,65.0
-1.8,43,26.4,none,15,94.7,False,flat,7.8,81.7,551.5,2053,28.73
33.5,81,66.5,none,24,48.9,True,flat,9.6,94.3,577.0,1731,20.89
21.8,76,39.0,none,33,99.2,False,flat,0.9,68.4,368.4,2440,9.68
8.0,93,14.0,rain,78,36.4,True,hilly,2.4,83.8,554.9,2224,21.82
7.1,15,6.2,rain,26,50.1,True,flat,8.3,49.0,333.1,2128,26.97
-5.7,11,56.0,none,22,94.3,True,flat,4.0,46.6,308.4,2229,36.02
6.4,73,69.2,snow,93,120.8,True,flat,4.8,77.7,421.3,1734,37.98
15.9,35,64.6,none,72,107.2,False,flat,6.1,64.0,347.9,1507,14.64
-0.7,40,52.5,rain,53,63.2,False,mountainous,4.1,67.6,399.7,2147,37.32
20.0,59,11.3,none,19,112.4,False,flat,0.4,58.4,310.6,2465,7.27
30.3,19,7.5,rain,87,126.7,True,flat,6.0,67.3,429.3,2159,27.68
-19.2,68,27.6,snow,20,63.2,True,flat,2.3,45.9,294.8,1674,63.37
1.6,39,68.4,none,65,48.7,True,hilly,9.7,46.5,324.1,2359,43.23
-1.4,67,76.9,none,70,49.8,True,hilly,6.9,66.6,383.7,2079,40.0
18.1,85,19.3,rain,46,70.0,False,hilly,8.4,67.2,433.4,2118,19.44
-12.5,25,61.0,none,92,35.2,True,flat,9.5,92.3,553.1,2013,51.4
14.8,94,45.9,none,15,78.8,True,flat,0.6,59.8,318.5,2234,13.44
31.4,58,2.5,none,84,103.2,True,flat,1.5,80.6,550.1,2459,16.69
-0.7,93,43.4,none,60,83.0,True,hilly,8.1,58.2,297.9,1875,35.24
33.8,29,64.5,none,65,127.0,True,flat,8.8,58.5,297.3,2081,30.76
39.5,64,22.1,none,99,76.2,True,flat,0.0,82.5,456.4,2354,12.98
-22.6,46,71.8,none,62,31.3,True,flat,9.5,73.7,516.0,2379,65.0
-13.7,80,18.9,snow,82,77.0,True,flat,4.5,62.4,314.5,2323,54.83
36.5,65,6.1,none,24,123.0,True,flat,4.6,69.0,403.4,2061,20.94
37.1,55,12.8,none,83,39.6,True,hilly,8.8,90.7,547.4,2436,20.98
-23.2,92,67.0,none,78,52.3,True,hilly,2.9,84.8,477.1,1670,65.0
-29.0,44,33.4,rain,97,101.6,True,mountainous,5.8,96.1,616.0,1703,65.0
-18.7,30,63.8,none,94,59.4,True,flat,3.3,92.6,532.2,1717,62.68
39.7,65,42.5,rain,29,106.5,True,flat,1.1,80.2,506.9,1902,20.46
-17.4,66,38.4,none,52,71.9,True,flat,3.6,51.4,292.4,2167,53.99
5.2,50,64.6,none,92,109.6,True,flat,1.7,61.7,327.1,1921,25.74
29.4,54,33.9,none,68,85.2,False,hilly,5.2,73.3,448.8,2450,11.38
-28.6,96,64.2,none,52,38.2,False,flat,5.3,42.0,256.6,1741,65.0
12.3,76,8.1,rain,20,68.6,True,flat,4.4,80.9,447.0,2314,24.08
-10.6,20,50.9,none,42,63.3,True,flat,1.7,98.8,565.4,2282,37.15
30.4,29,56.2,none,70,111.0,False,flat,1.2,89.7,526.3,1831,10.42
-10.2,98,71.9,rain,80,92.5,True,flat,1.0,81.3,497.8,1971,47.07
18.1,75,17.9,none,50,107.7,False,flat,1.1,80.7,507.0,2262,3.0
17.2,92,48.3,none,15,67.2,True,hilly,2.9,93.8,492.4,2354,26.2
-14.5,37,34.7,snow,67,99.2,True,hilly,0.0,58.6,310.1,2182,59.17
-27.6,77,30.6,none,93,36.5,True,hilly,0.6,66.8,383.0,2422,65.0
-1.4,74,8.5,rain,55,33.7,False,flat,4.7,79.6,464.3,2120,23.85
-9.8,37,10.7,rain,94,58.7,True,hilly,1.8,74.4,421.2,1906,48.4
26.6,60,67.0,none,42,107.4,False,flat,2.6,90.6,570.5,2123,10.21
26.0,66,60.0,none,90,83.4,False,flat,3.5,62.0,429.3,2112,12.47
2.0,53,30.6,none,81,70.9,True,hilly,0.4,65.0,403.5,2052,28.68
12.5,84,66.3,none,97,119.7,True,flat,2.2,55.0,293.9,1806,25.38
12.3,85,6.5,rain,81,79.7,False,flat,7.8,78.3,443.0,2167,16.71
27.9,87,50.0,none,39,91.3,False,flat,3.4,63.4,386.2,2301,7.15
-0.2,82,69.5,none,91,128.6,True,hilly,1.9,72.9,410.3,2459,35.56
-10.7,54,67.1,none,70,82.2,True,flat,2.0,43.6,258.5,1998,38.92
-11.4,44,29.8,none,25,108.4,True,flat,9.8,82.3,506.5,2252,46.35
7.5,85,59.6,none,14,71.4,True,flat,1.5,72.0,461.4,2302,21.49
1.4,54,34.2,rain,43,33.6,True,flat,9.1,84.5,462.4,2174,36.84
0.8,32,67.2,none,81,113.4,True,flat,0.8,55.0,326.7,1879,38.69
-23.6,56,42.5,rain,66,124.4,True,flat,8.7,91.3,531.1,2216,65.0
20.3,23,61.2,none,57,73.4,False,hilly,5.1,92.2,478.9,2478,14.35
-15.0,72,6.3,none,10,80.4,True,mountainous,6.1,66.2,410.9,2106,62.27
-16.2,40,47.2,none,49,72.4,True,hilly,2.5,45.7,299.8,2238,56.49
-1.1,33,44.0,snow,24,129.7,True,mountainous,9.0,70.4,471.9,1737,63.36
-14.1,96,48.8,none,51,120.3,True,hilly,5.9,78.8,405.7,2155,65.0
10.9,80,55.7,snow,99,34.1,True,hilly,6.8,76.0,465.6,1534,43.15
-4.0,81,73.4,rain,89,107.9,True,flat,5.6,93.9,654.6,2331,44.7
1.4,66,62.9,rain,38,90.1,True,flat,1.3,95.1,619.1,1721,38.39
7.6,86,17.6,none,63,32.5,True,flat,8.4,77.3,477.9,1565,28.1
-15.8,78,66.1,none,55,74.5,True,flat,1.8,78.5,397.4,1678,46.89
-19.1,64,9.8,none,22,45.0,True,flat,2.9,47.8,244.9,1970,58.17
31.6,97,49.8,none,99,117.3,True,hilly,6.7,63.6,324.8,1542,32.5
0.4,27,70.6,snow,48,31.3,True,hilly,0.9,59.8,394.0,1535,46.76
-1.2,95,8.1,rain,56,117.3,True,flat,9.3,60.7,369.8,2010,42.72
-27.5,46,68.0,rain,68,124.1,True,flat,1.2,83.6,469.4,2068,65.0
4.9,58,63.9,none,27,37.3,True,flat,6.7,69.3,467.7,1819,26.27
8.8,21,40.3,none,30,102.0,True,mountainous,6.4,70.2,464.6,1517,41.05
9.1,59,24.7,none,27,84.9,True,mountainous,7.0,54.9,359.7,1960,35.51
19.5,65,32.4,none,45,125.4,False,flat,4.3,50.0,327.6,2419,11.85
-17.6,100,77.5,rain,28,109.8,True,hilly,3.8,64.6,347.5,1984,64.26
-12.3,98,16.1,rain,93,99.4,True,flat,9.8,43.5,293.4,1953,49.31
26.8,97,46.4,none,74,122.6,False,flat,8.2,49.6,267.4,2059,14.52
36.3,41,6.7,none,91,46.0,True,hilly,4.9,89.1,599.4,1665,22.54
-20.5,99,17.4,none,86,67.6,True,hilly,1.8,66.2,449.3,2303,58.99
4.8,51,61.1,none,73,114.3,True,flat,8.9,98.6,633.4,1533,34.78
-15.0,87,24.2,none,32,40.2,False,flat,6.5,40.3,258.4,1556,38.14
-25.8,29,78.9,none,65,123.5,True,flat,1.4,95.2,525.8,1556,65.0
-7.2,56,40.1,none,27,104.5,True,flat,1.8,79.1,445.3,2293,37.45
-19.9,97,41.3,rain,22,73.9,True,hilly,5.4,77.4,475.6,1868,65.0
19.7,95,2.9,none,67,63.9,False,hilly,5.0,90.4,555.6,2143,8.44
7.4,72,76.5,rain,66,44.8,True,hilly,4.1,77.6,440.7,1580,32.86
-19.9,82,13.9,none,24,39.4,False,flat,4.3,42.1,285.9,2263,45.64
-29.4,26,43.1,snow,42,72.4,True,hilly,1.7,94.3,496.3,1835,65.0
26.6,75,31.7,snow,16,114.3,False,flat,2.6,92.4,533.9,1716,16.52
-17.7,66,33.2,none,74,83.2,True,hilly,4.9,71.2,392.8,2215,63.63
12.4,18,51.5,none,99,75.1,True,flat,0.6,47.6,326.1,1564,25.03
-6.4,20,53.0,none,77,61.9,True,flat,3.5,89.3,471.9,1986,38.58
11.0,20,12.3,none,86,45.7,True,flat,2.1,71.8,426.5,1883,12.56
-7.9,75,40.0,none,53,129.0,True,flat,1.7,59.6,302.9,2241,45.67
-23.9,23,63.2,none,19,32.6,True,hilly,1.5,99.6,653.1,2139,65.0
-14.4,52,35.5,rain,75,61.2,True,hilly,1.4,49.9,315.3,2392,51.16
-16.8,42,13.3,none,33,106.9,True,hilly,1.6,49.9,333.4,2227,59.81
-0.0,60,25.1,none,45,82.1,True,flat,3.7,76.0,424.4,1916,28.68
16.1,74,17.0,none,73,61.4,False,hilly,1.0,56.0,342.0,1685,10.97
-11.5,72,10.1,snow,91,129.3,True,flat,9.0,64.7,447.7,1950,64.14
-29.2,56,30.2,none,54,91.9,True,flat,5.0,54.4,299.7,1667,65.0
6.3,52,43.3,none,97,59.5,True,flat,5.0,87.0,592.0,1613,31.01
12.4,46,5.8,snow,57,114.8,True,hilly,2.1,56.5,389.4,1549,40.07
37.4,88,48.3,none,21,45.0,True,flat,8.7,90.5,521.1,2042,16.66
11.3,40,79.4,none,57,76.4,False,hilly,8.3,84.2,476.6,2066,19.62
3.0,33,77.1,none,87,114.0,True,mountainous,0.3,57.9,322.1,2155,43.24
10.1,77,66.3,none,58,128.4,True,flat,7.3,87.9,587.9,2387,30.91
35.0,42,21.3,none,77,68.3,True,mountainous,1.8,59.1,376.5,2413,25.98
28.0,86,1.8,rain,59,43.8,False,mountainous,5.6,64.4,348.9,1841,23.65
-7.4,40,66.7,none,59,86.7,True,hilly,8.7,44.7,299.9,2136,52.32
-13.4,73,4.5,none,36,124.4,True,flat,9.3,74.1,399.0,1962,58.55
-11.6,14,16.5,none,28,96.6,True,flat,1.8,89.0,532.0,2253,40.86
5.3,45,43.6,none,35,90.2,True,flat,9.4,77.4,404.6,2216,27.76
22.1,41,14.3,none,50,60.9,True,flat,0.7,73.1,460.3,1695,9.71
5.2,84,66.7,snow,83,90.6,True,hilly,9.1,93.9,593.3,1674,43.22
-25.3,97,62.2,snow,85,118.5,True,flat,7.7,66.5,380.6,1614,65.0
20.7,51,60.5,none,25,67.6,False,flat,9.1,99.7,519.5,1623,11.49
26.4,84,65.3,none,60,54.2,False,flat,3.7,67.6,412.1,1746,3.61
-9.7,73,17.6,none,47,78.1,True,flat,9.4,78.6,537.7,1850,49.65
16.5,97,58.3,snow,61,67.6,False,mountainous,8.2,42.8,281.6,2121,37.1
-0.1,83,28.4,none,68,77.0,True,hilly,3.3,81.9,503.6,2246,28.27
32.2,17,53.3,none,35,39.6,True,hilly,3.4,59.2,304.7,1639,18.59
29.2,74,9.8,rain,93,63.6,False,flat,3.6,47.7,300.8,1753,8.13
6.8,58,56.4,none,94,112.7,True,hilly,5.9,48.9,278.1,2092,36.04
18.4,11,77.8,none,19,70.0,False,hilly,1.8,70.5,456.6,2258,8.87
31.8,33,3.5,none,73,126.8,True,flat,4.3,75.4,383.0,2321,21.12
4.7,93,7.5,none,13,100.9,True,hilly,0.7,82.2,490.2,1883,31.16
-8.1,93,9.9,rain,14,66.6,True,mountainous,3.6,66.8,381.4,1946,55.39
22.8,82,34.4,none,96,55.2,False,flat,6.7,91.9,462.1,2178,4.95
-14.6,98,23.3,none,73,98.5,True,flat,5.9,44.1,262.0,1778,42.68
-2.8,83,64.6,none,39,60.2,True,mountainous,3.2,47.3,250.8,1583,51.15
30.6,11,37.9,rain,70,122.7,True,hilly,2.6,53.7,270.7,1943,29.34
20.7,36,38.8,rain,86,41.6,False,hilly,3.3,46.1,287.2,2486,12.72
-1.7,13,57.4,none,88,32.9,True,flat,0.7,85.4,595.2,1874,31.43
-15.0,18,29.0,none,12,52.1,True,flat,2.6,61.8,392.6,1798,45.31
-5.1,30,28.3,none,84,90.7,True,hilly,7.1,76.3,515.8,2323,42.9
-10.1,55,60.6,none,87,113.5,True,flat,1.8,85.9,451.2,2418,46.58
-17.7,86,62.4,none,64,47.0,True,mountainous,1.4,72.8,407.3,2281,65.0
22.0,88,1.2,none,53,88.5,False,hilly,8.5,72.0,470.7,2024,14.96
-12.4,65,11.5,snow,20,44.4,True,flat,2.4,67.0,359.1,2388,42.21
1.8,94,17.0,none,32,86.3,True,flat,2.5,81.7,506.0,2090,27.61
-3.0,55,28.1,none,54,31.8,True,flat,4.6,71.8,426.6,1795,27.64
38.7,90,23.3,rain,88,85.8,True,flat,4.7,64.2,398.5,2437,22.51
-2.6,51,53.5,none,82,82.2,True,flat,1.9,77.1,534.2,2157,35.0
-24.4,35,66.3,none,55,34.3,False,flat,5.6,97.7,638.1,1634,62.54
-23.7,92,15.4,none,81,98.9,True,hilly,7.0,88.5,617.5,1836,65.0
11.4,45,45.0,none,79,87.2,True,flat,4.8,66.8,350.5,2160,16.54
12.0,55,29.4,snow,62,92.3,True,flat,9.0,76.5,453.2,2337,37.17
-0.7,40,40.5,none,30,83.0,True,flat,9.9,63.5,348.7,2489,38.3
0.2,70,49.7,none,41,102.2,True,mountainous,5.3,71.2,450.9,1702,52.78
-26.2,100,71.5,snow,25,82.5,True,flat,9.7,84.0,422.5,2305,65.0
6.2,12,15.4,none,11,122.2,True,flat,6.5,90.3,612.7,1618,27.51
5.3,91,7.0,none,17,124.4,True,hilly,5.3,43.7,270.9,2181,35.19
-19.5,10,50.2,none,78,102.7,True,flat,8.7,49.9,316.3,1607,65.0
-22.7,43,31.5,snow,13,121.2,True,flat,9.7,74.8,493.0,2060,65.0
-21.3,25,13.0,none,46,122.3,False,hilly,10.0,82.2,533.7,2022,62.63
-22.9,78,9.4,none,99,56.2,True,flat,7.6,79.6,507.7,2394,65.0
12.7,15,44.7,none,82,129.4,True,flat,4.9,55.0,379.0,2037,30.17
-16.2,60,24.0,snow,78,56.7,True,flat,3.0,79.3,434.0,2216,63.89
-12.4,37,79.8,rain,35,31.9,True,flat,5.6,67.7,351.4,2364,50.49
-17.8,22,32.5,none,68,126.2,True,hilly,7.8,54.7,342.5,1641,65.0
37.0,79,17.0,rain,55,52.4,True,flat,0.3,93.1,477.4,1618,13.14
29.8,30,50.3,rain,66,88.4,True,flat,2.7,71.8,438.6,1621,18.42
-13.9,30,19.5,none,49,127.1,True,flat,3.5,91.7,587.1,1825,44.99
-7.1,35,39.5,none,58,34.9,True,flat,7.8,65.1,413.1,1890,38.97
-15.3,63,38.6,none,99,56.9,True,flat,6.1,78.0,442.5,1539,47.3
4.4,69,36.3,none,40,90.9,True,flat,4.3,89.0,565.8,1749,19.94
-28.6,12,63.7,rain,29,106.3,True,flat,9.2,59.7,338.7,1507,65.0
17.0,32,17.3,none,50,110.7,False,flat,5.4,91.5,604.6,1691,8.65
6.6,49,72.3,none,57,118.4,True,hilly,7.2,61.1,412.0,1893,42.7
32.9,40,63.3,none,18,46.8,True,mountainous,6.6,52.1,330.0,2254,30.12
-18.5,90,26.6,rain,83,67.0,True,hilly,8.6,84.4,528.0,2497,62.81
26.3,81,14.4,none,48,101.4,False,flat,8.1,60.1,335.0,1699,16.72
25.4,66,22.4,none,47,101.5,False,flat,9.9,97.2,576.5,2201,16.89
-21.1,40,26.6,rain,69,60.8,True,flat,3.8,88.3,482.0,1852,65.0
-2.1,73,44.6,rain,80,60.4,True,flat,1.6,53.8,345.0,2350,26.74
-18.1,86,3.7,snow,99,62.1,True,flat,7.6,99.2,625.0,1833,61.17
-12.2,64,73.1,none,26,119.2,True,mountainous,8.7,61.8,322.6,1809,65.0
-11.6,81,7.9,none,41,121.0,True,hilly,0.5,73.5,499.3,2035,44.71
8.9,77,22.3,rain,25,31.5,True,flat,3.3,44.4,309.8,2498,26.1
-1.2,61,8.7,none,89,62.5,True,flat,8.1,42.5,224.5,1853,38.36
36.3,38,20.5,none,59,69.2,True,flat,6.8,57.7,320.5,1702,19.83
-21.2,77,67.0,none,87,128.2,True,flat,7.6,40.7,270.6,2196,65.0
38.2,29,49.2,rain,99,124.4,True,flat,5.4,56.7,328.0,2394,24.83
-13.9,80,18.2,none,60,92.8,True,flat,3.8,71.3,364.9,2330,49.26
24.1,82,69.7,none,21,34.6,False,flat,8.1,81.5,555.8,2380,10.38
-6.3,84,64.1,none,43,49.1,False,hilly,5.5,55.1,333.3,1534,33.98
-20.0,53,60.3,none,13,73.4,False,flat,5.2,64.4,326.2,1580,53.05
30.1,27,67.8,snow,86,125.9,True,flat,7.3,63.0,369.6,2292,32.69
-8.4,19,49.6,none,12,39.5,True,flat,1.9,59.7,397.8,1913,41.55
16.1,77,40.1,none,63,109.1,True,flat,5.9,63.3,366.5,1951,20.06
9.7,90,29.9,none,20,49.1,False,flat,3.0,69.3,364.5,1898,8.17
3.0,69,17.9,none,11,80.8,False,flat,0.2,51.9,263.8,1669,13.83
4.7,23,44.6,snow,33,106.7,True,hilly,7.5,67.9,445.2,2439,40.56
21.3,94,71.2,snow,60,99.2,False,flat,4.7,55.6,334.9,2231,23.05
-23.9,99,47.5,none,17,107.6,True,flat,9.0,43.8,247.2,1823,65.0
16.8,49,73.6,none,65,111.4,True,hilly,5.0,52.8,351.4,2092,31.78
32.7,64,28.6,none,70,60.6,True,flat,0.1,96.0,502.0,2028,6.74
-26.0,80,55.6,none,97,66.4,True,hilly,4.1,70.3,374.6,1977,65.0
-20.2,76,51.9,none,91,111.6,True,hilly,1.7,99.0,571.8,2463,65.0
20.2,97,53.6,none,61,33.9,False,flat,9.2,53.5,271.8,1951,7.53
0.6,20,51.6,rain,81,81.4,True,flat,4.5,57.5,385.8,2114,33.33
-1.8,62,17.7,rain,43,122.0,True,flat,5.1,78.4,464.0,1760,42.63
-20.4,72,11.5,none,63,118.5,True,mountainous,3.7,61.3,379.4,1866,65.0
5.5,90,78.3,rain,46,110.4,True,flat,5.2,61.7,314.1,2073,34.83
-21.1,89,3.6,rain,40,32.2,False,mountainous,0.8,90.6,610.2,2426,65.0
3.4,98,37.4,none,75,118.8,True,flat,4.6,41.8,289.7,2473,29.95
23.5,56,34.0,snow,37,121.2,False,hilly,6.6,80.0,541.8,2309,27.75
-11.9,85,28.8,rain,44,96.4,True,hilly,3.7,92.8,591.1,2321,57.56
3.7,48,62.6,none,43,59.9,True,flat,3.9,50.5,332.2,1621,30.88
39.4,48,59.6,snow,88,79.0,True,flat,8.4,64.2,430.0,2405,30.65
18.1,33,72.4,none,25,106.3,False,flat,5.4,88.5,481.1,2449,12.35
28.9,84,31.6,none,44,111.3,True,flat,5.9,72.1,381.2,1732,22.35
-1.0,99,45.1,none,90,64.3,True,mountainous,3.0,61.5,332.4,2008,47.44
23.8,33,71.4,rain,11,62.6,False,flat,4.8,77.6,525.5,1896,12.59
-27.2,15,79.5,none,95,103.6,True,mountainous,0.5,59.5,337.5,2246,65.0
-21.4,83,77.5,none,91,98.6,True,flat,4.3,77.6,411.7,1652,65.0
-15.8,66,57.4,none,48,81.3,True,flat,8.0,48.7,340.9,2233,52.88
-1.9,96,11.5,none,69,72.0,True,flat,1.6,53.5,285.6,2348,30.79
29.2,33,1.9,none,99,95.7,True,hilly,7.6,40.9,213.9,1620,28.7
-5.8,16,66.0,none,60,33.2,True,hilly,3.7,51.1,340.5,1731,44.92
15.8,54,67.3,none,19,37.6,False,flat,0.3,47.8,320.1,1624,5.65
19.7,18,59.7,rain,87,87.3,False,mountainous,9.5,75.9,462.9,2308,35.27
11.0,34,22.4,none,22,51.0,True,flat,1.8,96.7,536.5,1522,20.45
-5.0,21,51.2,rain,33,107.5,False,flat,3.3,52.9,297.2,2394,37.03
10.4,30,25.3,none,89,107.2,True,flat,4.8,47.8,267.8,2037,23.81
-6.0,20,36.1,none,33,101.0,True,hilly,9.5,72.1,485.4,1716,48.95
-24.1,96,30.6,rain,77,120.4,True,flat,5.8,50.9,256.1,1651,65.0
39.5,35,73.1,none,50,44.1,False,flat,9.1,72.5,465.5,1654,9.65
-21.1,50,18.7,rain,78,55.9,True,flat,5.6,70.3,485.6,1767,65.0
-24.9,91,46.2,none,31,55.2,True,flat,2.1,41.2,267.8,1581,65.0
31.5,71,28.9,none,48,108.2,True,hilly,5.6,97.9,585.4,2298,26.13
-8.9,66,53.0,none,39,82.1,False,flat,1.0,52.1,269.0,1774,30.09
15.5,74,45.2,none,32,55.3,False,flat,1.2,93.7,474.2,1515,2.5
-7.0,85,73.9,none,38,43.6,True,hilly,1.2,63.0,341.2,2297,44.99
-2.6,89,8.1,none,39,119.3,True,flat,0.1,49.5,308.1,2086,31.19
-11.7,68,17.7,none,96,99.2,True,hilly,1.5,46.4,274.2,1532,41.43
-6.0,90,61.3,none,58,82.9,True,hilly,3.5,70.6,438.2,1725,46.08
-1.3,58,29.5,none,52,126.5,True,flat,0.7,61.7,319.1,1823,35.26
20.4,35,13.3,none,55,115.0,False,flat,0.1,95.1,632.6,2438,9.14
5.8,89,40.3,none,100,47.8,True,flat,1.1,52.1,331.2,1926,24.89
36.0,59,52.2,none,69,80.8,True,hilly,9.4,83.4,523.5,2191,30.63
-27.1,92,3.6,rain,73,78.6,True,flat,5.3,51.1,273.4,2277,65.0
5.2,14,23.3,none,38,114.4,True,hilly,4.4,92.3,562.3,2023,35.92
10.9,46,64.8,none,52,44.9,False,flat,4.9,70.6,389.2,1601,11.39
34.4,95,41.6,none,27,75.2,True,flat,5.5,89.9,617.0,2434,21.82
-26.6,32,2.8,none,72,93.7,True,hilly,1.1,66.3,393.1,1950,65.0
10.1,95,22.6,none,41,124.5,True,flat,5.8,50.5,283.6,1670,31.13
29.8,96,51.1,none,77,119.9,False,flat,8.3,72.4,499.4,2268,17.2
-13.1,89,15.9,none,29,83.4,True,flat,5.6,56.4,304.9,2382,52.09
31.3,61,66.2,none,46,90.7,True,flat,8.8,51.1,305.7,2232,29.86
-28.7,68,54.1,none,52,115.2,False,flat,1.4,94.2,503.3,1946,65.0
21.3,88,37.7,none,25,104.4,False,hilly,8.3,73.1,379.2,2484,18.08
35.3,80,73.2,none,16,117.9,True,hilly,6.6,88.0,449.2,1600,32.55
16.0,67,31.3,none,39,119.6,False,hilly,6.0,86.6,435.5,1647,17.61
0.7,98,18.8,none,59,113.3,True,flat,5.9,40.1,257.2,1775,32.79
-26.9,72,52.9,none,69,30.9,True,flat,1.2,93.2,538.0,1632,65.0
34.4,98,45.9,none,48,61.1,True,hilly,6.4,86.4,591.3,1948,27.28
2.9,15,26.8,none,55,70.4,True,hilly,4.0,56.1,351.0,2096,29.7
-28.0,23,27.5,none,59,97.8,True,hilly,0.6,53.8,355.5,1803,65.0
18.3,51,31.9,rain,56,60.7,False,flat,2.1,43.4,241.6,1530,10.53
3.7,45,23.3,none,18,62.4,True,flat,4.4,45.5,247.1,2060,25.22
-21.3,80,56.8,none,46,70.0,True,flat,9.9,51.7,304.3,2061,65.0
-15.0,24,52.1,none,28,125.5,True,flat,4.3,40.2,267.6,2371,57.22
-25.5,98,35.3,none,58,73.7,True,mountainous,1.5,58.9,351.2,1603,65.0
10.2,38,31.8,none,78,44.1,True,flat,9.0,95.3,581.6,1872,25.51
13.5,49,29.2,none,62,30.6,True,hilly,0.4,73.3,419.1,1732,13.57
5.4,35,22.7,none,30,53.7,True,hilly,1.3,74.8,462.8,1603,24.3
27.2,62,6.9,none,29,123.9,False,flat,4.7,54.2,325.9,1801,10.46
30.3,15,21.5,none,13,125.5,True,flat,0.9,53.5,317.0,2305,23.36
13.1,23,25.7,none,48,82.9,True,flat,5.7,62.0,378.3,1735,19.55
-29.1,77,43.8,snow,49,94.6,True,flat,1.6,55.7,325.3,2414,65.0
18.7,27,61.9,rain,31,109.6,False,flat,6.5,91.5,601.6,2192,16.66
-0.7,31,31.7,snow,79,35.6,True,flat,1.2,50.6,260.1,1596,39.16
9.6,81,75.6,none,45,67.4,True,flat,8.1,80.5,459.5,1722,29.51
15.4,18,66.2,rain,70,94.2,False,hilly,7.3,69.4,451.4,1534,19.95
-5.5,49,78.8,rain,68,119.8,True,flat,9.3,80.6,462.1,1616,47.61
34.2,12,70.1,snow,64,102.7,True,mountainous,0.7,90.1,535.0,2221,40.15
-20.6,41,49.3,none,92,65.0,True,hilly,5.6,60.5,349.9,1654,65.0
17.0,73,47.9,rain,11,121.0,False,hilly,7.1,72.4,413.0,1793,20.03
-29.7,18,10.4,none,16,96.5,True,flat,9.0,69.9,426.6,2184,65.0
34.7,90,57.8,none,75,113.0,True,flat,4.8,62.4,332.4,2139,21.36
-22.1,92,48.0,none,42,68.6,True,flat,9.5,88.7,520.9,2397,65.0
-23.4,19,40.6,snow,99,30.2,True,hilly,1.2,40.6,264.4,1834,65.0
-6.7,99,55.5,none,29,46.6,True,flat,4.3,58.6,294.1,1867,36.25
-3.9,37,35.5,none,27,122.7,True,flat,2.5,89.9,558.1,1595,43.13
-15.0,18,41.9,snow,63,33.3,False,mountainous,1.6,92.3,643.0,1783,60.57
11.0,10,31.9,none,35,89.6,True,flat,2.9,81.6,473.8,2346,22.23
1.0,47,57.4,rain,41,70.9,True,hilly,6.6,60.4,367.4,1639,33.77
-27.6,67,70.1,rain,93,73.0,True,flat,4.8,89.3,471.8,1871,65.0
-7.6,40,67.3,none,12,70.1,True,flat,1.8,45.0,288.9,2343,41.78
26.7,85,62.9,none,58,36.7,False,flat,0.3,55.9,326.4,1720,3.93
18.3,74,1.1,none,40,42.2,False,hilly,9.2,45.5,297.8,1657,14.02
20.7,42,73.0,snow,41,36.3,False,hilly,3.1,46.6,244.8,1507,20.34
18.9,76,22.0,rain,32,35.4,False,flat,1.3,75.6,389.3,2418,2.88
-8.2,95,71.0,none,22,38.6,True,hilly,1.5,44.3,246.5,2370,45.02
-23.0,18,15.8,none,13,99.7,True,flat,2.5,80.8,432.2,1689,62.04
-10.9,38,35.2,none,99,41.4,True,flat,2.3,60.9,404.2,2287,34.21
28.2,52,60.0,rain,69,56.1,False,mountainous,2.8,43.3,282.4,2473,22.48
38.6,55,51.2,none,80,95.7,True,hilly,2.3,57.1,396.1,1805,27.6
4.6,59,33.3,none,16,41.2,True,hilly,4.3,64.0,328.3,2168,31.97
-29.3,37,54.3,rain,11,121.0,True,flat,7.7,62.0,345.6,1705,65.0
-20.2,70,43.9,none,64,77.7,True,mountainous,0.3,70.6,490.1,2087,65.0
-7.5,68,22.1,none,75,126.3,True,flat,1.9,70.2,365.8,1828,37.6
10.5,62,51.7,rain,46,49.3,True,flat,7.1,61.6,368.2,2116,23.54
-24.7,20,16.3,none,45,33.1,True,flat,1.5,94.0,593.0,2168,65.0
36.0,53,55.5,none,45,89.0,True,flat,7.4,53.2,290.2,2218,14.91
-4.4,42,0.2,none,24,62.9,True,flat,5.1,60.4,395.9,2403,34.15
33.9,54,43.9,none,78,87.2,True,flat,8.8,73.2,490.9,1610,21.34
24.6,93,32.1,none,29,77.4,False,flat,0.1,54.7,317.1,1775,5.21
22.9,53,24.2,rain,39,75.7,False,hilly,7.8,49.0,314.1,1670,18.63
12.5,11,41.3,none,70,115.1,True,hilly,5.7,40.4,244.8,1936,28.97
13.9,49,51.6,none,10,49.2,False,hilly,4.7,96.7,615.2,1931,15.38
14.7,84,77.2,none,79,80.0,False,flat,1.5,87.1,513.6,1835,5.02
14.0,80,66.6,none,91,71.6,True,flat,2.3,93.3,473.0,2488,20.62
8.8,56,57.4,none,15,97.4,True,flat,7.9,42.4,239.6,2261,28.59
39.0,32,38.3,none,63,35.0,True,flat,1.5,44.4,248.2,1592,12.46
21.3,52,31.4,none,47,82.9,False,hilly,5.3,73.1,500.7,1902,15.53
24.4,61,2.6,none,17,77.9,False,flat,2.1,41.4,243.2,2361,3.08
31.1,100,28.7,none,71,127.4,True,hilly,4.9,56.3,383.1,1667,38.03
-14.9,68,67.9,rain,65,105.6,False,flat,2.5,98.4,492.9,1964,47.32
-24.1,72,30.7,none,68,45.5,True,hilly,3.5,61.4,384.9,2273,65.0
3.8,54,36.9,none,83,80.9,True,mountainous,8.0,98.8,584.0,1586,47.37
6.0,42,21.7,none,36,108.4,True,hilly,0.4,47.1,239.8,2317,24.56
28.0,83,21.9,none,71,82.5,False,hilly,9.2,63.1,374.6,1611,19.15
1.1,55,4.9,none,77,65.7,True,flat,3.2,40.3,232.7,1963,30.66
10.0,100,49.1,none,25,67.7,True,flat,6.0,75.5,409.6,2457,23.7
6.9,51,35.8,none,96,66.7,True,hilly,2.2,60.5,312.1,2009,23.48
-27.3,16,48.5,none,41,32.0,True,flat,3.6,70.2,462.2,2401,65.0
13.1,71,43.8,none,74,103.1,True,flat,4.6,87.7,545.1,2418,28.28
28.0,14,63.9,none,78,91.1,False,flat,6.9,73.1,451.7,1929,10.22
-19.0,33,60.1,none,55,56.9,True,flat,8.7,79.9,544.4,2434,57.72
11.6,42,61.7,rain,22,93.0,True,hilly,8.7,68.3,343.3,1590,34.27
11.6,77,39.9,none,35,60.9,True,hilly,3.4,84.9,516.3,1846,25.24
-18.5,54,28.3,none,31,54.3,True,hilly,0.9,76.2,525.9,2385,63.99
-21.4,13,74.7,none,57,104.1,True,hilly,9.3,92.0,542.5,2031,65.0
38.6,66,4.3,none,34,110.9,True,flat,0.3,85.4,507.4,2216,17.69
-2.4,47,12.2,snow,59,92.6,True,mountainous,8.8,53.9,277.1,1543,60.32
-14.1,93,33.6,rain,36,108.4,True,flat,0.3,71.5,458.0,2165,45.5
-18.0,55,49.1,none,10,66.6,True,hilly,9.8,92.5,603.4,2350,63.02
16.7,74,0.7,none,43,37.2,False,mountainous,0.1,91.5,483.1,2180,18.16
12.7,30,57.5,snow,65,90.5,True,flat,0.2,68.6,430.7,2453,28.42
15.0,78,44.7,rain,80,55.6,False,hilly,5.1,58.8,338.1,2194,19.01
-23.8,75,38.8,none,13,107.7,True,hilly,6.7,52.6,322.6,1816,65.0
32.5,91,33.9,none,33,65.8,True,mountainous,3.5,51.7,328.0,1754,29.28
-2.8,13,41.6,none,99,97.1,True,flat,6.1,48.6,253.0,2129,39.18
-8.1,50,12.9,rain,34,85.3,True,flat,8.5,100.0,560.1,1596,48.73
2.4,71,8.7,rain,80,111.7,True,hilly,8.0,79.8,533.2,1885,42.38
-2.7,19,23.2,none,56,113.2,True,flat,8.8,58.9,314.3,1935,36.96
30.5,47,56.8,none,21,36.8,True,hilly,1.6,57.6,362.9,2102,19.22
35.0,95,47.1,snow,68,59.5,True,flat,2.2,58.3,389.2,1733,22.4
-8.8,49,38.4,rain,97,117.1,True,hilly,5.9,92.3,577.2,2428,47.98
30.5,99,45.7,none,90,70.4,True,flat,7.2,70.8,465.1,2442,22.42
24.7,15,44.7,none,72,81.5,False,flat,1.1,56.3,336.5,2097,9.53
35.2,75,24.6,none,56,48.3,True,flat,1.8,87.9,594.7,2172,14.48
-12.8,62,7.8,none,39,85.3,False,flat,9.2,85.0,540.2,1807,39.52
10.4,55,71.7,none,42,56.5,True,mountainous,0.3,68.1,386.8,1757,36.05
-10.8,97,48.0,none,41,112.9,False,hilly,4.0,81.3,491.2,1770,42.13
27.7,22,55.8,snow,93,50.0,False,hilly,2.1,84.3,530.5,1906,18.39
-29.6,91,37.1,rain,29,66.0,True,flat,7.7,43.0,282.6,2429,65.0
9.5,72,60.5,none,44,39.5,True,flat,8.6,92.5,493.8,1809,26.03
-6.3,33,46.8,rain,49,88.8,True,hilly,2.5,57.2,399.4,1788,47.08
-7.4,91,4.3,none,47,124.2,True,flat,5.9,98.9,524.1,1826,44.45
15.1,49,71.2,none,10,47.3,False,flat,8.4,94.5,575.2,1735,11.42
29.6,83,24.4,rain,34,32.0,False,flat,6.0,41.2,207.2,2228,7.31
12.6,45,11.0,none,55,72.2,True,hilly,6.0,77.3,454.3,1903,32.41
29.7,87,7.0,rain,78,104.8,False,hilly,4.1,97.9,490.1,1968,17.29
-11.5,67,57.6,none,61,127.5,True,hilly,6.5,73.9,379.9,2215,58.45
6.4,23,56.3,none,45,35.1,False,flat,9.6,76.9,469.0,2150,20.11
1.5,68,56.0,none,70,108.6,True,flat,3.0,95.9,566.8,1905,33.67
-29.2,27,73.3,none,70,66.9,False,mountainous,2.0,74.4,381.2,1523,65.0
9.0,47,27.9,none,32,45.4,False,hilly,9.6,54.7,375.1,2393,19.79
16.3,25,44.9,snow,19,49.2,False,flat,0.6,67.6,385.5,1614,11.39
11.4,12,49.6,none,82,122.4,True,flat,8.4,61.0,395.6,2343,33.46
21.5,29,78.4,none,58,110.9,False,flat,9.1,50.0,346.4,2249,19.57
10.0,58,25.0,none,26,61.2,False,hilly,2.2,52.8,360.3,2334,16.25
-25.3,53,76.5,rain,34,124.0,True,flat,4.3,43.7,277.9,2394,65.0
-21.8,55,11.9,none,79,40.5,True,flat,1.2,50.1,252.4,1546,56.63
11.8,32,61.1,none,69,62.3,True,hilly,3.7,55.6,349.0,1938,26.43
-10.8,72,50.6,rain,95,95.3,True,flat,4.6,85.5,441.8,1558,45.4
-24.4,73,65.4,snow,52,129.9,True,flat,5.1,62.0,362.7,1817,65.0
0.1,42,2.3,rain,15,76.6,False,flat,1.2,81.5,556.2,1641,19.17
8.8,89,6.3,none,73,111.1,True,hilly,4.0,99.8,522.7,2079,32.73
-7.0,68,5.6,none,33,121.6,True,flat,6.3,74.9,480.2,2116,44.29
20.4,74,47.4,rain,39,31.0,False,flat,5.0,76.8,427.8,2069,5.55
15.1,35,48.2,snow,28,58.9,False,hilly,8.4,73.1,389.3,1724,26.67
-6.7,10,72.5,snow,38,40.0,True,flat,9.5,63.7,349.3,1745,50.88
22.8,88,37.4,none,85,107.6,False,flat,8.2,51.1,297.3,1808,12.63
15.4,84,5.4,rain,62,86.7,False,flat,0.5,98.7,652.2,1656,8.67
14.6,21,16.8,none,20,39.6,True,flat,2.1,68.7,414.1,1932,11.3
8.7,44,0.6,none,63,72.1,True,flat,0.9,96.2,548.1,2204,22.99
-29.2,70,62.1,none,67,81.4,False,flat,4.3,55.6,297.5,2304,65.0
18.8,69,65.2,snow,90,99.8,False,hilly,7.2,46.5,256.2,1523,23.81
-3.7,87,79.8,none,87,107.9,True,flat,0.3,78.2,539.0,1545,38.93
36.0,23,33.0,none,16,38.8,True,flat,2.7,91.1,495.7,2124,8.69
27.3,49,1.5,snow,88,78.8,False,hilly,0.9,79.7,450.6,1958,16.35
11.1,19,18.8,none,15,46.1,True,flat,4.1,84.6,505.4,1844,15.07
-12.3,45,47.0,none,24,105.3,True,hilly,9.3,76.5,451.7,2280,57.33
-15.7,11,77.0,rain,20,95.8,True,flat,4.1,84.8,475.8,1991,62.56
-6.2,91,8.3,rain,26,102.3,True,hilly,6.3,60.7,305.3,2088,53.6
3.4,57,9.7,none,82,37.5,True,flat,3.9,63.4,421.3,1836,22.07
-9.3,86,56.1,snow,72,81.0,True,flat,7.3,86.8,447.4,1797,57.15
6.0,15,53.4,none,72,114.1,True,flat,7.4,88.1,579.6,2449,34.48
-18.4,30,20.0,snow,93,101.3,True,flat,1.4,45.0,252.4,2199,64.82
38.4,33,65.1,rain,45,116.2,True,mountainous,6.5,41.0,279.8,1830,44.72
-22.4,45,10.3,none,10,50.6,True,hilly,3.9,80.0,479.5,2499,65.0
35.2,82,74.1,rain,68,58.7,True,flat,8.6,45.1,226.4,1554,18.93
34.0,45,16.1,none,88,74.1,False,flat,1.6,50.3,303.5,1930,5.51
6.8,28,6.5,none,98,82.3,True,flat,9.0,51.8,353.5,2481,26.02
20.7,16,27.2,snow,43,55.2,False,flat,5.1,70.6,358.4,2400,13.08
0.5,17,15.0,none,84,68.1,False,flat,2.6,52.1,308.0,1954,21.36
14.1,78,42.2,none,86,98.7,False,flat,3.3,50.9,325.4,2214,14.57
-6.2,50,54.9,none,23,94.5,True,hilly,0.1,40.6,208.6,1870,36.98
-8.9,75,39.3,none,67,41.0,True,flat,9.5,86.0,470.1,1979,38.29
10.5,71,52.8,rain,26,128.6,True,flat,2.2,48.2,244.1,2146,23.48
4.9,22,29.2,snow,50,86.3,True,hilly,9.1,74.1,453.2,1874,35.89
10.6,23,2.2,none,89,78.4,True,flat,8.5,58.0,384.4,2275,30.49
-9.9,78,77.9,none,81,126.7,True,flat,3.5,51.0,291.2,1848,50.95
-4.3,75,65.6,none,61,44.0,True,flat,2.1,60.8,317.6,1706,30.44
-24.1,44,5.9,none,83,84.4,False,flat,4.3,55.4,335.6,1754,65.0
-26.3,17,35.9,none,24,110.5,True,mountainous,9.3,66.0,444.3,2404,65.0
-12.3,11,50.8,none,28,69.9,True,hilly,8.6,81.4,502.9,2254,59.13
-24.8,36,15.2,none,29,103.6,False,flat,4.9,43.1,234.0,2399,63.62
-22.7,11,46.2,none,80,119.9,True,hilly,5.5,51.0,277.1,2430,65.0
26.9,31,42.7,snow,90,56.2,True,mountainous,4.1,44.8,254.7,1512,43.61
-27.3,48,16.7,rain,61,54.1,True,flat,9.4,98.1,506.8,1693,65.0
16.1,21,11.3,rain,96,66.1,False,hilly,9.9,74.4,452.8,1892,20.89
-10.9,19,60.7,none,76,71.8,True,flat,2.9,89.2,619.6,1709,41.53
31.0,91,25.8,rain,61,41.1,True,flat,9.5,56.0,370.0,1555,22.46
3.9,63,19.5,snow,65,53.1,True,mountainous,9.5,93.7,571.1,2428,49.7
-8.6,94,59.0,snow,86,117.3,True,flat,4.7,77.7,531.8,2389,55.43
6.2,41,58.9,none,18,86.7,True,hilly,4.1,64.4,396.1,1690,29.11
-3.3,71,22.1,none,25,56.8,False,flat,8.7,76.0,501.7,1991,25.06
9.5,28,69.8,none,34,124.4,True,mountainous,9.4,47.6,255.8,2478,48.08
-22.0,66,55.1,none,91,107.4,True,flat,4.0,58.8,316.6,2091,65.0
39.8,22,27.7,snow,95,66.2,True,flat,4.9,72.4,487.3,2041,22.36
-0.2,10,34.2,none,42,106.5,True,flat,3.3,78.4,428.4,1925,31.45
-5.6,94,58.1,none,93,89.6,True,flat,2.1,53.0,323.8,1627,37.74
19.7,60,16.9,none,59,98.4,False,hilly,10.0,99.5,540.0,1614,17.82
-4.5,93,37.5,none,53,62.1,True,hilly,1.9,90.0,559.1,2375,36.39
28.3,40,52.3,snow,85,50.9,False,flat,8.1,74.8,442.2,1742,14.87
1.8,40,43.2,none,59,55.4,True,flat,4.2,98.4,652.9,1771,28.93
20.4,46,48.7,none,51,38.4,False,flat,0.8,70.8,462.7,1636,4.94
-22.5,74,43.7,none,11,77.1,True,flat,3.2,96.8,529.8,1892,65.0
29.2,61,15.9,none,11,70.6,True,hilly,0.8,85.1,512.7,2127,22.71
21.5,93,32.8,rain,66,30.3,True,flat,9.8,53.0,369.2,2041,24.3
-15.2,12,42.6,rain,17,115.6,True,hilly,2.7,64.3,388.9,1534,63.75
-19.8,74,62.4,none,76,98.2,True,flat,7.5,55.8,327.8,1969,64.05
-7.9,40,52.3,snow,66,74.7,True,hilly,4.3,83.3,423.8,1919,56.68
38.3,26,34.1,none,51,126.7,True,flat,6.8,86.0,529.5,1762,24.1
-12.0,56,78.0,none,74,124.1,True,hilly,2.6,81.1,558.3,2149,57.7
1.9,55,8.6,snow,99,39.5,True,flat,0.9,72.7,495.6,2440,31.97
-27.9,22,16.5,none,32,91.5,True,hilly,8.1,64.1,411.8,2200,65.0
-2.2,28,27.3,none,60,111.7,True,flat,7.2,99.1,562.5,1680,35.05
10.0,47,18.3,none,86,47.3,True,hilly,1.1,41.7,269.9,2152,14.45
36.7,47,50.0,rain,12,42.8,True,hilly,7.3,47.4,289.7,1651,26.48
6.2,39,3.2,snow,28,56.0,True,hilly,6.0,75.9,463.8,2047,37.41
27.3,23,14.2,none,57,58.0,False,flat,1.7,85.3,566.6,2462,1.48
8.3,10,23.5,none,60,126.5,True,hilly,8.3,97.5,533.5,2472,35.04
-27.1,97,54.7,none,18,108.0,True,flat,7.0,69.4,427.7,2383,65.0
-7.9,95,70.1,rain,47,36.0,True,flat,5.1,56.0,347.1,1867,39.89
10.3,54,63.9,none,57,108.6,True,flat,1.8,91.8,628.9,2205,25.02
36.5,100,14.6,rain,48,47.0,True,hilly,5.4,66.4,335.4,1670,21.94
30.1,71,45.2,rain,73,65.7,True,flat,1.6,47.7,284.4,2430,16.23
-14.0,16,2.4,none,79,61.9,True,flat,1.8,71.3,394.2,1955,42.97
-14.6,21,24.8,none,51,57.2,True,mountainous,2.4,71.5,477.4,2069,62.17
-15.9,92,64.5,none,48,60.9,True,hilly,6.5,53.8,301.2,1885,58.06
34.6,67,36.5,none,73,105.4,True,hilly,6.8,48.5,269.7,1915,30.94
29.7,86,12.0,none,60,56.7,False,flat,0.7,48.5,308.4,1875,3.26
24.2,91,35.1,none,88,110.1,False,hilly,6.5,89.4,497.7,1976,17.0
-2.5,50,15.8,none,53,39.1,True,flat,0.3,70.1,406.7,2359,30.33
5.3,14,31.5,none,62,89.5,True,flat,9.0,84.2,426.4,2345,26.35
2.5,27,39.0,rain,22,116.3,True,flat,7.8,97.7,558.4,1837,45.13
-12.3,16,28.0,rain,85,37.9,True,flat,7.2,87.5,560.7,1614,43.69
5.4,27,75.0,snow,48,93.5,True,flat,2.4,49.4,301.7,1950,30.3
-27.9,47,45.0,none,75,81.2,True,flat,9.9,65.2,344.5,1505,65.0
-20.8,21,67.4,none,49,63.2,True,hilly,9.2,69.8,463.3,2248,65.0
32.1,25,60.9,none,10,40.1,True,hilly,4.9,82.1,465.4,1503,27.15
22.6,50,52.9,none,46,97.6,False,mountainous,0.3,97.9,661.4,1706,22.45
-0.4,41,39.8,none,23,60.9,False,hilly,5.1,57.1,381.7,1650,23.69
6.2,52,0.2,none,46,63.9,True,hilly,1.5,91.7,485.2,2373,29.16
-4.1,49,49.1,none,39,101.8,False,flat,5.9,44.3,302.3,2500,29.34
21.9,68,28.5,none,28,124.5,False,flat,9.9,92.3,475.7,1646,15.26
24.9,94,9.4,none,21,63.4,False,flat,7.6,81.7,476.0,2069,9.15
23.4,20,35.6,none,76,104.7,False,flat,3.2,41.7,222.6,2326,10.98
20.6,19,58.8,none,78,125.7,False,hilly,3.9,76.6,401.3,1852,18.4
-15.7,87,76.9,rain,34,39.8,True,hilly,9.4,95.9,501.2,1755,56.24
-6.3,56,29.9,none,55,82.9,True,hilly,1.1,66.0,329.8,1791,42.65
2.9,79,43.4,none,52,31.1,True,hilly,8.9,47.0,309.7,1823,35.31
-6.8,29,68.1,none,42,112.5,True,flat,0.7,99.3,548.6,1756,36.27
22.8,85,26.7,none,35,58.7,False,flat,4.1,65.0,326.2,1567,8.97
-6.9,93,11.4,rain,27,63.3,True,mountainous,7.5,71.7,390.2,2419,61.99
-20.3,67,22.6,none,89,98.7,True,hilly,4.0,98.0,501.3,2400,65.0
-2.1,20,71.9,rain,85,108.9,True,flat,5.7,75.1,382.2,2352,49.3
38.6,91,12.8,none,48,70.0,True,flat,4.9,80.6,530.9,2267,20.19
-14.2,81,26.3,none,75,96.6,True,hilly,6.0,82.6,415.1,2248,52.52
12.9,78,37.2,snow,55,125.6,True,flat,1.7,85.2,573.4,2206,30.9
0.3,13,67.8,rain,18,118.7,True,mountainous,5.8,88.0,475.6,2352,59.21
-25.0,82,75.0,none,84,100.1,True,flat,9.9,44.5,307.2,1555,65.0
4.2,22,34.1,rain,30,124.3,True,flat,1.9,96.1,625.8,2270,31.22
19.2,30,74.6,none,74,117.6,False,flat,0.7,72.7,399.3,2368,13.17
5.9,62,12.9,none,57,102.9,True,flat,3.9,72.0,402.3,2149,27.52
31.0,34,12.5,none,72,121.7,True,flat,3.7,90.1,499.8,2349,24.2
-9.8,70,75.9,snow,52,111.7,True,hilly,1.3,58.4,317.7,1798,57.75
-24.0,65,40.8,none,73,80.2,True,flat,5.7,79.4,435.8,1862,65.0
35.6,20,14.9,rain,13,80.2,True,hilly,4.4,59.0,366.0,2110,31.89
-3.5,69,39.0,none,14,30.9,True,flat,8.4,85.7,540.5,1642,31.58
10.3,93,62.7,none,91,33.0,True,flat,4.2,66.0,357.8,1691,24.42
25.4,24,66.2,rain,77,104.6,False,flat,9.9,51.2,342.8,2494,21.42
-7.3,64,69.1,none,85,85.5,False,flat,7.8,94.5,617.8,2287,31.83
20.1,41,45.6,none,51,106.1,False,flat,4.9,85.2,509.4,1613,15.41
-20.5,51,69.4,none,51,125.0,True,flat,5.5,40.9,216.4,1617,62.75
-9.6,36,40.8,rain,58,75.3,True,flat,8.7,43.9,254.3,1893,48.11
-19.9,42,48.6,none,32,38.8,True,flat,7.7,62.7,362.0,2498,59.42
26.8,13,60.7,none,76,92.7,False,flat,6.6,86.8,590.5,2475,13.74
-14.4,98,34.0,none,85,40.0,True,hilly,2.7,56.6,380.4,1973,51.85
20.2,66,5.9,snow,92,92.1,False,flat,4.1,99.4,504.4,1942,17.33
36.0,55,28.0,none,57,82.8,True,hilly,7.9,95.1,476.8,2089,24.97
6.9,45,49.9,rain,47,101.2,True,hilly,6.3,91.9,601.4,2162,34.05
7.8,59,15.4,rain,85,65.1,True,mountainous,9.6,40.5,211.8,1765,43.72
2.3,44,11.9,none,78,44.4,True,flat,8.7,97.8,528.5,1671,27.68
-7.2,42,23.4,none,88,53.6,True,hilly,4.3,75.5,520.3,2317,39.54
3.3,52,2.6,none,69,98.4,True,flat,2.9,75.5,431.9,1854,29.29
12.2,35,59.5,none,89,77.8,True,flat,1.2,45.9,306.7,1539,18.19
39.0,26,20.7,none,18,84.1,True,flat,4.1,76.6,408.0,2358,12.18
35.6,60,9.9,rain,71,62.3,True,hilly,2.3,71.7,456.2,2235,22.29
30.4,86,55.9,none,18,113.7,True,hilly,0.2,72.5,453.4,2221,27.97
32.2,24,67.4,none,77,129.9,True,hilly,1.4,51.5,333.2,2152,25.51
2.7,13,1.6,none,67,61.2,True,hilly,4.5,72.6,405.3,1914,33.87
16.0,32,18.7,none,11,101.9,True,hilly,8.9,44.3,233.8,2388,30.52
32.7,98,75.6,none,64,47.1,True,hilly,3.2,41.3,212.7,1865,29.02
-2.5,85,30.8,rain,23,104.2,False,mountainous,4.4,52.8,335.9,1768,42.68
37.3,64,75.1,none,23,73.1,False,hilly,3.8,88.1,557.3,2040,11.3
-0.9,94,21.9,none,24,90.5,True,hilly,3.7,76.2,383.7,1964,38.5
12.1,50,17.4,rain,54,53.8,True,hilly,7.2,93.7,580.5,1534,26.91
19.7,98,17.1,none,20,115.2,True,hilly,5.1,63.3,335.0,1787,29.08
36.5,37,6.8,rain,21,47.3,True,flat,4.1,61.0,309.8,1881,13.15
-12.9,32,71.7,none,33,122.9,False,flat,9.4,82.0,494.9,2292,45.32
22.2,67,78.4,rain,10,36.1,False,flat,2.8,64.4,351.2,1897,5.17
6.5,44,76.4,none,35,58.8,True,hilly,8.3,62.9,382.1,2440,36.27
-11.2,66,68.2,none,66,86.3,True,flat,5.2,68.0,437.3,2241,44.2
24.4,37,67.8,none,64,115.8,False,flat,4.4,46.9,321.2,2319,12.73
8.7,66,52.9,none,97,87.7,True,flat,0.6,52.2,296.5,2391,20.28
16.3,35,66.1,rain,21,51.6,False,flat,8.6,76.2,445.4,1696,15.23
-7.4,15,16.7,none,88,115.9,True,hilly,2.7,76.5,407.6,2302,44.61
3.7,92,31.0,none,45,89.6,True,flat,6.8,75.4,485.9,1693,33.67
13.2,89,51.3,none,45,53.2,True,hilly,8.7,52.0,345.5,2049,29.0
-1.7,97,70.0,none,41,86.2,True,flat,5.4,66.1,423.8,1806,32.73
-16.1,74,52.8,none,21,97.5,True,flat,6.4,95.3,560.7,1998,56.0
37.3,71,67.1,none,53,98.1,True,flat,3.4,91.7,561.0,1711,14.55
5.8,60,37.9,none,81,102.4,True,flat,7.3,73.4,399.6,2461,35.4
21.4,21,57.4,none,89,119.6,False,hilly,6.6,94.1,608.6,2166,21.87
-1.2,27,78.4,snow,97,112.5,True,flat,4.4,80.5,509.0,1751,46.62
-5.1,36,12.3,none,81,90.8,True,flat,6.3,64.7,443.4,1737,41.86
-1.5,90,74.2,none,66,33.2,True,flat,2.6,86.6,531.2,1658,30.2
-1.4,26,41.8,none,55,105.0,True,flat,6.6,58.1,377.7,2277,35.36
8.1,93,51.5,rain,89,127.5,True,hilly,6.7,91.3,547.8,1980,40.05
8.0,57,70.2,none,77,60.6,True,flat,4.4,59.8,398.7,2394,31.17
4.8,74,32.8,none,25,90.7,True,flat,2.5,87.7,542.4,1501,25.26
-20.6,20,33.5,none,71,106.9,False,flat,8.0,56.9,337.3,1997,57.77
4.7,34,42.2,none,49,93.9,True,hilly,7.5,95.0,502.6,1987,38.05
-18.2,96,1.5,none,64,122.3,True,flat,0.6,51.1,337.6,2483,56.75
-21.2,34,39.7,rain,91,77.3,True,mountainous,4.9,83.1,550.2,2225,65.0
35.3,37,23.3,none,69,83.2,False,hilly,0.9,64.5,363.2,2039,8.29
12.3,28,74.2,none,94,33.8,True,flat,3.2,41.1,242.0,2081,25.19
16.2,22,7.0,rain,88,120.0,False,flat,4.2,59.9,349.0,2199,15.14
-1.9,31,36.7,none,22,56.2,True,hilly,1.8,52.2,296.0,2419,33.55
33.6,68,75.8,none,11,127.8,False,flat,4.7,73.3,439.1,1564,14.99
14.7,51,72.1,none,45,50.2,True,hilly,7.1,55.6,334.1,1564,21.53
23.8,60,56.1,snow,88,55.3,False,flat,4.4,44.4,228.7,1706,16.66
-4.2,21,47.1,none,31,78.5,False,mountainous,2.3,97.2,536.3,1942,39.66
37.2,82,22.5,none,72,96.1,True,flat,4.1,90.7,463.7,1849,12.56
27.4,81,29.4,none,53,74.1,False,flat,5.9,42.7,275.7,1552,10.37
29.8,12,7.2,none,77,65.2,False,mountainous,9.4,56.3,362.3,2098,27.13
-17.9,45,62.9,none,25,84.0,True,hilly,5.0,77.8,434.2,2343,65.0
-11.0,16,25.9,rain,32,125.8,True,hilly,8.9,59.3,365.3,1556,59.06
-10.0,81,53.4,none,32,126.2,False,hilly,9.8,56.9,333.4,2023,48.21
-11.0,76,28.6,rain,59,62.8,True,flat,5.6,75.8,402.1,2482,43.44
29.9,91,37.1,none,36,98.0,False,flat,1.5,51.7,327.7,1550,5.8
-27.8,31,44.4,snow,83,102.2,True,mountainous,8.8,78.9,516.7,1794,65.0
-24.7,51,64.1,snow,41,95.3,True,flat,8.6,45.4,257.2,1942,65.0
-10.8,27,16.9,none,69,41.3,True,flat,8.7,59.5,358.4,1673,39.14
-16.0,43,31.9,none,95,83.9,False,flat,9.5,46.9,251.7,2051,50.26
-13.8,57,10.4,rain,65,106.3,True,hilly,2.8,57.8,295.9,2352,61.91
25.9,15,6.1,none,32,50.1,False,flat,3.3,81.0,447.5,1866,2.46
9.4,74,48.4,none,85,64.8,True,hilly,6.9,85.8,569.8,1509,27.52
-29.6,59,15.1,snow,11,50.4,True,flat,5.6,48.7,318.5,2114,65.0
0.1,85,4.8,none,33,118.7,True,hilly,8.7,84.8,463.8,2382,48.75
-1.4,34,71.8,none,45,115.9,True,flat,2.5,45.1,230.9,2293,32.85
-22.0,91,42.7,rain,28,46.9,True,hilly,6.6,53.0,352.8,2151,65.0
17.3,100,10.8,none,64,106.1,False,flat,9.4,70.0,437.1,2276,15.18
19.1,93,4.3,none,60,66.4,False,flat,2.2,98.3,508.9,1822,4.04
20.5,80,9.6,none,47,98.6,False,flat,3.1,98.4,632.0,1986,7.67
21.0,83,37.7,none,36,79.3,False,hilly,4.1,68.7,414.9,1885,15.46
-30.0,62,53.5,snow,49,77.2,True,hilly,0.9,88.3,465.8,1540,65.0
36.8,27,51.3,snow,36,118.1,True,flat,1.8,73.2,369.1,1745,28.24
27.0,71,11.6,none,30,93.7,False,hilly,3.8,85.1,568.5,1997,10.74
33.3,74,50.7,rain,42,53.6,True,hilly,0.7,79.2,441.0,2146,18.44
-28.9,99,32.4,none,64,41.1,False,flat,3.6,81.8,498.8,1519,65.0
35.4,59,37.2,none,68,123.3,True,hilly,2.4,66.4,351.7,2427,24.33
26.7,34,64.1,none,37,45.3,False,flat,8.6,90.0,572.0,2097,7.95
28.6,72,26.6,none,95,103.4,False,flat,6.1,66.7,340.9,2334,10.19
-23.5,98,11.8,none,34,79.6,True,flat,9.0,82.3,549.5,1685,65.0
21.7,26,69.9,none,74,44.0,False,hilly,2.0,92.2,565.6,2128,8.65
37.2,39,17.0,none,17,107.7,True,flat,0.8,79.3,412.5,1581,15.12
17.5,59,23.5,none,70,120.4,False,flat,3.5,70.6,431.4,1953,13.57
9.9,25,56.5,snow,51,42.2,True,hilly,0.6,71.7,418.6,2197,31.02
36.2,12,54.7,snow,61,36.7,False,mountainous,8.8,82.5,457.8,2161,33.74
1.0,40,64.0,rain,27,115.0,True,hilly,1.9,45.5,289.0,1734,38.2
12.0,88,14.7,none,49,80.1,True,flat,1.4,78.2,517.6,1611,14.16
3.3,14,28.2,none,79,97.5,True,flat,7.9,62.5,327.1,1855,30.33
35.3,49,10.1,none,79,74.1,True,hilly,7.1,48.1,266.9,2110,25.1
-24.7,79,43.3,none,31,71.2,True,hilly,0.6,94.8,504.0,1590,65.0
5.1,96,23.4,none,42,60.0,True,hilly,5.1,69.9,412.7,2337,31.0
18.1,99,55.1,none,10,86.3,True,hilly,4.5,67.4,337.6,2004,22.31
25.4,48,0.0,none,18,46.0,False,hilly,3.9,72.5,463.5,2358,11.89
10.8,96,4.8,rain,21,101.7,True,hilly,1.3,77.4,393.3,2149,24.33
33.6,13,34.6,none,36,84.9,True,flat,7.9,51.7,277.7,2474,21.93
35.9,77,76.7,none,78,114.8,True,flat,2.4,77.5,519.4,1992,28.27
-25.5,68,71.3,none,56,122.1,True,flat,4.6,61.1,405.7,2226,65.0
-1.8,32,79.5,none,81,120.1,True,hilly,8.8,82.9,516.8,1990,45.7
-28.4,56,33.3,none,78,90.1,True,hilly,3.2,86.3,555.1,1669,65.0
-6.9,22,3.7,none,63,61.9,True,flat,0.4,40.4,247.2,1590,27.6
7.6,88,24.5,rain,55,65.7,True,flat,8.9,83.0,480.0,1736,34.57
33.8,42,54.1,none,94,95.3,True,hilly,4.9,61.2,335.2,2078,24.89
29.3,66,10.8,none,61,101.2,False,flat,5.0,58.2,396.9,2333,10.14
-21.1,24,24.0,none,53,46.1,True,flat,5.5,62.4,424.0,1642,56.94
-23.5,29,4.5,none,88,129.8,True,flat,1.8,74.5,506.1,2424,65.0
11.2,99,38.0,none,16,40.8,True,mountainous,7.1,46.9,319.9,1979,30.67
7.2,78,16.7,none,69,90.7,True,flat,2.3,81.9,534.7,2004,25.93
-11.4,97,7.3,none,20,83.1,True,flat,3.0,66.7,453.2,1531,42.87
33.0,37,32.9,rain,84,89.1,True,hilly,6.3,49.6,334.3,2470,24.27
34.9,25,28.1,none,81,83.4,True,flat,7.5,70.6,390.4,1561,16.21
-1.8,55,43.0,none,55,35.8,False,flat,7.3,74.4,498.0,1790,26.37
32.3,55,59.9,none,69,129.6,True,hilly,0.8,60.8,372.1,2132,29.54
-3.1,26,9.0,none,80,128.1,True,mountainous,7.5,94.0,567.6,2142,54.25
21.6,76,63.3,none,53,82.4,False,flat,6.6,81.8,429.3,1928,11.81
3.3,43,2.1,none,92,50.8,True,flat,6.1,79.7,534.1,2369,26.26
-21.4,27,35.4,rain,49,48.3,True,flat,9.7,43.2,243.4,1833,65.0
35.0,40,47.0,none,90,35.7,True,flat,3.5,70.1,380.0,1655,18.48
1.8,61,76.6,none,62,91.2,True,flat,6.8,91.0,606.1,1542,30.82
21.4,75,45.9,none,48,77.8,False,flat,5.7,80.1,404.7,1636,11.44
-4.3,53,12.7,rain,10,71.6,True,flat,3.9,54.0,291.3,2455,40.12
-28.7,57,41.4,none,37,82.5,True,mountainous,7.9,91.7,548.5,1810,65.0
-23.0,23,31.7,none,88,117.3,True,flat,4.0,62.2,421.4,2157,65.0
4.7,92,38.3,none,49,37.1,True,hilly,5.6,94.9,556.7,2469,37.76
18.3,94,15.8,none,48,84.4,True,flat,5.6,70.7,378.1,2386,14.11
-6.6,72,40.1,none,54,100.1,True,hilly,5.1,87.2,521.3,2004,49.85
18.7,12,12.0,none,36,127.1,False,flat,4.6,76.7,480.1,1584,12.69
18.9,58,59.5,none,54,104.0,False,flat,1.7,57.5,387.8,2219,6.7
19.3,67,47.5,rain,44,84.8,False,hilly,2.4,79.2,524.0,1632,17.05
4.5,100,6.3,none,92,106.7,True,hilly,1.2,40.6,266.0,1648,28.18
34.0,100,71.2,none,61,129.7,True,flat,7.2,90.1,539.3,2379,22.66
4.2,87,49.3,none,85,118.9,True,hilly,7.4,97.9,667.7,2167,38.77
1.5,16,25.3,none,72,38.9,True,mountainous,6.4,52.4,354.2,2430,39.48
-16.0,96,3.7,none,29,87.5,True,flat,9.2,93.0,606.7,2458,59.55
-8.5,65,50.6,rain,88,108.6,True,flat,2.6,50.1,329.8,1960,40.69
-27.0,82,29.9,none,18,97.2,True,hilly,8.2,69.5,473.3,2169,65.0
14.3,47,72.6,rain,50,71.7,True,flat,1.9,57.6,327.3,2155,25.18
-12.6,39,2.8,none,32,62.2,True,flat,0.7,51.5,355.9,1613,34.89
-8.7,52,3.1,rain,58,92.7,False,flat,0.0,85.3,449.2,2119,30.23
24.0,23,75.9,none,37,71.2,False,hilly,5.8,88.4,597.3,1611,16.38
-7.1,42,77.2,none,75,69.2,False,hilly,7.8,90.3,492.6,2356,38.83
-13.0,87,2.2,none,94,113.7,True,hilly,8.2,40.5,247.6,2428,59.35
-18.2,13,57.3,none,74,61.6,False,flat,4.7,90.9,558.8,1889,43.05
24.2,24,17.7,none,42,94.5,False,flat,0.6,43.1,296.1,2194,6.04
-20.9,21,56.1,none,64,117.3,True,flat,0.4,66.9,371.0,2200,65.0
1.8,46,69.5,snow,90,92.2,True,mountainous,9.2,50.5,295.2,1550,56.03
5.5,100,8.1,rain,34,79.3,True,flat,0.9,94.4,499.2,1663,22.66
18.1,26,19.1,rain,21,33.5,False,flat,7.8,74.6,454.3,2386,13.19
14.3,23,1.9,none,22,98.2,True,hilly,0.7,68.1,393.8,1698,26.39
26.8,92,3.5,rain,55,129.8,False,hilly,1.8,66.7,392.5,2258,21.67
-26.9,89,2.4,none,76,110.8,True,hilly,1.6,64.3,330.3,2092,65.0
-9.2,13,64.1,none,69,93.4,True,flat,2.8,68.4,456.3,2214,45.34
-10.4,78,23.9,none,51,76.9,True,flat,4.1,73.9,421.9,1649,42.23
-19.8,69,39.5,none,76,52.4,True,hilly,1.2,89.0,558.5,2304,57.18
-9.8,79,63.0,none,67,99.2,True,flat,9.7,54.3,339.9,1866,52.59
-8.3,55,39.6,none,67,47.7,False,flat,0.0,88.3,553.6,2488,23.53
6.5,99,34.3,none,28,118.7,True,flat,7.7,89.8,491.2,1933,35.59
16.5,14,0.9,rain,38,65.4,False,flat,5.3,91.1,474.5,1818,12.76
-3.3,31,45.4,snow,41,70.0,True,flat,0.9,96.5,496.1,1643,42.68
20.4,46,10.0,none,83,51.6,False,hilly,1.2,97.4,597.8,1570,7.3
-6.5,50,61.2,none,80,78.2,True,flat,5.9,46.5,241.2,2382,42.75
-9.7,93,20.6,rain,33,98.0,True,flat,3.2,92.7,537.1,1622,43.73
7.9,60,53.9,none,15,60.3,True,flat,4.5,90.7,612.6,2380,24.56
-28.3,14,51.7,snow,79,100.2,False,mountainous,5.5,62.6,322.9,2050,65.0
-24.4,47,49.3,rain,47,92.1,True,mountainous,5.7,81.5,513.5,2162,65.0
-0.7,47,21.4,none,30,67.2,True,hilly,5.8,95.6,559.9,2307,34.83
36.0,97,21.4,none,21,61.3,True,flat,0.7,45.5,305.6,2042,11.62
20.5,64,69.0,snow,11,116.1,False,flat,7.4,61.3,397.4,1993,26.58
-23.8,67,1.0,snow,48,31.2,True,flat,2.9,98.4,515.5,2283,65.0
29.2,74,14.5,none,41,101.6,False,flat,1.1,72.9,407.1,1916,10.2
21.3,79,48.8,none,73,71.7,False,flat,1.0,45.5,285.5,1579,9.15
12.8,67,65.4,none,98,101.8,True,flat,2.4,97.7,521.8,2131,21.91
27.4,31,28.7,none,29,80.8,False,mountainous,6.3,94.2,621.8,1535,23.79
-1.7,89,52.3,snow,32,38.4,False,hilly,4.7,88.4,485.0,2099,33.71
-14.5,76,44.6,rain,40,128.2,True,flat,1.1,87.6,583.6,2011,55.75
5.8,77,5.2,none,52,38.6,True,hilly,0.3,69.2,382.8,1805,26.95
8.4,100,49.7,none,73,45.8,True,flat,0.2,92.5,502.8,1845,17.42
7.7,82,65.1,rain,42,72.0,True,hilly,4.2,58.3,401.6,1955,37.89
9.6,85,79.4,none,19,124.5,True,hilly,7.9,61.5,385.9,1991,33.07
36.4,96,2.4,none,76,59.3,True,flat,5.7,53.0,322.0,1924,12.02
33.2,24,52.8,none,82,86.9,True,flat,8.1,64.2,327.2,1892,26.27
31.3,55,33.2,none,32,82.1,True,flat,3.2,54.0,300.5,1824,16.72
26.1,62,0.8,rain,22,63.0,False,flat,1.4,60.4,316.9,2148,7.96
36.0,40,49.1,rain,58,99.6,True,flat,8.0,81.4,433.1,1909,32.09
-23.1,86,9.8,none,29,80.1,True,flat,7.3,65.8,363.6,1818,65.0
-11.4,79,30.3,none,44,87.8,True,hilly,5.9,86.1,453.7,2403,53.07
4.7,75,20.9,none,80,51.0,True,flat,8.9,68.7,467.4,1682,26.84
29.3,100,28.9,none,30,122.7,False,hilly,6.3,48.4,250.0,1645,18.95
5.4,33,39.4,rain,83,41.1,True,flat,5.3,84.5,567.9,2277,31.53
22.4,76,28.7,none,71,99.0,False,mountainous,5.0,44.0,261.9,1616,25.64
-20.3,60,44.2,snow,30,118.6,True,flat,6.2,96.5,512.9,1771,65.0
-12.3,38,19.1,none,57,38.4,False,flat,5.2,90.5,547.7,1851,32.27
21.2,24,50.8,none,65,32.9,True,flat,2.7,97.8,657.3,1786,10.82
-18.5,91,68.3,none,28,63.3,True,flat,9.5,54.9,372.3,2234,57.8
-5.4,64,17.9,none,23,109.0,True,flat,9.6,68.9,393.4,1698,42.5
-11.5,84,40.6,none,58,101.7,False,hilly,1.7,51.6,327.0,2190,37.5
-5.5,59,51.9,none,72,112.2,True,flat,5.3,65.3,335.4,1792,38.39
19.6,30,45.2,none,52,69.7,False,flat,7.9,54.6,327.6,2357,14.56
-4.3,40,29.3,snow,16,129.4,True,flat,0.5,91.2,497.2,2376,42.2
8.9,44,51.4,none,93,66.6,True,flat,1.2,47.3,264.7,1779,20.07
-23.0,98,2.3,none,73,110.5,True,flat,5.4,53.5,317.2,2097,65.0
26.4,11,29.6,none,66,65.1,False,flat,0.3,55.8,381.3,2311,1.35
-4.1,99,42.6,none,68,51.8,True,flat,8.3,84.3,560.3,1573,39.99
15.4,98,1.6,none,46,63.7,False,mountainous,8.7,77.8,448.6,2069,27.25
20.8,100,40.6,none,99,49.3,False,flat,7.4,48.2,286.9,2476,8.61
-15.3,53,52.3,none,22,42.9,True,flat,8.2,76.3,515.2,1863,53.46
31.9,97,60.7,none,77,66.4,True,flat,6.7,90.8,468.9,2228,19.11
13.1,46,9.1,none,48,44.7,True,mountainous,1.4,67.1,439.9,2296,25.34
0.0,12,79.2,none,89,80.2,True,flat,0.3,76.7,409.5,2243,32.78
-17.2,30,48.5,rain,75,33.5,True,flat,8.5,71.9,399.7,2450,65.0
36.0,95,29.1,rain,61,73.1,True,flat,7.1,61.5,334.1,2267,26.14
22.9,11,19.9,rain,94,125.8,False,flat,4.0,40.2,245.0,2433,17.02
-15.4,59,45.8,none,92,65.9,True,flat,8.0,51.2,279.4,1731,58.76
-6.4,17,70.5,snow,15,43.8,False,hilly,0.5,96.8,572.6,2091,39.67
26.7,36,41.6,snow,27,60.5,False,flat,3.2,61.3,309.6,1878,15.09
18.7,18,52.9,rain,71,109.1,False,hilly,3.4,57.8,325.7,2223,19.79
23.6,87,28.6,none,93,61.4,False,flat,1.0,76.8,493.5,1651,3.8
0.9,63,31.1,none,49,68.3,True,flat,7.4,94.2,553.1,1679,31.36
20.2,91,22.9,rain,13,108.9,False,mountainous,7.8,58.1,386.5,1630,31.97
-2.9,72,56.5,rain,68,56.1,False,flat,5.8,53.4,316.0,1769,27.25
-15.2,97,28.7,none,28,77.8,True,flat,4.2,94.1,635.5,1687,44.67
14.3,56,15.3,none,60,36.3,True,flat,6.1,86.4,500.2,2274,17.53
38.3,67,29.6,none,45,47.4,True,flat,9.0,82.2,470.1,2087,19.24
-8.3,62,68.3,none,60,50.9,True,hilly,3.6,73.4,404.9,1871,45.76
2.3,54,59.1,rain,94,76.4,True,flat,3.3,65.5,388.2,1705,34.78
17.2,86,26.8,none,54,112.1,False,hilly,6.2,78.3,521.4,2303,19.1
7.9,68,72.5,none,13,65.5,True,flat,6.8,53.0,340.8,2380,29.92
29.0,82,6.0,rain,62,68.0,False,flat,4.6,89.0,475.9,2353,10.14
23.3,81,4.0,none,39,60.1,False,flat,8.6,65.0,445.2,2425,9.18
-25.9,27,10.2,none,80,62.0,True,hilly,3.5,85.3,502.6,2308,65.0
39.9,69,9.3,rain,52,70.4,True,mountainous,6.4,88.7,483.0,2133,32.59
22.7,28,7.0,none,77,119.9,False,flat,6.7,44.5,306.2,1930,11.11
30.5,62,52.9,none,92,32.4,True,flat,2.9,80.5,473.6,1790,9.45
15.6,71,48.1,rain,43,92.5,False,mountainous,0.2,58.2,311.0,1506,22.06
29.9,100,51.8,rain,99,118.8,False,flat,8.3,61.5,409.0,2332,16.99
-22.1,13,55.1,rain,23,71.7,True,flat,4.8,84.0,504.1,1936,65.0
-5.7,18,60.6,none,68,95.1,True,hilly,1.0,97.4,525.6,2372,38.69
31.3,17,16.6,none,13,88.6,True,mountainous,9.6,88.2,561.1,1822,33.96
-15.9,46,49.8,rain,29,63.9,False,flat,3.0,57.5,400.4,1838,37.3
-24.5,84,46.4,none,67,43.7,True,flat,4.7,82.5,426.3,1521,65.0
25.2,86,75.5,none,14,52.0,False,hilly,4.8,59.7,350.2,1985,15.37
28.5,76,18.6,none,19,35.7,False,flat,3.7,66.4,400.0,1989,5.8
-18.6,91,4.7,none,36,106.5,True,flat,1.5,47.4,299.6,2155,54.34
29.8,39,52.3,none,62,83.3,False,flat,7.0,90.1,491.4,2250,12.51
18.1,18,59.2,none,11,108.6,False,hilly,2.0,78.8,423.2,1847,13.21
6.4,15,22.7,none,53,59.0,True,flat,6.8,91.8,595.1,2427,25.71
28.1,87,45.7,snow,66,110.5,False,flat,8.0,53.4,338.6,1956,21.85
-0.7,76,4.8,none,46,60.9,True,flat,0.2,47.8,262.3,2074,22.95
-16.4,73,76.8,none,16,42.1,True,hilly,7.3,88.9,454.7,2094,63.87
-10.1,41,8.8,none,65,83.4,True,hilly,6.4,92.7,612.1,2377,43.2
5.4,44,5.4,none,65,124.5,False,hilly,2.0,50.3,320.2,2193,20.57
7.2,96,3.5,snow,56,71.4,True,hilly,6.2,78.5,530.7,1854,37.21
26.4,16,34.2,rain,72,81.5,False,flat,4.2,49.9,256.3,2206,11.61
25.4,80,7.8,rain,29,75.1,False,flat,0.8,40.9,244.2,2393,8.4
10.7,38,59.6,rain,71,75.7,True,hilly,5.2,72.5,385.9,2322,34.26
24.7,14,71.9,snow,25,51.4,False,hilly,9.7,97.0,616.1,1547,29.78
-16.6,77,20.8,none,45,72.2,True,hilly,6.5,75.4,414.8,1566,55.05
-26.5,40,50.3,none,16,79.7,True,hilly,3.3,65.7,363.3,2179,65.0
31.2,75,3.4,none,84,104.5,False,flat,5.6,56.9,366.0,2481,10.58
-24.7,74,30.9,none,58,44.0,True,flat,7.4,56.9,378.3,2099,65.0
-12.7,58,23.4,none,97,87.2,True,flat,1.6,55.8,380.5,1936,40.13
18.7,80,18.3,none,95,96.2,False,flat,5.3,52.5,271.0,2082,10.61
-1.3,62,51.6,none,100,68.3,True,flat,5.1,44.0,290.9,1955,37.21
31.3,36,10.4,none,19,84.9,True,hilly,3.8,85.4,593.1,1714,28.36
-9.1,76,68.9,none,65,101.1,True,hilly,7.5,58.9,300.8,1780,52.2
-29.2,63,53.2,none,47,76.5,True,hilly,5.7,49.4,336.9,1799,65.0
-9.0,11,56.9,rain,58,63.3,True,hilly,7.0,76.3,526.7,2099,49.55
10.5,91,74.8,none,38,112.5,True,flat,6.0,96.1,517.3,2332,26.65
-3.7,59,75.4,snow,14,128.9,True,flat,7.8,81.3,456.7,1551,57.79
7.4,88,44.1,rain,74,51.7,True,flat,6.3,51.5,288.3,2023,26.45
31.4,89,39.6,none,97,118.9,True,hilly,6.8,64.8,447.4,2030,23.71
33.9,50,26.8,none,58,84.5,True,flat,2.3,89.5,450.5,2461,12.37
-11.4,56,57.2,none,40,74.8,False,hilly,8.5,43.0,263.1,2318,44.75
2.3,47,43.1,rain,94,119.3,True,flat,1.6,60.2,370.7,1891,30.36
8.4,50,74.6,none,43,121.0,True,flat,3.4,63.3,398.8,2110,25.93
36.4,91,19.1,none,92,57.3,False,hilly,8.9,67.2,365.9,2156,14.78
39.9,81,24.8,none,87,65.8,True,hilly,1.1,73.5,437.3,2170,19.76
-13.5,21,25.3,none,58,115.2,True,flat,8.7,69.6,405.5,2408,47.38
20.9,65,64.5,snow,71,79.1,False,hilly,4.8,49.8,289.4,2081,20.63
-3.5,100,7.9,none,73,58.8,True,hilly,1.8,65.0,368.5,1719,30.82
-29.4,64,36.5,none,68,126.2,True,hilly,7.4,62.1,427.9,2143,65.0
-29.4,81,34.2,none,24,51.7,False,flat,2.8,95.8,603.5,1735,65.0
2.2,79,5.9,rain,72,91.0,True,flat,6.8,84.6,551.4,1616,31.74
4.2,42,32.9,rain,10,72.8,True,hilly,7.9,92.0,519.0,2109,33.99
-28.4,43,41.1,none,74,75.1,True,flat,5.7,82.6,413.0,1781,65.0
18.1,75,5.2,none,60,40.6,True,mountainous,7.9,43.4,299.7,2129,26.98
-9.4,55,40.8,none,33,55.7,True,flat,9.4,68.4,462.2,2320,43.75
9.2,61,76.7,none,82,46.7,True,mountainous,5.5,86.7,512.8,1646,34.64
-8.9,74,78.3,snow,46,105.0,True,flat,1.5,75.5,435.7,1559,47.65
-18.3,80,42.5,none,54,99.8,True,flat,7.1,85.5,503.6,1585,54.05
-1.5,34,41.2,none,12,109.4,True,flat,4.1,97.7,541.2,2468,39.87
-13.7,23,22.8,none,46,99.9,True,mountainous,5.3,54.8,341.7,1589,65.0
7.4,36,79.8,none,25,42.9,True,flat,6.3,99.0,687.8,2424,24.77
-16.1,56,21.9,none,35,127.9,True,flat,7.2,47.2,242.4,2475,57.69
5.6,41,36.2,none,33,48.9,True,flat,6.4,95.2,626.4,1571,24.85
-19.0,61,0.2,none,14,65.0,True,flat,2.3,51.6,264.1,2037,53.33
17.0,15,27.9,rain,51,100.7,False,hilly,7.5,83.2,558.7,2198,22.37
22.8,56,5.7,none,57,44.0,False,hilly,8.1,87.0,460.3,1537,11.01
-22.3,43,59.5,none,61,47.1,True,flat,0.4,88.7,531.1,2017,61.47
2.7,58,44.9,none,52,117.7,True,flat,3.1,66.3,398.7,1921,32.84
-25.0,48,45.8,none,88,63.2,True,flat,9.8,50.2,314.1,2008,65.0
11.9,36,22.9,none,13,96.6,True,flat,1.8,87.8,545.0,2048,19.12
-11.5,91,65.2,none,65,115.9,True,mountainous,1.8,78.7,503.9,2216,65.0
6.9,27,0.3,none,88,127.3,True,flat,5.9,55.5,371.5,1624,36.43
6.2,71,26.7,none,14,51.0,True,mountainous,3.4,63.6,322.4,2493,39.24
34.7,93,52.8,none,55,42.3,True,flat,6.6,57.9,374.7,1778,14.43
8.4,58,72.6,none,63,104.1,True,flat,2.6,94.9,484.2,2480,24.73
10.8,89,18.8,rain,27,48.8,True,flat,4.3,88.2,581.2,2186,18.66
-1.9,21,43.3,none,33,88.0,True,hilly,10.0,93.0,612.2,2184,49.95
36.4,54,43.0,none,81,83.3,True,flat,3.7,43.1,231.9,2422,23.19
24.4,51,69.9,none,61,86.0,False,flat,0.9,79.7,431.6,2386,7.7
-10.0,11,4.0,none,38,95.0,True,hilly,7.4,56.1,289.0,1727,51.28
29.1,50,34.0,rain,79,115.1,True,flat,5.9,84.9,465.3,2197,24.73
0.3,43,14.6,none,77,57.2,True,hilly,4.4,93.5,560.7,2005,37.6
28.0,70,1.7,none,41,85.5,False,flat,9.1,86.0,496.6,1992,8.5
27.6,94,11.8,none,54,63.7,False,flat,1.5,94.7,515.6,1515,3.49
-16.8,18,78.1,none,70,61.9,True,hilly,4.9,63.9,399.0,2026,60.14
19.1,39,17.2,none,41,32.0,False,flat,1.9,77.4,468.2,1595,4.87
-9.7,50,74.8,none,67,89.9,True,hilly,0.8,68.5,359.6,1769,46.58
-9.2,51,16.4,none,33,127.3,True,flat,4.4,89.8,506.6,1511,46.05
-9.3,80,74.5,none,36,106.1,True,hilly,9.5,73.8,507.8,1901,60.04
20.8,50,52.4,snow,38,54.3,False,flat,7.2,82.6,524.2,2425,17.85
-13.9,12,9.1,none,94,101.6,True,flat,2.3,77.9,537.3,2302,48.29
-29.9,74,46.6,none,85,59.7,True,hilly,4.6,91.7,542.3,1558,65.0
20.1,90,25.5,none,61,105.4,False,flat,8.0,71.7,361.4,2213,13.02
-18.0,56,30.7,rain,61,115.5,True,flat,2.0,46.5,306.4,2228,59.72
-22.7,62,35.2,none,15,63.4,False,flat,2.0,96.9,503.0,2278,54.79
-13.4,25,33.8,rain,68,30.2,True,flat,1.8,73.4,505.1,2157,43.39
-3.4,30,53.1,none,40,60.5,True,flat,6.1,87.0,488.1,1567,27.06
3.3,31,61.5,none,65,50.6,True,flat,0.3,80.7,510.1,2153,26.71
-26.9,49,26.3,rain,86,91.9,True,flat,5.9,65.9,441.0,1715,65.0
37.9,94,73.9,rain,14,59.0,True,mountainous,8.3,97.1,574.3,2093,41.18
20.1,57,75.1,none,65,33.6,False,flat,7.8,84.0,492.1,2179,10.98
-7.4,27,3.3,none,61,83.1,True,flat,6.7,53.9,289.5,1606,43.55
-7.7,34,1.2,none,29,117.5,True,mountainous,2.2,99.7,644.0,1967,51.97
1.4,45,34.0,none,68,75.1,True,flat,8.2,100.0,567.8,1733,32.55
13.8,66,47.3,snow,60,67.6,True,hilly,9.6,57.4,358.9,2307,33.58
-19.8,50,22.2,none,79,47.9,True,flat,1.8,99.1,544.4,2431,52.6
-16.8,45,20.8,none,20,68.7,True,hilly,9.1,77.0,499.1,2016,65.0
30.2,61,54.3,none,50,63.1,True,flat,8.5,51.1,326.8,2055,26.41
-12.1,32,48.1,none,100,129.5,True,flat,9.8,98.7,495.2,1579,59.9
-3.4,17,13.4,none,72,33.0,True,hilly,3.2,46.1,240.0,1889,35.3
31.0,12,70.8,none,72,53.9,False,hilly,9.3,78.2,404.1,1645,14.6
16.4,33,54.4,none,39,36.9,False,flat,1.8,90.2,457.4,2205,4.81
-6.1,18,29.0,rain,18,115.7,True,flat,1.8,89.8,459.5,2459,37.71
17.9,40,54.7,none,95,71.7,False,flat,1.1,40.4,228.1,2307,5.55
-28.6,80,9.0,none,19,109.6,True,hilly,4.3,65.5,427.9,1888,65.0
21.5,74,37.5,none,99,99.2,False,mountainous,0.1,45.3,274.9,2164,22.1
4.1,65,13.5,none,21,122.8,True,flat,3.8,55.6,289.7,2497,34.61
26.9,87,3.3,none,25,32.4,False,flat,6.3,96.3,491.4,1541,6.88
36.8,35,27.1,snow,38,50.7,True,flat,0.8,93.1,484.7,1778,20.47
34.8,90,12.1,rain,56,100.2,True,flat,8.2,79.6,457.2,1579,24.25
33.6,46,50.7,rain,81,88.5,True,flat,2.9,93.9,526.6,2138,18.14
5.9,46,53.9,none,97,99.5,True,flat,0.5,59.0,378.6,2342,27.68
-4.8,46,11.9,rain,42,87.5,True,flat,3.7,89.7,560.6,1864,44.97
2.6,19,2.0,none,12,88.1,False,flat,1.4,81.1,547.7,1894,14.37
18.3,98,63.4,none,66,123.3,False,hilly,8.0,84.0,579.6,1794,21.89
31.9,22,0.2,none,74,122.1,True,hilly,3.3,45.1,225.9,2063,20.7
-15.5,41,27.5,none,46,33.8,True,hilly,1.2,60.9,332.5,1626,46.42
34.3,39,39.6,none,27,71.4,True,hilly,4.5,42.9,221.3,1688,23.79
27.1,17,65.5,none,38,81.1,True,mountainous,4.5,49.0,275.2,1581,39.14
38.5,24,67.1,none,69,65.8,True,flat,2.8,56.3,348.7,1643,14.94
31.6,14,58.0,none,54,35.0,True,flat,3.3,75.1,415.7,2344,10.82
-10.4,36,19.8,none,77,77.2,True,flat,7.7,85.6,460.5,1680,48.87
-22.6,88,57.6,snow,30,127.6,True,flat,6.4,46.5,268.5,1983,65.0
-22.1,41,19.7,rain,86,37.2,True,hilly,2.1,43.3,217.9,2199,65.0
-9.6,21,17.2,none,24,111.7,True,flat,9.5,93.0,646.2,1689,53.54
13.0,68,43.8,none,40,49.6,False,flat,3.0,47.8,331.6,1949,5.77
26.3,100,54.3,none,63,87.7,False,hilly,5.3,66.9,352.5,1714,17.27
32.9,31,4.2,none,76,68.7,True,hilly,5.7,46.8,251.5,2415,19.37
13.7,35,4.8,snow,34,64.9,True,hilly,2.1,72.1,442.1,1537,32.43
-29.6,97,62.7,none,95,117.0,True,flat,2.9,46.4,260.5,2087,65.0
-17.0,26,68.8,rain,74,127.3,True,hilly,4.8,85.7,430.8,2381,65.0
-23.0,56,48.4,rain,30,68.7,True,flat,2.6,45.1,230.6,2286,65.0
-4.6,32,34.3,none,75,94.0,True,flat,3.1,65.8,417.7,1733,38.68
5.1,94,67.6,snow,73,85.6,True,flat,6.1,65.2,353.6,2037,37.34
-27.0,98,58.3,none,78,37.7,True,flat,7.3,95.2,578.8,1562,65.0
-5.6,83,46.4,none,92,34.1,True,flat,8.0,65.8,365.3,1779,32.81
-17.5,38,25.6,rain,74,107.3,True,flat,1.2,44.3,267.7,1885,58.6
15.3,46,15.8,none,42,69.5,False,flat,7.4,72.6,508.1,1575,12.24
2.5,32,33.5,none,81,60.8,True,flat,9.4,83.5,532.8,1667,27.13
4.7,90,22.9,none,73,128.6,True,mountainous,5.8,60.2,343.0,2343,47.67
-0.1,92,27.1,rain,62,38.5,True,flat,6.0,76.5,530.3,1968,38.11
36.9,48,41.3,none,42,56.9,True,flat,9.6,47.3,239.8,2442,20.45
-15.0,69,13.5,snow,93,115.7,True,flat,8.7,65.5,350.0,1656,61.12
6.2,25,64.5,none,56,71.5,True,flat,5.6,50.0,299.6,2170,29.12
21.5,49,11.6,none,67,88.4,False,flat,7.7,56.4,315.1,2264,12.57
9.0,67,38.5,none,47,34.8,True,hilly,1.8,78.5,505.3,2276,20.19
35.0,45,59.7,none,80,122.0,True,hilly,4.1,85.2,431.9,2261,27.16
-3.5,42,38.8,none,41,43.7,True,mountainous,7.2,58.7,325.6,1668,49.78
2.5,10,28.9,rain,83,51.3,True,flat,2.9,99.4,667.0,1947,36.44
-23.8,82,38.0,none,20,45.7,True,flat,4.5,57.1,331.3,2391,65.0
12.6,90,67.9,rain,74,79.8,True,hilly,1.7,49.0,264.9,2070,29.6
-9.8,97,79.2,none,53,111.7,True,flat,9.0,92.0,555.7,1874,48.36
-18.8,75,50.5,none,73,56.7,True,hilly,9.0,79.0,452.8,1514,64.92
8.1,59,63.5,none,58,44.2,True,flat,4.8,80.8,449.5,2108,24.6
7.3,34,1.2,none,22,71.0,True,flat,1.9,87.7,587.1,2395,12.3
-24.7,100,70.4,none,53,128.2,True,mountainous,6.8,100.0,670.1,1704,65.0
18.9,63,76.3,none,97,31.1,False,flat,2.1,57.0,333.0,2495,6.17
13.7,71,46.0,rain,78,80.4,True,flat,2.3,72.9,452.4,1710,18.05
-16.8,71,60.3,none,37,96.9,True,flat,9.7,82.3,529.5,2070,58.07
2.9,86,41.0,none,95,110.7,True,flat,1.0,48.8,312.5,1980,30.4
20.4,11,22.9,rain,80,104.6,False,mountainous,3.8,58.4,330.9,2270,28.95
7.1,30,68.2,snow,43,37.4,True,flat,5.5,58.4,369.2,1989,32.86
-2.3,70,47.7,snow,64,76.2,True,flat,1.1,59.6,407.8,1836,42.42
-7.4,91,46.4,rain,48,37.9,True,flat,0.4,83.1,424.7,2459,37.02
12.7,72,52.7,none,19,92.0,True,flat,5.4,75.6,388.8,2068,21.72
35.7,47,68.5,snow,83,37.7,True,flat,1.1,83.0,556.2,1544,22.33
17.0,43,58.6,rain,27,34.8,False,hilly,2.5,70.7,438.9,1943,14.71
-24.8,76,16.9,snow,51,60.6,True,flat,5.0,97.3,491.9,2002,65.0
2.2,77,37.3,none,73,123.9,True,flat,3.5,71.2,465.3,1534,35.17
32.4,65,78.4,snow,94,101.0,True,hilly,7.1,76.2,397.3,2183,34.25
-23.4,36,44.4,none,16,30.4,True,flat,9.6,57.9,386.7,1983,65.0
39.2,93,75.1,none,45,58.5,True,hilly,7.5,43.5,259.7,1614,23.63
36.4,60,65.1,none,65,31.7,True,hilly,10.0,88.9,496.5,1836,30.31
-24.5,81,53.3,rain,80,59.4,True,mountainous,3.9,91.4,569.8,2001,65.0
35.3,29,27.9,none,93,98.5,True,flat,3.1,91.1,486.9,2372,20.69
-4.6,41,24.3,snow,10,106.0,True,flat,2.1,88.1,535.3,1961,46.91
29.1,89,51.5,none,66,110.4,False,flat,8.8,56.1,335.6,2404,16.08
-0.7,15,34.6,none,11,121.0,True,flat,3.9,74.5,408.2,2257,35.38
0.9,56,63.9,none,81,66.6,True,mountainous,7.1,88.9,563.2,2146,42.53
14.4,53,60.8,none,23,116.3,True,flat,6.7,77.5,442.0,2122,24.42
24.2,78,25.0,none,91,102.8,False,flat,0.6,97.5,653.4,2229,8.15
-27.6,35,56.2,none,24,83.8,True,flat,8.8,80.7,416.8,1943,65.0
11.5,30,39.6,none,79,125.5,True,hilly,4.9,73.6,481.6,1922,31.49
-16.9,93,25.9,none,36,124.8,True,hilly,2.2,99.7,585.9,1719,65.0
-5.8,61,33.0,none,60,119.8,True,hilly,9.8,72.1,405.3,2058,47.53
-5.6,19,71.6,rain,65,50.2,True,flat,7.5,98.0,674.1,2194,41.5
2.8,27,28.8,none,29,50.8,True,hilly,6.2,40.7,219.9,1766,32.71
-6.6,100,23.0,none,37,120.1,False,flat,9.9,73.0,426.8,1731,38.01
-22.5,28,28.1,none,20,69.8,False,hilly,7.6,57.3,339.9,1686,60.71
-19.8,65,17.2,rain,10,109.7,True,flat,1.2,63.7,356.6,1560,61.02
-27.7,48,43.6,none,32,98.7,True,flat,9.9,45.3,234.4,2416,65.0
2.9,90,11.8,none,56,106.2,True,flat,6.0,55.9,380.4,2409,32.84
36.8,78,65.4,none,74,32.6,True,hilly,3.0,74.2,503.5,1653,25.41
-21.9,64,18.0,snow,81,73.0,True,flat,8.2,83.3,521.1,2316,65.0
36.2,11,47.8,none,16,115.7,True,flat,0.5,94.6,534.5,1897,19.52
21.3,89,10.0,none,35,79.0,False,mountainous,6.5,53.9,337.2,2075,23.86
14.6,50,78.3,none,79,99.0,True,flat,1.6,87.7,607.8,2041,25.9
15.2,94,36.4,snow,53,105.6,False,mountainous,0.9,41.5,280.6,2196,35.01
27.9,55,65.8,none,26,42.1,False,flat,3.5,93.6,499.2,2107,8.38
-22.5,72,61.5,none,45,45.6,True,flat,3.6,75.7,502.0,1759,61.17
5.3,16,57.1,none,34,102.5,True,hilly,6.0,90.7,598.5,1880,37.28
18.8,77,66.2,snow,15,35.5,False,flat,5.7,55.3,378.0,1863,15.47
11.1,40,8.0,rain,79,64.2,True,flat,6.9,62.4,317.8,2431,27.06
28.3,42,54.3,none,36,121.8,False,hilly,1.7,45.8,299.4,1544,14.99
-24.9,21,21.3,none,95,87.4,True,flat,8.7,44.7,272.5,2282,65.0
18.3,23,62.9,none,90,121.0,False,hilly,8.6,89.6,544.4,1946,22.72
7.4,27,76.5,none,74,60.9,True,flat,2.2,57.8,329.5,2234,26.99
-3.5,40,72.1,none,39,93.7,True,flat,4.7,61.2,401.9,1806,38.0
-6.2,90,9.2,rain,35,58.7,False,flat,4.9,71.8,420.0,1599,29.16
13.5,43,29.6,none,53,41.1,True,hilly,9.2,80.2,458.6,2305,29.9
32.4,75,29.1,none,42,129.1,True,hilly,9.1,42.8,296.2,1604,35.63
4.7,17,9.8,snow,91,47.6,True,flat,0.7,74.5,441.2,2314,22.98
27.7,63,7.9,none,21,48.8,False,flat,9.6,76.6,504.4,2035,7.0
-1.8,53,30.8,rain,75,114.2,True,flat,0.7,91.0,480.5,2180,34.62
-22.8,98,79.4,none,65,110.2,True,hilly,5.5,49.3,319.3,1766,65.0
-25.7,86,45.5,snow,83,127.8,True,flat,3.1,67.0,425.0,2179,65.0
-26.4,51,49.7,rain,59,37.2,True,flat,3.9,68.5,412.2,2393,65.0
-3.4,80,37.7,rain,67,39.4,True,mountainous,6.3,90.9,479.2,1680,52.63
-6.4,27,53.0,none,97,74.9,True,mountainous,5.8,61.7,323.6,2320,59.67
20.3,61,76.5,none,18,89.2,False,flat,1.7,44.9,285.0,2079,5.75
22.0,17,47.1,snow,19,33.8,False,hilly,9.7,76.1,510.6,1714,24.38
-26.4,41,5.2,none,45,45.8,True,flat,0.3,79.7,489.0,2336,65.0
-14.5,30,39.4,rain,53,100.3,True,flat,3.4,74.9,443.8,1725,50.3
-10.8,75,79.4,none,28,96.9,True,hilly,8.0,69.4,419.1,2380,63.82
8.3,54,31.0,none,17,39.0,True,flat,8.5,52.8,280.5,1858,23.65
-19.9,78,47.5,none,12,123.2,True,flat,8.0,72.3,369.1,2200,65.0
-20.6,56,8.5,none,79,55.5,True,hilly,3.7,42.2,280.7,2230,62.78
36.1,18,11.3,snow,54,118.7,True,flat,6.7,74.0,495.3,1996,29.33
26.3,76,70.0,rain,86,122.3,False,flat,7.6,69.3,451.2,2338,19.59
-17.4,85,24.0,none,42,79.0,True,flat,5.8,97.2,635.7,1870,57.58
-1.5,91,24.4,rain,73,71.2,True,flat,6.8,59.2,321.3,2353,40.87
-5.1,61,31.0,none,54,57.8,True,hilly,5.5,41.3,215.5,2070,37.48
25.4,78,77.3,rain,65,110.7,False,flat,0.5,85.6,455.4,1542,13.36
5.7,78,6.8,rain,43,49.7,True,flat,2.7,50.1,314.2,1951,27.18
-21.1,24,65.5,none,17,92.2,False,flat,7.0,72.7,421.1,2318,59.94
21.7,25,27.3,none,95,86.7,False,flat,2.4,52.9,266.1,1764,5.94
-2.2,16,68.0,none,85,54.9,True,flat,4.6,72.4,499.4,2213,35.87
-11.6,39,79.3,snow,38,128.3,True,flat,5.3,74.9,408.8,1951,54.21
-3.7,53,27.9,none,96,114.6,False,flat,6.7,79.7,399.2,1810,31.35
4.8,100,10.3,rain,37,32.1,True,hilly,2.6,62.4,359.8,2389,25.15
-6.0,49,11.6,rain,50,72.2,True,mountainous,6.0,43.7,236.9,1980,55.64
-13.1,75,60.7,none,78,65.9,False,hilly,6.0,75.8,435.0,2254,41.4
-2.1,72,11.6,rain,38,118.3,True,flat,8.5,91.9,631.8,1964,41.02
-28.7,28,20.8,none,39,56.4,True,hilly,5.5,71.5,446.5,1805,65.0
24.1,15,16.4,none,47,129.8,False,hilly,3.0,55.0,346.1,2420,16.56
-18.0,59,28.5,rain,52,50.0,True,flat,5.2,64.8,438.6,1635,60.74
-26.9,73,5.9,none,21,54.4,False,flat,1.1,72.4,378.5,2081,65.0
15.8,100,68.5,none,12,96.6,False,flat,6.1,45.3,235.4,1697,12.12
24.2,42,68.8,none,93,46.1,False,flat,9.2,74.1,497.2,1615,12.58
27.0,91,33.0,none,42,118.9,False,flat,5.3,46.6,247.6,1595,10.72
4.5,44,49.0,snow,19,41.0,True,flat,2.9,50.7,327.7,2267,40.75
-15.6,72,51.4,snow,78,128.3,True,flat,4.1,63.6,344.5,1762,61.77
21.6,64,59.9,none,37,117.5,False,hilly,9.0,88.0,523.4,2069,21.58
19.0,15,41.7,none,26,114.0,True,flat,8.1,89.4,516.1,1993,20.69
-12.8,17,40.8,rain,97,70.7,True,flat,8.0,57.0,296.6,2368,58.04
33.2,12,50.5,none,93,81.4,True,hilly,5.6,72.3,458.4,2266,16.83
-22.7,43,56.2,none,20,75.6,True,flat,4.0,45.6,306.1,2195,61.38
38.8,77,27.7,rain,91,128.7,True,flat,1.3,99.9,519.2,2402,21.78
30.2,26,26.4,rain,90,33.5,True,flat,9.8,79.2,452.9,2086,24.6
18.2,65,21.6,none,67,68.2,False,flat,1.8,53.5,270.3,2313,6.14
35.7,36,43.9,rain,58,126.8,True,hilly,2.5,94.0,514.3,2354,33.19
20.6,82,28.8,none,30,66.9,False,flat,7.6,61.0,336.7,2303,10.87
-16.7,82,43.2,none,21,69.8,True,hilly,3.5,56.5,374.9,1877,49.63
1.0,80,32.5,none,65,93.1,True,flat,5.8,57.8,376.2,2306,35.82
-25.0,57,66.9,none,84,120.7,True,hilly,7.6,69.2,460.8,2024,65.0
-2.7,36,5.9,none,72,59.5,True,mountainous,5.6,42.0,216.8,1843,54.96
21.9,83,45.8,rain,26,124.8,True,flat,4.9,79.1,416.5,1704,24.97
-2.9,27,46.0,snow,36,58.3,True,flat,0.5,96.9,543.2,2193,39.56
-6.9,36,30.7,none,59,111.5,True,flat,4.9,88.9,577.1,1805,38.28
11.7,27,33.7,snow,66,57.6,True,flat,4.6,88.7,447.8,1764,30.05
31.1,71,64.0,none,17,37.3,True,flat,8.8,86.4,457.9,2092,15.62
-26.7,72,22.5,none,65,111.2,True,flat,4.5,61.4,368.1,1757,65.0
-3.0,69,69.7,none,76,75.0,True,flat,6.3,51.4,259.6,1819,40.86
-18.9,47,71.7,none,26,69.1,True,flat,7.7,58.9,306.5,2203,56.34
18.7,19,52.0,none,32,73.0,False,hilly,4.7,50.4,283.9,2173,11.06
-22.6,92,61.8,snow,33,91.2,True,flat,2.6,91.1,498.8,2429,65.0
16.5,56,49.0,none,95,56.3,False,flat,8.9,65.3,373.4,2299,12.75
-10.0,47,42.0,none,47,53.7,True,flat,9.0,88.7,577.7,1842,45.68
-16.1,63,77.3,rain,58,78.3,False,hilly,9.0,57.4,312.0,1964,56.14
35.5,27,22.6,none,75,33.6,True,hilly,2.7,48.6,304.0,2067,20.05
-28.7,22,12.3,none,43,94.3,True,hilly,3.2,92.2,623.7,1898,65.0
0.6,46,23.0,none,19,112.3,True,mountainous,9.2,87.9,493.2,2485,56.87
-28.5,30,49.2,none,69,102.7,True,flat,1.3,73.4,374.1,1534,65.0
3.9,32,14.8,rain,70,76.9,True,flat,6.6,47.4,296.8,2146,28.29
5.1,90,72.7,none,33,86.5,True,hilly,2.9,60.2,387.2,2116,32.79
-7.5,58,32.9,none,13,32.6,True,flat,7.2,43.5,258.7,2433,41.17
-20.7,54,68.0,none,70,121.2,True,hilly,8.3,93.9,549.8,2401,65.0
-3.7,72,19.9,none,73,85.8,True,flat,4.1,54.4,353.3,2419,37.39
17.1,96,25.1,none,12,61.6,True,mountainous,1.5,71.4,416.5,2489,28.97
24.8,20,4.7,none,72,59.4,False,flat,7.3,96.5,483.5,1827,6.4
7.2,85,20.6,none,95,96.0,True,flat,0.6,77.4,524.7,1990,27.6
11.3,63,39.2,none,26,88.4,True,flat,0.1,77.4,426.1,1687,20.91
-16.0,23,75.7,none,57,48.8,True,flat,8.8,90.0,559.3,2314,55.13
-9.9,37,31.1,snow,73,71.0,True,hilly,8.2,81.6,498.6,2073,57.58
-18.7,53,51.2,snow,31,97.6,True,flat,5.8,69.1,416.7,2189,65.0
-12.5,72,34.2,none,78,59.8,True,hilly,6.7,47.3,260.0,1562,46.16
-14.3,32,3.7,none,88,80.9,True,hilly,9.5,69.8,452.3,1559,56.04
6.4,58,40.3,none,83,55.5,True,flat,0.6,50.9,279.6,1575,20.86
9.4,72,5.3,none,33,37.2,True,mountainous,2.2,69.5,478.1,2214,33.78
36.1,50,70.7,none,82,68.8,True,mountainous,7.3,41.3,252.9,1868,35.73
-16.3,88,60.2,none,47,103.2,True,hilly,2.6,61.1,399.9,2247,62.08
14.9,88,30.3,rain,34,51.4,True,mountainous,2.1,43.3,281.1,2018,38.07
27.2,52,51.2,none,25,105.5,False,flat,4.4,48.7,338.1,1692,7.53
9.2,98,9.0,snow,92,96.9,False,flat,7.2,81.7,495.4,1615,28.51
-12.1,17,56.2,none,48,80.7,True,flat,2.1,98.6,503.7,2427,47.48
-11.6,10,65.8,none,88,127.1,True,mountainous,4.3,73.9,382.4,2158,65.0
-27.3,44,65.7,snow,24,118.3,False,hilly,5.2,50.2,286.7,2105,65.0
-8.6,64,22.7,none,79,86.3,False,mountainous,1.7,62.6,358.0,2113,46.3
22.1,67,21.1,snow,20,85.8,False,flat,4.8,54.1,293.8,1860,16.2
-26.7,53,41.7,none,12,57.8,True,flat,8.7,42.9,293.7,1602,65.0
-14.6,21,77.4,snow,100,122.0,True,flat,7.5,94.8,563.6,2378,65.0
19.4,25,73.6,snow,17,119.6,False,flat,5.0,72.5,493.6,2423,18.11
24.8,87,28.8,none,52,104.2,False,hilly,1.3,48.9,250.1,1967,10.58
1.9,88,62.4,rain,89,42.8,True,flat,0.2,84.7,482.7,1925,22.26
18.9,71,73.7,none,84,100.4,False,hilly,0.7,50.3,287.5,1720,11.67
-2.8,70,20.9,none,52,55.3,True,flat,7.5,52.4,265.9,1508,34.47
-18.8,64,66.4,none,65,48.9,True,flat,7.0,76.1,479.0,2201,65.0
-2.1,28,21.4,none,67,105.9,True,hilly,7.5,65.6,346.6,2000,49.36
10.6,49,27.5,none,20,126.0,True,flat,3.1,93.7,533.4,2450,24.95
36.4,73,15.9,none,36,40.9,True,mountainous,0.9,75.8,527.7,1544,29.57
-25.2,58,40.6,rain,37,46.4,True,flat,7.1,50.9,349.5,1837,65.0
5.5,12,67.5,none,44,51.9,True,flat,9.2,68.5,378.2,2485,25.33
-7.0,96,42.2,snow,35,126.3,True,hilly,4.5,83.6,470.7,2121,54.42
5.6,86,9.9,none,33,99.6,True,hilly,7.6,76.0,462.2,1852,30.81
-28.3,33,20.1,none,42,97.8,True,mountainous,7.3,59.3,330.3,1699,65.0
-8.1,65,45.0,rain,44,80.5,True,hilly,8.5,63.2,407.6,1565,49.93
27.4,93,46.7,rain,54,83.8,False,flat,0.3,79.9,490.4,2423,7.24
8.8,19,46.2,rain,26,59.0,True,flat,9.6,71.1,422.9,1901,31.77
1.5,55,6.2,none,81,45.5,True,flat,8.7,44.4,307.2,2445,26.72
-10.0,51,60.3,none,87,108.0,True,flat,8.8,72.9,396.3,1851,44.87
-9.1,47,72.8,none,32,77.1,True,flat,10.0,67.3,452.0,2443,46.04
-3.2,85,40.8,none,21,55.6,True,hilly,6.4,88.9,573.8,2310,34.97
28.5,44,57.5,none,75,93.3,False,hilly,0.8,46.7,252.5,1827,7.33
37.7,16,73.1,none,93,50.9,True,mountainous,8.2,40.1,215.1,1925,29.24
0.7,16,51.4,none,13,78.9,True,flat,1.3,89.2,549.3,2443,30.65
-2.5,14,53.9,rain,11,49.0,True,flat,7.4,52.7,271.8,2244,37.02
29.3,47,57.7,rain,27,106.0,False,hilly,4.2,41.9,249.7,2305,21.63
-0.1,75,20.8,none,72,62.1,False,flat,0.1,53.3,302.2,2127,15.1
8.6,28,46.6,none,97,74.2,True,flat,4.4,93.2,624.3,1560,21.63
-13.8,68,67.4,none,78,105.5,True,flat,8.0,50.3,311.4,2360,60.88
22.0,72,23.7,none,62,96.0,False,hilly,0.9,59.2,371.8,2278,9.99
7.2,33,71.8,rain,73,70.0,True,hilly,0.0,76.6,433.3,2071,28.66
26.6,64,49.6,none,31,37.1,False,hilly,4.5,50.8,275.8,2195,12.19
24.7,72,33.9,rain,72,122.2,True,hilly,0.0,78.7,478.1,1731,23.8
-14.9,52,49.9,none,39,30.8,True,flat,9.3,82.4,567.7,2426,55.26
20.1,40,32.1,snow,30,103.5,False,flat,8.2,53.9,333.4,1714,22.53
26.0,66,67.0,none,31,124.5,False,flat,6.3,45.8,230.6,2173,18.33
-5.8,98,38.6,rain,70,60.7,False,hilly,0.2,64.1,444.2,1975,35.67
-17.9,48,72.1,none,79,37.5,True,flat,5.7,81.9,546.2,2051,57.41
-29.8,45,40.8,none,62,55.0,True,hilly,6.7,88.8,601.0,1706,65.0
1.6,52,52.8,none,16,61.3,True,flat,5.9,42.2,249.2,1681,25.04
-5.3,17,79.8,none,13,75.1,True,flat,9.5,72.2,490.4,1828,40.45
8.8,60,11.8,none,30,82.5,True,hilly,8.3,55.4,305.9,1530,31.66
-16.8,40,58.9,snow,36,102.5,True,flat,3.7,65.0,429.0,1621,64.02
30.2,21,11.1,none,46,120.1,True,flat,6.9,71.7,446.5,1864,28.69
-12.0,52,67.1,none,17,76.5,True,hilly,4.6,84.1,580.8,2108,52.06
-14.1,10,47.7,rain,75,104.6,True,hilly,9.3,42.4,237.1,1852,57.88
3.6,46,75.1,none,74,42.7,True,flat,6.2,50.2,263.5,1573,28.63
4.9,20,69.3,none,41,62.9,True,flat,5.8,77.0,495.3,2301,25.32
-14.9,12,6.0,snow,61,41.8,True,flat,5.0,66.5,463.3,1658,59.2
-11.0,84,11.0,none,19,99.2,True,flat,3.8,52.6,278.3,1556,41.54
-18.1,92,48.1,none,47,120.8,True,flat,1.5,43.9,228.4,1852,51.59
20.3,29,41.5,rain,87,118.9,False,hilly,2.7,94.9,556.2,1964,22.8
23.9,59,13.5,none,69,62.6,False,flat,3.3,61.8,397.9,2392,8.11
2.4,35,10.3,rain,19,53.4,True,flat,1.5,64.6,400.3,1748,27.79
20.0,54,45.1,none,86,57.4,False,flat,8.1,42.9,295.5,2087,9.82
21.5,49,3.9,none,71,58.7,False,flat,0.0,84.3,558.0,1776,0.0
-20.3,34,69.9,none,51,38.2,True,flat,9.2,99.5,611.6,1621,61.61
37.6,73,64.6,snow,72,43.3,True,flat,1.3,98.7,564.8,2137,17.26
27.5,21,62.8,rain,26,51.4,False,flat,0.5,58.7,391.4,2249,10.54
-15.7,15,1.3,none,60,30.8,True,hilly,10.0,97.7,583.7,2044,53.68
-17.0,79,3.8,none,66,34.7,True,hilly,10.0,64.5,435.1,1837,65.0
-21.2,70,44.0,none,93,99.9,True,mountainous,1.9,63.2,392.1,2488,65.0
-20.3,55,79.6,none,16,91.9,True,hilly,1.3,89.9,576.6,1533,65.0
22.4,52,27.4,rain,44,124.5,False,mountainous,2.0,87.5,445.7,2053,25.2
2.9,55,27.5,snow,94,70.2,True,flat,5.1,68.5,478.1,2169,37.35
24.8,49,10.7,rain,30,74.4,False,flat,3.2,66.8,435.1,1923,8.73
22.2,45,53.9,none,83,36.8,True,flat,3.4,98.1,604.7,1633,11.52
12.3,55,51.7,none,10,45.2,True,flat,8.1,64.5,391.2,1678,18.02
18.0,58,8.1,none,12,99.2,False,hilly,8.9,91.7,568.5,2446,15.11
-28.7,72,37.4,none,39,53.5,True,flat,9.7,84.8,431.7,2405,65.0
-8.2,74,53.4,none,79,107.3,True,flat,5.1,46.4,265.9,1675,42.13
14.6,44,39.5,rain,19,100.6,True,flat,2.5,49.5,256.6,1558,29.38
-29.3,47,53.9,none,44,104.7,True,flat,5.5,42.2,226.1,1673,65.0
-27.7,44,65.3,none,22,99.1,False,flat,8.7,42.1,238.6,2378,65.0
29.6,58,54.9,none,30,100.8,False,flat,0.3,76.3,483.9,1600,5.41
17.9,51,49.3,snow,55,84.7,False,flat,9.1,44.6,306.2,1662,22.67
-11.4,90,68.3,rain,39,97.8,True,hilly,2.3,48.2,336.0,2207,56.07
18.2,73,72.0,none,29,82.6,False,flat,3.1,54.7,355.4,2318,7.76
25.5,91,31.1,rain,45,50.6,False,flat,3.6,73.2,405.3,2045,6.58
-8.5,74,13.9,none,73,51.8,True,flat,9.1,53.7,303.3,1696,47.13
-27.5,97,65.4,none,21,70.5,True,flat,1.8,63.8,357.9,2307,65.0
35.3,67,17.1,none,53,31.4,True,flat,2.2,61.2,408.6,1873,14.24
-5.8,97,74.3,none,35,118.9,True,hilly,7.3,63.8,417.7,2174,57.37
-22.5,24,1.8,none,44,56.8,True,mountainous,9.3,95.7,490.8,1748,65.0
4.4,15,73.7,none,84,35.2,True,hilly,1.0,98.2,588.0,2054,24.02
23.8,62,47.1,none,94,72.4,False,hilly,5.2,44.3,278.7,1837,12.47
-14.5,99,62.0,none,32,111.6,True,hilly,9.1,46.6,234.6,1734,64.76
-11.1,48,31.9,none,67,69.7,True,flat,8.9,43.3,267.8,2229,44.57
-13.0,29,79.3,rain,71,56.3,True,hilly,9.5,63.3,435.4,2367,58.83
39.4,57,18.2,none,86,84.5,True,hilly,9.0,91.1,464.0,2374,26.22
-16.2,68,21.1,none,91,87.4,True,flat,3.1,88.0,470.1,1941,59.29
10.3,38,4.1,none,52,105.9,True,mountainous,2.1,61.3,319.1,2409,35.99
34.8,74,75.2,none,98,110.0,False,mountainous,9.0,85.0,488.0,2020,30.61
-19.7,98,36.5,none,97,100.6,True,flat,7.1,98.7,566.7,1854,61.42
38.0,91,54.0,none,56,30.5,True,flat,3.8,51.6,356.9,2259,14.84
36.3,36,55.0,none,59,30.2,True,flat,7.1,97.8,645.8,1776,17.01
31.9,39,70.0,rain,70,127.7,True,flat,3.1,86.2,541.1,1906,22.43
-15.0,43,53.2,none,44,56.4,True,flat,5.8,46.9,294.6,2298,52.01
14.4,46,45.0,rain,70,58.2,True,flat,2.3,87.7,555.2,1991,18.31
23.3,19,56.8,rain,56,103.2,False,flat,5.6,46.1,246.4,1628,16.77
39.0,79,60.1,none,13,88.2,True,hilly,9.2,41.8,238.5,2454,27.36
-17.4,43,14.9,none,87,76.4,True,hilly,7.7,85.9,540.4,1512,60.3
23.6,89,8.8,none,95,41.6,False,flat,6.6,93.7,474.8,1745,7.28
-6.3,93,6.0,none,12,38.1,True,flat,2.5,64.0,382.8,2307,30.45
-17.7,12,29.9,none,81,100.4,True,mountainous,0.6,41.4,276.6,2346,65.0
-0.5,99,39.8,none,45,42.5,True,flat,7.1,75.9,462.0,2177,27.71
25.6,74,49.3,none,63,73.6,False,flat,5.8,54.0,363.4,2113,9.82
2.5,57,76.6,none,55,103.6,True,flat,2.1,72.6,471.6,2333,31.72
7.6,45,26.5,none,60,122.3,True,flat,9.3,59.1,359.0,2245,30.33
39.7,57,60.9,none,55,117.4,True,mountainous,5.5,77.3,445.0,2480,39.04
-2.1,39,42.5,none,87,116.4,True,hilly,5.7,55.6,351.0,1961,45.98
13.1,66,17.6,rain,72,65.8,True,flat,3.0,48.9,293.2,1771,23.1
-4.4,18,49.2,none,47,122.7,True,hilly,8.8,85.1,595.0,1504,49.88
-2.5,66,77.4,none,72,98.4,True,flat,8.9,72.3,450.0,1830,37.96
18.7,35,9.9,none,97,118.6,False,flat,7.2,59.0,325.0,2326,12.05
35.7,12,40.6,none,17,38.9,True,flat,1.0,77.7,538.0,1534,20.03
8.0,60,4.1,none,45,34.0,True,flat,0.8,57.2,319.0,2191,16.22
23.8,62,25.7,none,88,73.0,True,flat,4.7,61.9,419.9,1545,17.97
-23.8,48,49.6,rain,77,112.8,True,flat,1.4,62.5,374.3,1976,65.0
-15.2,17,67.3,none,94,70.9,True,flat,3.3,53.6,343.5,1922,46.29
5.1,90,58.4,none,14,118.5,False,flat,1.7,66.5,359.1,2437,17.94
-28.6,65,37.0,none,88,53.5,True,flat,3.1,88.9,544.1,1820,65.0
-12.3,20,72.7,none,81,33.9,True,flat,9.4,98.3,530.8,2035,50.53
6.2,56,24.2,none,83,106.1,False,flat,7.5,53.2,291.1,2120,21.0
-29.0,55,60.3,none,64,92.6,True,hilly,1.4,96.3,512.8,1790,65.0
-11.5,15,37.9,none,15,74.0,False,flat,6.7,56.7,334.3,1748,33.32
6.0,65,71.9,none,59,114.5,False,flat,0.3,68.2,411.2,1786,16.11
10.1,83,63.8,none,47,112.4,True,flat,9.8,46.0,254.4,1628,28.07
34.8,77,72.1,none,57,62.5,True,mountainous,5.3,76.5,476.3,1616,27.83
15.2,28,17.1,rain,77,113.8,False,flat,5.1,70.7,391.6,2092,12.3
-1.0,88,53.5,rain,64,64.5,True,flat,2.4,80.7,487.9,1601,26.92
35.1,41,59.1,none,36,92.2,False,flat,4.6,76.0,484.4,1693,9.52
24.9,95,59.4,none,64,49.2,False,hilly,5.3,98.9,506.3,1670,16.12
-16.0,16,40.3,none,17,56.4,True,flat,6.6,86.2,579.3,1638,58.27
-20.8,54,0.9,snow,10,74.8,True,hilly,0.5,97.9,559.7,1641,65.0
17.3,64,20.9,none,46,61.5,False,hilly,3.4,71.5,431.6,2298,10.79
9.2,32,25.9,none,78,42.9,True,flat,3.9,56.9,335.1,1742,17.88
25.3,79,68.2,none,84,78.2,False,hilly,1.5,71.9,496.2,1719,12.15
21.7,66,67.3,none,59,81.1,False,flat,2.4,68.0,365.8,1629,8.46
13.8,12,8.4,none,88,45.9,True,mountainous,2.4,65.6,410.4,2201,27.5
39.0,65,76.0,none,21,47.4,True,hilly,8.1,64.1,426.5,1642,26.48
7.4,54,14.6,none,97,32.9,False,hilly,6.9,88.7,519.4,1556,21.79
-22.1,28,33.1,snow,93,33.0,True,flat,9.2,84.5,479.0,2497,65.0
28.0,100,17.2,snow,64,65.9,False,flat,3.1,78.6,410.8,2069,15.17
-12.4,91,68.8,rain,15,44.7,True,flat,8.8,78.7,507.0,2199,51.5
24.4,36,60.0,none,51,121.9,False,flat,8.6,62.4,410.3,2379,17.61
37.0,59,28.3,rain,26,49.9,True,flat,4.5,66.3,373.1,1502,18.94
18.8,38,54.6,rain,67,36.6,False,mountainous,6.3,49.2,322.0,2304,29.83
11.7,80,14.7,snow,27,70.4,True,hilly,6.0,74.7,388.6,2190,37.32
2.2,94,30.6,none,53,49.2,True,hilly,3.1,48.4,283.7,1833,27.71
-4.5,42,30.2,none,29,36.2,True,flat,2.6,94.9,527.1,1556,32.82
-5.3,83,19.0,none,26,105.3,True,hilly,1.7,64.9,360.5,2053,41.79
14.5,55,70.1,snow,32,85.7,True,flat,8.4,42.6,292.0,1807,29.17
22.6,46,54.3,none,13,35.7,False,mountainous,5.3,40.1,262.8,1537,21.5
17.5,94,22.4,none,74,76.8,False,hilly,3.4,80.6,526.4,2434,14.13
-16.1,56,19.4,none,38,33.9,True,flat,5.1,76.7,459.1,1547,46.97
4.6,52,1.4,none,73,65.4,True,hilly,0.8,86.2,538.3,1999,27.04
25.4,71,27.7,snow,69,66.3,False,hilly,1.1,85.0,558.4,2216,14.48
3.3,34,42.1,none,16,112.3,True,flat,7.6,40.2,222.3,2021,35.38
7.6,39,22.2,none,38,103.5,True,mountainous,9.0,50.0,279.3,2484,40.76
24.0,94,56.0,snow,61,119.7,False,flat,3.2,59.6,403.0,2105,22.48
16.3,71,32.9,none,93,44.1,False,flat,4.1,43.7,238.5,2085,3.86
-1.3,84,25.3,rain,46,83.4,True,flat,3.7,50.7,322.4,2131,38.51
32.7,34,75.1,none,55,32.0,True,hilly,4.8,74.9,512.1,2473,27.1
-18.6,59,21.0,none,78,112.6,True,flat,4.1,67.4,465.5,1826,64.55
39.7,97,31.9,none,82,66.7,True,mountainous,3.9,91.6,513.7,2337,27.49
-21.7,39,30.6,none,93,36.9,True,hilly,6.6,53.4,368.7,1586,63.19
-29.0,24,19.3,none,55,62.5,True,hilly,2.7,72.1,380.5,2157,65.0
32.3,56,17.4,snow,27,58.7,True,mountainous,9.4,91.7,503.0,2076,46.71
-12.9,45,24.2,none,79,106.6,True,hilly,3.1,43.6,253.2,2132,54.75
21.1,24,69.1,none,21,42.7,False,flat,2.1,92.2,601.1,1944,1.89
26.8,90,61.4,rain,48,85.6,False,flat,9.7,60.6,314.1,2205,14.97
30.1,99,54.5,none,67,109.4,True,hilly,2.3,91.6,498.6,2164,23.75
39.4,61,36.6,none,72,104.0,False,flat,5.4,80.9,481.7,2353,11.89
-9.4,80,40.6,none,76,123.6,True,hilly,3.3,80.4,413.9,2414,49.09
19.7,87,21.4,none,27,30.1,False,mountainous,0.8,42.9,244.6,1707,18.15
-21.9,73,5.9,none,98,65.4,True,flat,9.5,96.5,600.9,2242,65.0
-1.5,14,26.5,snow,26,67.0,True,flat,3.7,65.9,431.1,2045,37.28
29.4,24,39.6,none,19,33.3,False,hilly,6.4,46.5,279.1,1795,12.23
-4.3,16,4.6,none,70,111.7,True,hilly,8.6,86.0,507.2,1691,42.8
11.4,11,7.1,none,92,98.9,True,flat,5.5,92.0,521.1,1741,27.63
5.3,38,21.0,none,60,82.8,True,flat,7.1,95.8,549.4,1904,31.63
15.2,45,29.4,rain,64,70.5,False,flat,7.8,70.4,427.9,1984,12.85
38.1,32,31.5,none,58,119.5,True,hilly,3.8,64.2,372.0,1817,32.09
-26.1,16,9.4,rain,14,56.4,True,hilly,6.3,75.0,422.6,1877,65.0
10.2,58,18.1,none,71,63.5,True,flat,2.1,57.8,361.1,2412,17.09
30.4,35,20.9,none,42,125.3,True,flat,0.6,63.6,444.6,1691,15.79
3.7,82,5.4,rain,94,36.5,True,flat,9.9,72.3,404.2,1544,29.09
-24.5,11,26.1,none,27,108.1,True,flat,0.9,89.5,468.8,2243,65.0
9.2,86,5.8,none,37,101.8,True,hilly,4.3,91.2,482.9,1837,31.07
-6.8,96,56.3,rain,55,120.2,True,flat,0.7,47.9,297.5,1756,41.01
-19.2,74,30.9,none,53,39.1,True,mountainous,9.2,48.0,293.7,2447,65.0
29.4,76,26.1,none,46,127.0,True,flat,1.1,51.1,266.2,1869,19.13
6.5,94,10.1,none,38,32.9,True,hilly,7.9,75.8,441.1,1919,22.56
35.3,29,18.1,rain,23,63.8,True,hilly,7.2,52.2,350.0,2109,27.43
26.4,100,18.6,none,84,38.5,False,hilly,0.5,76.8,457.1,1894,5.67
18.5,80,78.8,snow,50,35.1,True,flat,7.2,83.5,548.2,2326,22.72
-29.6,75,66.8,none,62,126.5,True,flat,9.7,91.5,466.0,1948,65.0
-0.1,42,1.2,rain,59,102.0,True,hilly,5.2,92.0,550.6,1885,40.88
-16.2,59,49.3,none,62,80.6,False,hilly,2.9,52.9,351.6,2072,47.91
33.8,69,20.5,none,73,40.8,True,flat,5.4,58.7,364.4,2429,11.96
-17.8,66,8.4,none,67,82.6,True,flat,1.2,50.9,266.1,2034,54.91
-10.0,73,56.4,none,35,62.0,True,hilly,9.6,80.8,547.2,1810,47.97
6.2,17,10.5,none,60,57.2,True,hilly,3.7,81.2,436.1,1842,29.49
-11.6,42,35.5,none,32,91.8,True,flat,4.6,40.2,258.5,1697,40.34
-15.3,49,50.6,rain,63,109.1,True,mountainous,4.0,49.9,256.7,2127,65.0
11.9,33,44.4,none,49,74.3,True,hilly,0.3,60.1,365.2,1529,20.85
-23.8,26,78.2,snow,14,79.3,True,flat,0.3,52.4,293.7,2187,65.0
-25.9,23,62.9,none,76,95.1,False,flat,5.6,73.1,508.1,2397,65.0
-3.9,43,61.9,none,35,42.5,True,hilly,5.0,42.4,288.5,2151,37.79
20.4,54,28.4,rain,93,112.9,False,mountainous,9.9,89.6,526.8,2342,33.87
8.8,16,0.7,snow,35,113.7,True,flat,2.6,68.0,455.9,1585,34.67
-0.4,95,58.8,none,100,84.1,True,flat,3.7,75.6,414.4,2235,34.08
9.6,79,80.0,none,52,48.8,True,hilly,9.9,74.8,451.8,2258,32.37
-4.4,76,32.5,none,12,80.1,True,mountainous,0.5,67.0,446.3,1841,48.6
35.5,26,78.8,none,17,40.6,True,flat,6.4,74.0,471.6,2202,20.86
-26.2,64,11.3,rain,17,106.3,True,hilly,1.0,44.6,262.8,1933,65.0
17.1,58,23.7,none,15,61.1,False,flat,9.5,63.1,382.9,2220,10.1
32.4,98,13.7,none,34,61.1,True,flat,2.9,82.6,461.0,2197,16.23
26.3,77,38.0,none,39,124.5,False,hilly,8.1,62.0,379.7,1802,20.76
-17.1,62,63.8,none,20,72.2,True,flat,9.1,55.2,291.2,1528,61.68
-9.3,87,27.3,none,49,109.0,True,flat,8.5,73.9,481.4,2279,51.27
20.2,24,72.5,rain,43,93.7,False,flat,5.6,68.6,479.5,1794,15.92
-24.1,11,43.6,none,67,61.6,True,flat,9.7,72.0,367.5,2075,65.0
26.8,72,37.2,none,28,42.4,False,flat,6.8,97.5,642.1,2125,8.51
20.3,19,63.0,rain,92,109.8,False,flat,7.9,49.0,327.3,2385,18.46
21.1,20,8.1,none,56,106.3,False,mountainous,2.4,77.0,390.2,1529,23.58
-23.0,77,61.9,rain,66,46.9,True,hilly,4.2,41.8,258.1,2033,65.0
20.2,34,19.4,none,14,54.9,False,flat,6.0,78.8,534.9,2134,5.59
17.6,67,22.5,none,60,106.6,False,hilly,1.5,51.8,318.0,2111,13.74
28.2,93,48.0,none,43,128.4,False,flat,9.7,88.4,546.1,2259,18.35
-27.1,38,72.2,snow,93,114.4,True,flat,1.1,56.2,392.8,1561,65.0
-28.4,30,46.3,snow,90,98.4,True,hilly,7.3,64.1,435.4,1729,65.0
-3.9,20,51.9,none,67,121.5,True,flat,0.6,70.9,444.8,2141,34.46
-19.6,22,62.1,none,79,58.5,False,hilly,1.0,76.6,461.8,1838,52.43
9.1,16,20.7,none,68,31.0,True,hilly,6.2,57.9,312.0,1760,24.27
34.2,18,66.2,none,12,62.1,True,hilly,4.5,49.4,330.4,1877,28.82
-2.6,49,33.4,rain,73,127.2,True,flat,0.0,78.1,435.2,2366,35.4
29.1,39,14.1,none,26,118.2,False,flat,3.9,66.5,333.4,1713,9.87
-30.0,74,28.0,none,71,35.0,True,hilly,2.5,43.5,222.2,2300,65.0
-18.2,88,19.7,none,11,80.2,False,flat,8.7,72.2,389.5,1860,48.77
-27.9,81,18.3,none,38,37.9,True,flat,7.1,68.0,450.8,2169,65.0
-7.0,58,22.6,rain,57,108.9,True,flat,7.4,70.7,491.6,1644,53.23
33.6,19,14.5,none,40,67.3,True,flat,9.5,46.4,298.7,1667,25.58
-23.2,74,53.4,none,72,121.2,True,flat,7.1,68.4,364.6,1632,65.0
12.4,43,46.4,none,57,35.4,False,flat,1.6,84.7,570.1,2343,4.49
1.6,18,51.9,none,96,103.4,True,mountainous,9.4,48.0,317.5,2200,54.53
35.7,86,27.5,none,42,69.9,True,mountainous,1.1,77.4,518.5,2381,24.52
-21.4,40,61.6,snow,75,56.8,True,flat,1.9,50.7,271.7,2125,65.0
-15.2,30,10.4,none,85,81.7,True,flat,2.9,58.5,353.2,2143,45.9
-27.9,88,45.7,none,33,78.5,True,flat,1.8,61.8,386.2,2028,65.0
0.4,91,22.0,rain,78,64.9,True,hilly,0.2,85.8,545.3,1559,32.19
-10.6,41,42.2,none,45,94.9,True,flat,4.6,53.6,341.2,1535,46.11
30.9,42,25.9,none,22,96.1,True,flat,6.9,55.8,280.6,1993,20.24
12.3,62,63.2,none,10,37.7,False,flat,4.2,92.2,638.0,1996,14.56
13.0,76,71.3,none,77,89.5,True,flat,2.3,84.6,521.0,1724,20.99
7.2,16,59.4,none,27,101.1,True,flat,8.8,70.4,379.2,2088,26.54
-23.6,63,14.0,none,15,37.6,True,flat,3.9,59.0,385.1,2400,64.51
1.2,96,22.0,none,55,95.9,True,mountainous,8.4,87.5,447.0,2283,49.93
40.0,34,73.5,none,41,110.4,True,hilly,1.8,73.8,393.2,2067,23.29
28.5,92,35.0,none,72,113.2,False,flat,3.3,59.8,346.6,1762,10.09
32.5,96,75.3,none,20,34.2,True,flat,8.0,58.9,360.8,1739,22.15
27.6,34,31.4,none,22,99.7,False,flat,0.3,67.4,393.5,2332,3.9
-22.8,78,76.1,snow,46,109.7,True,hilly,9.2,96.9,543.5,1868,65.0
-14.1,31,74.1,snow,57,69.7,False,hilly,4.0,78.6,508.8,2114,52.48
-29.8,76,52.8,none,84,84.3,True,mountainous,9.8,80.8,404.9,2386,65.0
-8.8,82,0.7,rain,63,56.5,True,flat,7.0,63.2,401.8,1868,42.4
-22.4,32,32.0,none,91,61.0,True,flat,9.5,98.6,680.3,2203,65.0
3.1,74,72.9,rain,30,80.2,True,flat,0.7,64.4,341.5,2302,31.43
17.4,83,70.8,none,64,45.1,False,mountainous,7.2,40.7,273.3,1649,25.55
31.2,42,15.0,none,69,67.1,True,flat,8.8,88.1,473.0,1578,18.47
22.4,25,31.9,rain,75,60.1,False,hilly,9.9,70.8,413.4,2325,17.31
35.7,18,66.8,rain,99,53.8,True,flat,0.3,49.0,340.7,2402,16.73
-26.2,62,46.2,none,52,78.4,False,hilly,0.8,41.4,272.0,1903,65.0
-29.1,98,67.8,rain,43,113.9,True,hilly,7.3,99.5,569.2,1987,65.0
16.3,84,66.1,none,87,54.2,True,flat,0.4,78.8,449.3,2236,14.39
-9.7,49,72.6,none,26,96.0,True,flat,0.1,67.9,383.5,1693,45.83
-12.3,58,9.4,none,13,55.4,True,hilly,5.5,60.0,343.7,1514,51.03
-6.8,35,11.6,none,50,44.2,True,flat,5.3,44.3,308.2,2354,35.56
-11.1,25,6.6,rain,32,124.3,True,flat,6.1,78.7,447.3,2156,51.28
5.8,53,74.8,snow,46,93.3,False,flat,0.1,62.1,366.0,2181,21.0
0.8,52,38.0,none,99,40.5,True,mountainous,5.0,99.4,539.1,2078,46.2
5.9,57,5.1,none,41,93.3,True,flat,2.9,46.5,292.0,2061,27.7
17.1,96,25.7,rain,74,47.6,False,flat,7.6,54.8,365.0,2475,14.52
-2.9,64,28.1,none,33,118.8,True,flat,3.5,64.2,357.8,2130,35.09
-12.4,65,64.8,none,37,54.7,True,flat,3.6,87.8,476.6,1640,36.67
-18.4,22,58.8,none,32,110.7,True,flat,6.5,86.6,511.3,1768,55.64
-5.5,100,55.2,none,61,49.9,True,hilly,6.6,54.7,348.1,1777,48.61
21.9,80,1.7,rain,30,85.8,False,flat,0.6,61.7,358.5,1709,7.11
23.0,89,72.9,none,75,121.2,False,flat,6.3,43.5,230.6,2364,13.53
16.7,47,17.2,none,71,59.6,False,flat,6.6,62.7,336.1,2021,4.83
-13.6,55,50.3,rain,48,38.1,True,flat,4.6,50.1,279.3,1978,50.8
11.2,57,4.9,none,12,85.3,True,flat,8.3,95.2,634.7,2487,22.0
9.9,27,6.5,none,12,47.2,True,mountainous,0.1,88.5,532.5,1540,31.92
3.9,72,0.8,none,58,102.8,True,flat,9.7,49.9,308.2,1950,31.86
8.5,91,45.3,none,86,89.1,False,hilly,3.8,69.4,375.2,1714,18.04
4.4,25,50.4,rain,64,64.6,True,flat,6.0,97.5,615.1,1927,29.14
9.6,18,4.0,none,49,100.6,True,hilly,0.3,64.6,431.6,1662,26.27
20.1,76,23.2,rain,89,53.9,False,hilly,7.1,66.9,361.2,1644,15.35
-22.3,35,68.1,none,28,121.7,True,flat,5.4,60.5,309.5,1767,65.0
22.5,66,8.1,none,42,64.7,False,hilly,9.6,69.5,440.0,1625,15.07
-20.5,73,17.3,none,61,106.3,True,hilly,4.2,75.8,502.6,2448,65.0
-25.3,39,34.0,rain,36,55.9,True,flat,7.2,45.4,289.1,1625,65.0
38.3,83,67.4,none,100,101.5,True,flat,0.7,45.6,266.8,1966,22.63
37.0,59,20.4,none,51,33.2,True,hilly,0.6,86.1,543.3,2279,22.8
-25.8,88,79.8,none,15,59.6,False,flat,9.5,99.0,692.2,2345,65.0
1.0,79,28.4,none,26,39.3,True,flat,2.5,69.5,434.0,2461,35.75
-17.0,88,30.9,none,58,75.1,True,flat,9.1,91.7,555.3,2056,56.35
4.0,12,9.8,none,60,73.5,True,hilly,0.9,92.1,560.2,1812,31.51
28.1,32,54.4,rain,99,65.9,False,hilly,6.4,62.2,369.2,2138,16.01
36.5,18,19.5,snow,64,128.1,True,flat,5.5,59.7,380.8,2094,37.24
14.4,50,50.3,none,70,54.4,True,mountainous,9.7,83.8,560.4,2090,38.23
-5.2,90,17.9,none,29,109.1,False,flat,4.0,94.6,609.6,1856,30.31
12.2,52,31.0,none,20,74.7,True,hilly,0.5,91.2,497.2,2378,20.64
-8.2,86,68.5,none,64,63.5,True,flat,4.7,59.2,339.2,2055,42.84
33.7,39,59.1,none,88,50.3,True,hilly,8.2,61.3,379.0,2104,26.17
30.9,41,12.4,none,63,93.3,True,flat,0.5,84.2,588.1,1933,14.05
9.1,91,48.6,rain,50,63.4,True,flat,0.4,59.0,303.3,1732,19.5
-7.3,48,50.3,none,62,111.3,True,hilly,8.2,91.1,490.0,1724,51.55
-9.5,81,7.2,none,52,126.8,True,flat,8.2,70.6,462.1,2131,43.98
-27.7,31,37.3,snow,23,52.7,False,flat,2.0,57.6,309.9,1513,65.0
27.1,95,20.9,snow,77,42.9,False,flat,6.6,57.2,362.8,2433,16.89
1.5,62,37.4,none,58,61.6,True,hilly,0.6,87.0,608.3,1936,23.3
-7.2,78,62.2,none,46,76.7,True,hilly,7.7,47.5,298.2,2360,46.31
3.0,18,12.7,none,60,60.1,True,mountainous,3.1,95.9,571.5,1932,37.36
27.3,54,9.9,none,32,127.0,False,hilly,2.3,64.8,432.0,1617,17.0
-21.3,91,21.5,snow,49,107.9,True,hilly,6.8,90.6,593.1,1606,65.0
30.0,89,76.2,rain,66,126.6,True,flat,9.1,87.5,562.1,1501,31.86
32.8,14,59.8,rain,30,67.3,True,flat,0.4,86.8,454.1,1790,19.59
36.3,37,1.6,none,77,60.5,True,flat,1.4,80.5,504.0,1932,11.72
-2.2,50,32.1,none,57,70.7,True,flat,2.6,70.0,351.7,1524,28.02
-14.8,26,20.6,none,88,82.3,False,mountainous,9.3,63.4,324.1,1954,57.82
